source_row,poll_id,pollster_id,pollster,sponsor_ids,sponsors,display_name,pollster_rating_id,pollster_rating_name,fte_grade,methodology,state,start_date,end_date,sponsor_candidate_id,sponsor_candidate,sponsor_candidate_party,question_id,sample_size,population,subpopulation,population_full,tracking,created_at,notes,url,source,internal,partisan,race_id,cycle,office_type,seat_number,seat_name,election_date,stage,nationwide_batch,ranked_choice_reallocated,party,answer,candidate_id,candidate_name,pct
135,72774,1522,Swayable,,,Swayable,543,Swayable,C,Online,Texas,10/27/20,11/2/20,,,,136577,1042,lv,,lv,,11/2/20 22:16,,https://www.swayable.com/polls/2020-11-02-large.html,538,false,,6295,2020,U.S. Senate,2,Class II,11/3/20,general,false,false,DEM,Hegar,13459,Mary Jennings Hegar,43.5
136,72774,1522,Swayable,,,Swayable,543,Swayable,C,Online,Texas,10/27/20,11/2/20,,,,136577,1042,lv,,lv,,11/2/20 22:16,,https://www.swayable.com/polls/2020-11-02-large.html,538,false,,6295,2020,U.S. Senate,2,Class II,11/3/20,general,false,false,REP,Cornyn,13444,John Cornyn,56.5
185,72583,1515,Data for Progress,,,Data for Progress,522,Data for Progress,B,Online/Text,Texas,10/27/20,11/1/20,,,,136217,926,lv,,lv,,11/1/20 21:26,,https://filesforprogress.org/datasets/2020/11/2020-election-polls/toplines/dfp_tx_11.1.20.pdf,538,false,,6295,2020,U.S. Senate,2,Class II,11/3/20,general,false,false,DEM,Hegar,13459,Mary Jennings Hegar,47.0
186,72583,1515,Data for Progress,,,Data for Progress,522,Data for Progress,B,Online/Text,Texas,10/27/20,11/1/20,,,,136217,926,lv,,lv,,11/1/20 21:26,,https://filesforprogress.org/datasets/2020/11/2020-election-polls/toplines/dfp_tx_11.1.20.pdf,538,false,,6295,2020,U.S. Senate,2,Class II,11/3/20,general,false,false,REP,Cornyn,13444,John Cornyn,50.0
187,72583,1515,Data for Progress,,,Data for Progress,522,Data for Progress,B,Online/Text,Texas,10/27/20,11/1/20,,,,136217,926,lv,,lv,,11/1/20 21:26,,https://filesforprogress.org/datasets/2020/11/2020-election-polls/toplines/dfp_tx_11.1.20.pdf,538,false,,6295,2020,U.S. Senate,2,Class II,11/3/20,general,false,false,IND,Turullols-Bonilla,15683,Ricardo Turullols-Bonilla,2.0
188,72583,1515,Data for Progress,,,Data for Progress,522,Data for Progress,B,Online/Text,Texas,10/27/20,11/1/20,,,,136217,926,lv,,lv,,11/1/20 21:26,,https://filesforprogress.org/datasets/2020/11/2020-election-polls/toplines/dfp_tx_11.1.20.pdf,538,false,,6295,2020,U.S. Senate,2,Class II,11/3/20,general,false,false,LIB,McKennon,15835,Kerry Douglas McKennon,1.0
267,72518,1102,Emerson College Polling Society,,,Emerson College,88,Emerson College,A-,IVR/Online/Text,Texas,10/29/20,10/31/20,,,,136088,763,lv,,lv,,11/1/20 17:15,,https://emersonpolling.reportablenews.com/pr/super-poll-sunday-democrats-within-striking-distance-in-key-southern-states,538,false,,6295,2020,U.S. Senate,2,Class II,11/3/20,general,false,false,DEM,Hegar,13459,Mary Jennings Hegar,47.0
268,72518,1102,Emerson College Polling Society,,,Emerson College,88,Emerson College,A-,IVR/Online/Text,Texas,10/29/20,10/31/20,,,,136088,763,lv,,lv,,11/1/20 17:15,,https://emersonpolling.reportablenews.com/pr/super-poll-sunday-democrats-within-striking-distance-in-key-southern-states,538,false,,6295,2020,U.S. Senate,2,Class II,11/3/20,general,false,false,REP,Cornyn,13444,John Cornyn,51.0
281,72614,1189,Morning Consult,,,Morning Consult,218,Morning Consult,B,Online,Texas,10/22/20,10/31/20,,,,136276,3267,lv,,lv,TRUE,11/2/20 07:20,,https://morningconsult.com/form/2020-u-s-election-tracker/,538,false,,6295,2020,U.S. Senate,2,Class II,11/3/20,general,false,false,DEM,Hegar,13459,Mary Jennings Hegar,42.5
282,72614,1189,Morning Consult,,,Morning Consult,218,Morning Consult,B,Online,Texas,10/22/20,10/31/20,,,,136276,3267,lv,,lv,TRUE,11/2/20 07:20,,https://morningconsult.com/form/2020-u-s-election-tracker/,538,false,,6295,2020,U.S. Senate,2,Class II,11/3/20,general,false,false,REP,Cornyn,13444,John Cornyn,46.7
361,72229,1554,RMG Research,1475,PoliticalIQ,RMG Research,555,RMG Research,B-,IVR/Text,Texas,10/27/20,10/28/20,,,,135688,800,lv,,lv,,10/30/20 10:47,,http://politicaliq.com/2020/10/30/tx-senate-cornyn-r-48-hegar-d-42/,538,false,,6295,2020,U.S. Senate,2,Class II,11/3/20,general,false,false,DEM,Hegar,13459,Mary Jennings Hegar,42.0
362,72229,1554,RMG Research,1475,PoliticalIQ,RMG Research,555,RMG Research,B-,IVR/Text,Texas,10/27/20,10/28/20,,,,135688,800,lv,,lv,,10/30/20 10:47,,http://politicaliq.com/2020/10/30/tx-senate-cornyn-r-48-hegar-d-42/,538,false,,6295,2020,U.S. Senate,2,Class II,11/3/20,general,false,false,REP,Cornyn,13444,John Cornyn,48.0
369,72498,801,Gravis Marketing,,,Gravis Marketing,124,Gravis Marketing/Kaplan Strategies,B,IVR/Online,Texas,10/27/20,10/28/20,,,,136057,670,lv,,lv,,11/1/20 13:21,,https://gravismarketing.com/texas-poll/,538,false,,6295,2020,U.S. Senate,2,Class II,11/3/20,general,false,false,DEM,Hegar,13459,Mary Jennings Hegar,43.0
370,72498,801,Gravis Marketing,,,Gravis Marketing,124,Gravis Marketing/Kaplan Strategies,B,IVR/Online,Texas,10/27/20,10/28/20,,,,136057,670,lv,,lv,,11/1/20 13:21,,https://gravismarketing.com/texas-poll/,538,false,,6295,2020,U.S. Senate,2,Class II,11/3/20,general,false,false,REP,Cornyn,13444,John Cornyn,49.0
522,72308,1522,Swayable,,,Swayable,543,Swayable,C,Online,Texas,10/23/20,10/26/20,,,,135652,492,lv,,lv,,10/30/20 07:55,,https://www.swayable.com/polls/2020-10-28.html,538,false,,6295,2020,U.S. Senate,2,Class II,11/3/20,general,false,false,DEM,Hegar,13459,Mary Jennings Hegar,47.6
523,72308,1522,Swayable,,,Swayable,543,Swayable,C,Online,Texas,10/23/20,10/26/20,,,,135652,492,lv,,lv,,10/30/20 07:55,,https://www.swayable.com/polls/2020-10-28.html,538,false,,6295,2020,U.S. Senate,2,Class II,11/3/20,general,false,false,REP,Cornyn,13444,John Cornyn,52.4
528,72206,1234,U. Massachusetts - Lowell,,,University of Massachusetts Lowell,355,University of Massachusetts Lowell,B+,Online,Texas,10/20/20,10/26/20,,,,135451,873,lv,,lv,,10/29/20 12:46,,https://www.uml.edu/docs/2020-Texas-Oct-Topline_tcm18-331627.pdf,538,false,,6295,2020,U.S. Senate,2,Class II,11/3/20,general,false,false,DEM,Hegar,13459,Mary Jennings Hegar,44.0
529,72206,1234,U. Massachusetts - Lowell,,,University of Massachusetts Lowell,355,University of Massachusetts Lowell,B+,Online,Texas,10/20/20,10/26/20,,,,135451,873,lv,,lv,,10/29/20 12:46,,https://www.uml.edu/docs/2020-Texas-Oct-Topline_tcm18-331627.pdf,538,false,,6295,2020,U.S. Senate,2,Class II,11/3/20,general,false,false,REP,Cornyn,13444,John Cornyn,49.0
538,71957,1515,Data for Progress,"1155,1452",Crooked Media | Indivisible,Data for Progress,522,Data for Progress,B,Online,Texas,10/22/20,10/25/20,,,,134886,1018,lv,,lv,,10/26/20 11:53,,https://filesforprogress.org/memos/2020-senate-project/week-6/dfp_psp_tx_10.26.pdf,538,false,DEM,6295,2020,U.S. Senate,2,Class II,11/3/20,general,false,false,DEM,Hegar,13459,Mary Jennings Hegar,46.0
539,71957,1515,Data for Progress,"1155,1452",Crooked Media | Indivisible,Data for Progress,522,Data for Progress,B,Online,Texas,10/22/20,10/25/20,,,,134886,1018,lv,,lv,,10/26/20 11:53,,https://filesforprogress.org/memos/2020-senate-project/week-6/dfp_psp_tx_10.26.pdf,538,false,DEM,6295,2020,U.S. Senate,2,Class II,11/3/20,general,false,false,REP,Cornyn,13444,John Cornyn,48.0
540,71957,1515,Data for Progress,"1155,1452",Crooked Media | Indivisible,Data for Progress,522,Data for Progress,B,Online,Texas,10/22/20,10/25/20,,,,134886,1018,lv,,lv,,10/26/20 11:53,,https://filesforprogress.org/memos/2020-senate-project/week-6/dfp_psp_tx_10.26.pdf,538,false,DEM,6295,2020,U.S. Senate,2,Class II,11/3/20,general,false,false,IND,Turullols-Bonilla,15683,Ricardo Turullols-Bonilla,1.0
541,71957,1515,Data for Progress,"1155,1452",Crooked Media | Indivisible,Data for Progress,522,Data for Progress,B,Online,Texas,10/22/20,10/25/20,,,,134886,1018,lv,,lv,,10/26/20 11:53,,https://filesforprogress.org/memos/2020-senate-project/week-6/dfp_psp_tx_10.26.pdf,538,false,DEM,6295,2020,U.S. Senate,2,Class II,11/3/20,general,false,false,LIB,McKennon,15835,Kerry Douglas McKennon,1.0
554,71967,1424,Siena College/NYT Upshot,,,Siena College/The New York Times Upshot,448,Siena College/The New York Times Upshot,A+,Live Phone,Texas,10/20/20,10/25/20,,,,134908,802,lv,,lv,,10/26/20 13:03,,https://int.nyt.com/data/documenttools/tx102020-crosstabs-1/a1e2440aa9de6f2e/full.pdf,538,false,,6295,2020,U.S. Senate,2,Class II,11/3/20,general,false,false,DEM,Hegar,13459,Mary Jennings Hegar,38.0
555,71967,1424,Siena College/NYT Upshot,,,Siena College/The New York Times Upshot,448,Siena College/The New York Times Upshot,A+,Live Phone,Texas,10/20/20,10/25/20,,,,134908,802,lv,,lv,,10/26/20 13:03,,https://int.nyt.com/data/documenttools/tx102020-crosstabs-1/a1e2440aa9de6f2e/full.pdf,538,false,,6295,2020,U.S. Senate,2,Class II,11/3/20,general,false,false,REP,Cornyn,13444,John Cornyn,48.0
556,71967,1424,Siena College/NYT Upshot,,,Siena College/The New York Times Upshot,448,Siena College/The New York Times Upshot,A+,Live Phone,Texas,10/20/20,10/25/20,,,,134908,802,lv,,lv,,10/26/20 13:03,,https://int.nyt.com/data/documenttools/tx102020-crosstabs-1/a1e2440aa9de6f2e/full.pdf,538,false,,6295,2020,U.S. Senate,2,Class II,11/3/20,general,false,false,LIB,McKennon,15835,Kerry Douglas McKennon,4.0
563,72149,1499,Univision/University of Houston/Latino Decisions/North Star Opinion Research,"38,1245",Univision | University of Houston,University of Houston/Latino Decisions/North Star Opinion Research,516,Univision/Latino Decisions/North Star Opinion Research,B/C,Live Phone/Online,Texas,10/17/20,10/25/20,,,,135279,758,rv,,rv,,10/28/20 13:00,,https://st1.uvnimg.com/33/8f/ed1016da4a5fb16ec7e34cd5568a/univision-crosstabs-october-final.pdf,538,false,,6295,2020,U.S. Senate,2,Class II,11/3/20,general,false,false,DEM,Hegar,13459,Mary Jennings Hegar,40.0
564,72149,1499,Univision/University of Houston/Latino Decisions/North Star Opinion Research,"38,1245",Univision | University of Houston,University of Houston/Latino Decisions/North Star Opinion Research,516,Univision/Latino Decisions/North Star Opinion Research,B/C,Live Phone/Online,Texas,10/17/20,10/25/20,,,,135279,758,rv,,rv,,10/28/20 13:00,,https://st1.uvnimg.com/33/8f/ed1016da4a5fb16ec7e34cd5568a/univision-crosstabs-october-final.pdf,538,false,,6295,2020,U.S. Senate,2,Class II,11/3/20,general,false,false,REP,Cornyn,13444,John Cornyn,45.0
667,72186,1620,Citizen Data,,,Citizen Data,616,Citizen Data,B/C,IVR/Online,Texas,10/17/20,10/20/20,,,,135401,1000,lv,,lv,,10/29/20 08:18,,https://github.com/GetCitizenData/VoteByMail/blob/master/VoteByMail-Texas/Modeling/October/Corrected%20Texas%20VBM%20Toplines%2010_29_20.pdf,538,false,,6295,2020,U.S. Senate,2,Class II,11/3/20,general,false,false,DEM,Hegar,13459,Mary Jennings Hegar,40.62
668,72186,1620,Citizen Data,,,Citizen Data,616,Citizen Data,B/C,IVR/Online,Texas,10/17/20,10/20/20,,,,135401,1000,lv,,lv,,10/29/20 08:18,,https://github.com/GetCitizenData/VoteByMail/blob/master/VoteByMail-Texas/Modeling/October/Corrected%20Texas%20VBM%20Toplines%2010_29_20.pdf,538,false,,6295,2020,U.S. Senate,2,Class II,11/3/20,general,false,false,REP,Cornyn,13444,John Cornyn,40.82
682,71884,1474,University of Texas at Tyler,1164,Dallas Morning News,University of Texas at Tyler,458,University of Texas at Tyler,B/C,Live Phone/Online,Texas,10/13/20,10/20/20,,,,134739,1012,rv,,rv,,10/25/20 07:34,,https://www.uttyler.edu/politicalscience/files/oct2020-rv-codebook-dmn-uttyler-poll.pdf,538,false,,6295,2020,U.S. Senate,2,Class II,11/3/20,general,false,false,DEM,Hegar,13459,Mary Jennings Hegar,32.0
683,71884,1474,University of Texas at Tyler,1164,Dallas Morning News,University of Texas at Tyler,458,University of Texas at Tyler,B/C,Live Phone/Online,Texas,10/13/20,10/20/20,,,,134739,1012,rv,,rv,,10/25/20 07:34,,https://www.uttyler.edu/politicalscience/files/oct2020-rv-codebook-dmn-uttyler-poll.pdf,538,false,,6295,2020,U.S. Senate,2,Class II,11/3/20,general,false,false,REP,Cornyn,13444,John Cornyn,40.0
684,71884,1474,University of Texas at Tyler,1164,Dallas Morning News,University of Texas at Tyler,458,University of Texas at Tyler,B/C,Live Phone/Online,Texas,10/13/20,10/20/20,,,,134739,1012,rv,,rv,,10/25/20 07:34,,https://www.uttyler.edu/politicalscience/files/oct2020-rv-codebook-dmn-uttyler-poll.pdf,538,false,,6295,2020,U.S. Senate,2,Class II,11/3/20,general,false,false,LIB,McKennon,15835,Kerry Douglas McKennon,4.0
685,71884,1474,University of Texas at Tyler,1164,Dallas Morning News,University of Texas at Tyler,458,University of Texas at Tyler,B/C,Live Phone/Online,Texas,10/13/20,10/20/20,,,,134739,1012,rv,,rv,,10/25/20 07:34,,https://www.uttyler.edu/politicalscience/files/oct2020-rv-codebook-dmn-uttyler-poll.pdf,538,false,,6295,2020,U.S. Senate,2,Class II,11/3/20,general,false,false,GRE,Collins,15852,David B. Collins,2.0
686,71884,1474,University of Texas at Tyler,1164,Dallas Morning News,University of Texas at Tyler,458,University of Texas at Tyler,B/C,Live Phone/Online,Texas,10/13/20,10/20/20,,,,134740,925,lv,,lv,,10/25/20 07:34,,https://www.uttyler.edu/politicalscience/files/oct2020-lv-codebook-dmn-uttyler-poll.pdf,538,false,,6295,2020,U.S. Senate,2,Class II,11/3/20,general,false,false,DEM,Hegar,13459,Mary Jennings Hegar,34.0
687,71884,1474,University of Texas at Tyler,1164,Dallas Morning News,University of Texas at Tyler,458,University of Texas at Tyler,B/C,Live Phone/Online,Texas,10/13/20,10/20/20,,,,134740,925,lv,,lv,,10/25/20 07:34,,https://www.uttyler.edu/politicalscience/files/oct2020-lv-codebook-dmn-uttyler-poll.pdf,538,false,,6295,2020,U.S. Senate,2,Class II,11/3/20,general,false,false,REP,Cornyn,13444,John Cornyn,42.0
688,71884,1474,University of Texas at Tyler,1164,Dallas Morning News,University of Texas at Tyler,458,University of Texas at Tyler,B/C,Live Phone/Online,Texas,10/13/20,10/20/20,,,,134740,925,lv,,lv,,10/25/20 07:34,,https://www.uttyler.edu/politicalscience/files/oct2020-lv-codebook-dmn-uttyler-poll.pdf,538,false,,6295,2020,U.S. Senate,2,Class II,11/3/20,general,false,false,LIB,McKennon,15835,Kerry Douglas McKennon,3.0
689,71884,1474,University of Texas at Tyler,1164,Dallas Morning News,University of Texas at Tyler,458,University of Texas at Tyler,B/C,Live Phone/Online,Texas,10/13/20,10/20/20,,,,134740,925,lv,,lv,,10/25/20 07:34,,https://www.uttyler.edu/politicalscience/files/oct2020-lv-codebook-dmn-uttyler-poll.pdf,538,false,,6295,2020,U.S. Senate,2,Class II,11/3/20,general,false,false,GRE,Collins,15852,David B. Collins,2.0
690,71955,568,YouGov,1245,University of Houston,YouGov,391,YouGov,B+,Online,Texas,10/13/20,10/20/20,,,,134883,1000,lv,,lv,,10/26/20 10:44,,https://uh.edu/hobby/election2020/texas2020.pdf,538,false,,6295,2020,U.S. Senate,2,Class II,11/3/20,general,false,false,DEM,Hegar,13459,Mary Jennings Hegar,41.6
691,71955,568,YouGov,1245,University of Houston,YouGov,391,YouGov,B+,Online,Texas,10/13/20,10/20/20,,,,134883,1000,lv,,lv,,10/26/20 10:44,,https://uh.edu/hobby/election2020/texas2020.pdf,538,false,,6295,2020,U.S. Senate,2,Class II,11/3/20,general,false,false,REP,Cornyn,13444,John Cornyn,48.9
692,71955,568,YouGov,1245,University of Houston,YouGov,391,YouGov,B+,Online,Texas,10/13/20,10/20/20,,,,134883,1000,lv,,lv,,10/26/20 10:44,,https://uh.edu/hobby/election2020/texas2020.pdf,538,false,,6295,2020,U.S. Senate,2,Class II,11/3/20,general,false,false,LIB,McKennon,15835,Kerry Douglas McKennon,2.8
693,71955,568,YouGov,1245,University of Houston,YouGov,391,YouGov,B+,Online,Texas,10/13/20,10/20/20,,,,134883,1000,lv,,lv,,10/26/20 10:44,,https://uh.edu/hobby/election2020/texas2020.pdf,538,false,,6295,2020,U.S. Senate,2,Class II,11/3/20,general,false,false,GRE,Collins,15852,David B. Collins,1.1
706,71647,1189,Morning Consult,,,Morning Consult,218,Morning Consult,B,Online,Texas,10/11/20,10/20/20,,,,134232,3347,lv,,lv,TRUE,10/22/20 07:35,,https://morningconsult.com/form/2020-u-s-election-tracker/,538,false,,6295,2020,U.S. Senate,2,Class II,11/3/20,general,false,false,DEM,Hegar,13459,Mary Jennings Hegar,41.0
707,71647,1189,Morning Consult,,,Morning Consult,218,Morning Consult,B,Online,Texas,10/11/20,10/20/20,,,,134232,3347,lv,,lv,TRUE,10/22/20 07:35,,https://morningconsult.com/form/2020-u-s-election-tracker/,538,false,,6295,2020,U.S. Senate,2,Class II,11/3/20,general,false,false,REP,Cornyn,13444,John Cornyn,46.0
708,71458,1347,Cygnal Political,1479,Ready Education Network,Cygnal,67,Cygnal,B+,IVR/Live Phone/Text,Texas,10/18/20,10/19/20,,,,133839,600,lv,,lv,,10/20/20 13:39,,https://www.cygn.al/cygnal-poll-cornyn-leads-hegar-by-eight-points/,538,false,REP,6295,2020,U.S. Senate,2,Class II,11/3/20,general,false,false,DEM,Hegar,13459,Mary Jennings Hegar,40.8
709,71458,1347,Cygnal Political,1479,Ready Education Network,Cygnal,67,Cygnal,B+,IVR/Live Phone/Text,Texas,10/18/20,10/19/20,,,,133839,600,lv,,lv,,10/20/20 13:39,,https://www.cygn.al/cygnal-poll-cornyn-leads-hegar-by-eight-points/,538,false,REP,6295,2020,U.S. Senate,2,Class II,11/3/20,general,false,false,REP,Cornyn,13444,John Cornyn,48.9
710,71458,1347,Cygnal Political,1479,Ready Education Network,Cygnal,67,Cygnal,B+,IVR/Live Phone/Text,Texas,10/18/20,10/19/20,,,,133839,600,lv,,lv,,10/20/20 13:39,,https://www.cygn.al/cygnal-poll-cornyn-leads-hegar-by-eight-points/,538,false,REP,6295,2020,U.S. Senate,2,Class II,11/3/20,general,false,false,LIB,McKennon,15835,Kerry Douglas McKennon,2.8
711,71458,1347,Cygnal Political,1479,Ready Education Network,Cygnal,67,Cygnal,B+,IVR/Live Phone/Text,Texas,10/18/20,10/19/20,,,,133839,600,lv,,lv,,10/20/20 13:39,,https://www.cygn.al/cygnal-poll-cornyn-leads-hegar-by-eight-points/,538,false,REP,6295,2020,U.S. Senate,2,Class II,11/3/20,general,false,false,GRE,Collins,15852,David B. Collins,0.6
735,71556,396,Quinnipiac,,,Quinnipiac University,267,Quinnipiac University,A-,Live Phone,Texas,10/16/20,10/19/20,,,,134044,1145,lv,,lv,,10/21/20 14:02,,https://poll.qu.edu/Poll-Release?releaseid=3742,538,false,,6295,2020,U.S. Senate,2,Class II,11/3/20,general,false,false,DEM,Hegar,13459,Mary Jennings Hegar,43.0
736,71556,396,Quinnipiac,,,Quinnipiac University,267,Quinnipiac University,A-,Live Phone,Texas,10/16/20,10/19/20,,,,134044,1145,lv,,lv,,10/21/20 14:02,,https://poll.qu.edu/Poll-Release?releaseid=3742,538,false,,6295,2020,U.S. Senate,2,Class II,11/3/20,general,false,false,REP,Cornyn,13444,John Cornyn,49.0
776,71437,1515,Data for Progress,"1155,1452",Crooked Media | Indivisible,Data for Progress,522,Data for Progress,B,Online/Text,Texas,10/15/20,10/18/20,,,,133786,933,lv,,lv,,10/19/20 21:53,,https://filesforprogress.org/memos/2020-senate-project/week-5/toplines/tx.pdf,538,false,DEM,6295,2020,U.S. Senate,2,Class II,11/3/20,general,false,false,DEM,Hegar,13459,Mary Jennings Hegar,41.0
777,71437,1515,Data for Progress,"1155,1452",Crooked Media | Indivisible,Data for Progress,522,Data for Progress,B,Online/Text,Texas,10/15/20,10/18/20,,,,133786,933,lv,,lv,,10/19/20 21:53,,https://filesforprogress.org/memos/2020-senate-project/week-5/toplines/tx.pdf,538,false,DEM,6295,2020,U.S. Senate,2,Class II,11/3/20,general,false,false,REP,Cornyn,13444,John Cornyn,44.0
778,71437,1515,Data for Progress,"1155,1452",Crooked Media | Indivisible,Data for Progress,522,Data for Progress,B,Online/Text,Texas,10/15/20,10/18/20,,,,133786,933,lv,,lv,,10/19/20 21:53,,https://filesforprogress.org/memos/2020-senate-project/week-5/toplines/tx.pdf,538,false,DEM,6295,2020,U.S. Senate,2,Class II,11/3/20,general,false,false,IND,Turullols-Bonilla,15683,Ricardo Turullols-Bonilla,1.0
779,71437,1515,Data for Progress,"1155,1452",Crooked Media | Indivisible,Data for Progress,522,Data for Progress,B,Online/Text,Texas,10/15/20,10/18/20,,,,133786,933,lv,,lv,,10/19/20 21:53,,https://filesforprogress.org/memos/2020-senate-project/week-5/toplines/tx.pdf,538,false,DEM,6295,2020,U.S. Senate,2,Class II,11/3/20,general,false,false,LIB,McKennon,15835,Kerry Douglas McKennon,2.0
808,71169,383,PPP,,,Public Policy Polling,263,Public Policy Polling,A-,IVR/Text,Texas,10/14/20,10/15/20,,,,133244,712,v,,v,,10/16/20 09:20,,https://www.publicpolicypolling.com/wp-content/uploads/2020/10/TexasSenatePollOctober2020-1.pdf,538,false,,6295,2020,U.S. Senate,2,Class II,11/3/20,general,false,false,DEM,Hegar,13459,Mary Jennings Hegar,46.0
809,71169,383,PPP,,,Public Policy Polling,263,Public Policy Polling,A-,IVR/Text,Texas,10/14/20,10/15/20,,,,133244,712,v,,v,,10/16/20 09:20,,https://www.publicpolicypolling.com/wp-content/uploads/2020/10/TexasSenatePollOctober2020-1.pdf,538,false,,6295,2020,U.S. Senate,2,Class II,11/3/20,general,false,false,REP,Cornyn,13444,John Cornyn,49.0
966,70762,1189,Morning Consult,,,Morning Consult,218,Morning Consult,B,Online,Texas,10/2/20,10/11/20,,,,132382,3455,lv,,lv,TRUE,10/13/20 07:47,,https://morningconsult.com/form/2020-u-s-election-tracker/,538,false,,6295,2020,U.S. Senate,2,Class II,11/3/20,general,false,false,DEM,Hegar,13459,Mary Jennings Hegar,38.0
967,70762,1189,Morning Consult,,,Morning Consult,218,Morning Consult,B,Online,Texas,10/2/20,10/11/20,,,,132382,3455,lv,,lv,TRUE,10/13/20 07:47,,https://morningconsult.com/form/2020-u-s-election-tracker/,538,false,,6295,2020,U.S. Senate,2,Class II,11/3/20,general,false,false,REP,Cornyn,13444,John Cornyn,47.0
1022,70682,1226,Crosswind Media & Public Relations,,,Crosswind Media & Public Relations,277,Rasmussen Reports/Pulse Opinion Research,B,IVR,Texas,10/5/20,10/6/20,,,,132201,1000,lv,,lv,,10/8/20 15:04,,https://crosswindpr.com/texas-statewide-poll-shows-trump-leading-biden-7-among-likely-voters/,538,false,,6295,2020,U.S. Senate,2,Class II,11/3/20,general,false,false,DEM,Hegar,13459,Mary Jennings Hegar,39.0
1023,70682,1226,Crosswind Media & Public Relations,,,Crosswind Media & Public Relations,277,Rasmussen Reports/Pulse Opinion Research,B,IVR,Texas,10/5/20,10/6/20,,,,132201,1000,lv,,lv,,10/8/20 15:04,,https://crosswindpr.com/texas-statewide-poll-shows-trump-leading-biden-7-among-likely-voters/,538,false,,6295,2020,U.S. Senate,2,Class II,11/3/20,general,false,false,REP,Cornyn,13444,John Cornyn,48.0
1028,70630,1447,Civiqs,185,Daily Kos,Civiqs,471,Civiqs,B-,Online,Texas,10/3/20,10/6/20,,,,132069,895,lv,,lv,,10/7/20 08:26,,https://civiqs.com/documents/Civiqs_DailyKos_TX_banner_book_2020_10_cm5k3s.pdf,538,false,,6295,2020,U.S. Senate,2,Class II,11/3/20,general,false,false,DEM,Hegar,13459,Mary Jennings Hegar,46.0
1029,70630,1447,Civiqs,185,Daily Kos,Civiqs,471,Civiqs,B-,Online,Texas,10/3/20,10/6/20,,,,132069,895,lv,,lv,,10/7/20 08:26,,https://civiqs.com/documents/Civiqs_DailyKos_TX_banner_book_2020_10_cm5k3s.pdf,538,false,,6295,2020,U.S. Senate,2,Class II,11/3/20,general,false,false,REP,Cornyn,13444,John Cornyn,47.0
1030,70630,1447,Civiqs,185,Daily Kos,Civiqs,471,Civiqs,B-,Online,Texas,10/3/20,10/6/20,,,,132069,895,lv,,lv,,10/7/20 08:26,,https://civiqs.com/documents/Civiqs_DailyKos_TX_banner_book_2020_10_cm5k3s.pdf,538,false,,6295,2020,U.S. Senate,2,Class II,11/3/20,general,false,false,LIB,McKennon,15835,Kerry Douglas McKennon,2.0
1031,70630,1447,Civiqs,185,Daily Kos,Civiqs,471,Civiqs,B-,Online,Texas,10/3/20,10/6/20,,,,132069,895,lv,,lv,,10/7/20 08:26,,https://civiqs.com/documents/Civiqs_DailyKos_TX_banner_book_2020_10_cm5k3s.pdf,538,false,,6295,2020,U.S. Senate,2,Class II,11/3/20,general,false,false,GRE,Collins,15852,David B. Collins,1.0
1079,70658,1515,Data for Progress,"1155,1452",Crooked Media | Indivisible,Data for Progress,522,Data for Progress,B,Online/Text,Texas,9/30/20,10/5/20,,,,132129,1949,lv,,lv,,10/7/20 18:23,,https://filesforprogress.org/memos/2020-senate-project/week-3/TX.pdf,538,false,DEM,6295,2020,U.S. Senate,2,Class II,11/3/20,general,false,false,DEM,Hegar,13459,Mary Jennings Hegar,42.0
1080,70658,1515,Data for Progress,"1155,1452",Crooked Media | Indivisible,Data for Progress,522,Data for Progress,B,Online/Text,Texas,9/30/20,10/5/20,,,,132129,1949,lv,,lv,,10/7/20 18:23,,https://filesforprogress.org/memos/2020-senate-project/week-3/TX.pdf,538,false,DEM,6295,2020,U.S. Senate,2,Class II,11/3/20,general,false,false,REP,Cornyn,13444,John Cornyn,45.0
1081,70658,1515,Data for Progress,"1155,1452",Crooked Media | Indivisible,Data for Progress,522,Data for Progress,B,Online/Text,Texas,9/30/20,10/5/20,,,,132129,1949,lv,,lv,,10/7/20 18:23,,https://filesforprogress.org/memos/2020-senate-project/week-3/TX.pdf,538,false,DEM,6295,2020,U.S. Senate,2,Class II,11/3/20,general,false,false,LIB,McKennon,15835,Kerry Douglas McKennon,2.0
1082,70658,1515,Data for Progress,"1155,1452",Crooked Media | Indivisible,Data for Progress,522,Data for Progress,B,Online/Text,Texas,9/30/20,10/5/20,,,,132129,1949,lv,,lv,,10/7/20 18:23,,https://filesforprogress.org/memos/2020-senate-project/week-3/TX.pdf,538,false,DEM,6295,2020,U.S. Senate,2,Class II,11/3/20,general,false,false,IND,Turullols-Bonilla,15683,Ricardo Turullols-Bonilla,1.0
1111,70694,568,YouGov,"216,406",Texas Tribune | University of Texas,YouGov,391,YouGov,B+,Online,Texas,9/25/20,10/4/20,,,,132240,908,lv,,lv,,10/9/20 07:55,,https://static.texastribune.org/media/files/922524cf3ab155eb04b70075f96948ab/uttt-2020-10-day1topline.pdf?_ga=2.167788513.1578857801.1602243186-1274457702.1602243185,538,false,,6295,2020,U.S. Senate,2,Class II,11/3/20,general,false,false,DEM,Hegar,13459,Mary Jennings Hegar,42.0
1112,70694,568,YouGov,"216,406",Texas Tribune | University of Texas,YouGov,391,YouGov,B+,Online,Texas,9/25/20,10/4/20,,,,132240,908,lv,,lv,,10/9/20 07:55,,https://static.texastribune.org/media/files/922524cf3ab155eb04b70075f96948ab/uttt-2020-10-day1topline.pdf?_ga=2.167788513.1578857801.1602243186-1274457702.1602243185,538,false,,6295,2020,U.S. Senate,2,Class II,11/3/20,general,false,false,REP,Cornyn,13444,John Cornyn,50.0
1113,70694,568,YouGov,"216,406",Texas Tribune | University of Texas,YouGov,391,YouGov,B+,Online,Texas,9/25/20,10/4/20,,,,132240,908,lv,,lv,,10/9/20 07:55,,https://static.texastribune.org/media/files/922524cf3ab155eb04b70075f96948ab/uttt-2020-10-day1topline.pdf?_ga=2.167788513.1578857801.1602243186-1274457702.1602243185,538,false,,6295,2020,U.S. Senate,2,Class II,11/3/20,general,false,false,LIB,McKennon,15835,Kerry Douglas McKennon,3.0
1244,70046,1234,U. Massachusetts - Lowell,,,University of Massachusetts Lowell,355,University of Massachusetts Lowell,B+,Online,Texas,9/18/20,9/25/20,,,,130476,882,lv,,lv,,9/29/20 13:51,,https://www.uml.edu/docs/2020-Texas-Sept-Topline_tcm18-330588.pdf,538,false,,6295,2020,U.S. Senate,2,Class II,11/3/20,general,false,false,DEM,Hegar,13459,Mary Jennings Hegar,40.0
1245,70046,1234,U. Massachusetts - Lowell,,,University of Massachusetts Lowell,355,University of Massachusetts Lowell,B+,Online,Texas,9/18/20,9/25/20,,,,130476,882,lv,,lv,,9/29/20 13:51,,https://www.uml.edu/docs/2020-Texas-Sept-Topline_tcm18-330588.pdf,538,false,,6295,2020,U.S. Senate,2,Class II,11/3/20,general,false,false,REP,Cornyn,13444,John Cornyn,50.0
1289,69711,1424,Siena College/NYT Upshot,,,Siena College/The New York Times Upshot,448,Siena College/The New York Times Upshot,A+,Live Phone,Texas,9/16/20,9/22/20,,,,129986,653,lv,,lv,,9/24/20 05:06,,https://int.nyt.com/data/documenttools/ga-ia-tx-crosstabs/ca61e64eaef883ac/full.pdf,538,false,,6295,2020,U.S. Senate,2,Class II,11/3/20,general,false,false,DEM,Hegar,13459,Mary Jennings Hegar,37.0
1290,69711,1424,Siena College/NYT Upshot,,,Siena College/The New York Times Upshot,448,Siena College/The New York Times Upshot,A+,Live Phone,Texas,9/16/20,9/22/20,,,,129986,653,lv,,lv,,9/24/20 05:06,,https://int.nyt.com/data/documenttools/ga-ia-tx-crosstabs/ca61e64eaef883ac/full.pdf,538,false,,6295,2020,U.S. Senate,2,Class II,11/3/20,general,false,false,REP,Cornyn,13444,John Cornyn,43.0
1291,69711,1424,Siena College/NYT Upshot,,,Siena College/The New York Times Upshot,448,Siena College/The New York Times Upshot,A+,Live Phone,Texas,9/16/20,9/22/20,,,,129986,653,lv,,lv,,9/24/20 05:06,,https://int.nyt.com/data/documenttools/ga-ia-tx-crosstabs/ca61e64eaef883ac/full.pdf,538,false,,6295,2020,U.S. Senate,2,Class II,11/3/20,general,false,false,LIB,McKennon,15835,Kerry Douglas McKennon,4.0
1294,69975,1515,Data for Progress,1455,Defend Students Action Fund,Data for Progress,522,Data for Progress,B,Online,Texas,9/15/20,9/22/20,,,,130315,726,lv,,lv,,9/25/20 10:13,,https://filesforprogress.org/memos/student-debt-project-electoral.pdf,538,false,,6295,2020,U.S. Senate,2,Class II,11/3/20,general,false,false,DEM,Hegar,13459,Mary Jennings Hegar,38.0
1295,69975,1515,Data for Progress,1455,Defend Students Action Fund,Data for Progress,522,Data for Progress,B,Online,Texas,9/15/20,9/22/20,,,,130315,726,lv,,lv,,9/25/20 10:13,,https://filesforprogress.org/memos/student-debt-project-electoral.pdf,538,false,,6295,2020,U.S. Senate,2,Class II,11/3/20,general,false,false,REP,Cornyn,13444,John Cornyn,40.0
1325,69955,396,Quinnipiac,,,Quinnipiac University,267,Quinnipiac University,A-,Live Phone,Texas,9/17/20,9/21/20,,,,130272,1078,lv,,lv,,9/24/20 14:02,,https://poll.qu.edu/Poll-Release?releaseid=3754,538,false,,6295,2020,U.S. Senate,2,Class II,11/3/20,general,false,false,DEM,Hegar,13459,Mary Jennings Hegar,42.0
1326,69955,396,Quinnipiac,,,Quinnipiac University,267,Quinnipiac University,A-,Live Phone,Texas,9/17/20,9/21/20,,,,130272,1078,lv,,lv,,9/24/20 14:02,,https://poll.qu.edu/Poll-Release?releaseid=3754,538,false,,6295,2020,U.S. Senate,2,Class II,11/3/20,general,false,false,REP,Cornyn,13444,John Cornyn,50.0
1374,69642,1189,Morning Consult,,,Morning Consult,218,Morning Consult,B,Online,Texas,9/11/20,9/20/20,,,,129835,2616,lv,,lv,TRUE,9/22/20 06:03,,https://morningconsult.com/2020/09/22/majority-makers-south-carolina-senate-harrison-graham/,538,false,,6295,2020,U.S. Senate,2,Class II,11/3/20,general,false,false,DEM,Hegar,13459,Mary Jennings Hegar,39.0
1375,69642,1189,Morning Consult,,,Morning Consult,218,Morning Consult,B,Online,Texas,9/11/20,9/20/20,,,,129835,2616,lv,,lv,TRUE,9/22/20 06:03,,https://morningconsult.com/2020/09/22/majority-makers-south-carolina-senate-harrison-graham/,538,false,,6295,2020,U.S. Senate,2,Class II,11/3/20,general,false,false,REP,Cornyn,13444,John Cornyn,45.0
1420,69565,568,YouGov,133,CBS News,YouGov,391,YouGov,B+,Online,Texas,9/15/20,9/18/20,,,,129608,1129,lv,,lv,,9/20/20 10:33,,https://drive.google.com/file/d/1ZsMPYa9d2L2vg4YYk-DFcwlXosTMmMYP/view,538,false,,6295,2020,U.S. Senate,2,Class II,11/3/20,general,false,false,DEM,Hegar,13459,Mary Jennings Hegar,41.0
1421,69565,568,YouGov,133,CBS News,YouGov,391,YouGov,B+,Online,Texas,9/15/20,9/18/20,,,,129608,1129,lv,,lv,,9/20/20 10:33,,https://drive.google.com/file/d/1ZsMPYa9d2L2vg4YYk-DFcwlXosTMmMYP/view,538,false,,6295,2020,U.S. Senate,2,Class II,11/3/20,general,false,false,REP,Cornyn,13444,John Cornyn,46.0
1440,70770,1189,Morning Consult,,,Morning Consult,218,Morning Consult,B,Online,Texas,9/8/20,9/17/20,,,,132389,2555,lv,,lv,TRUE,10/13/20 08:02,,https://morningconsult.com/2020/10/13/senate-graham-harrison-supreme-court-polling/,538,false,,6295,2020,U.S. Senate,2,Class II,11/3/20,general,false,false,DEM,Hegar,13459,Mary Jennings Hegar,38.45
1441,70770,1189,Morning Consult,,,Morning Consult,218,Morning Consult,B,Online,Texas,9/8/20,9/17/20,,,,132389,2555,lv,,lv,TRUE,10/13/20 08:02,,https://morningconsult.com/2020/10/13/senate-graham-harrison-supreme-court-polling/,538,false,,6295,2020,U.S. Senate,2,Class II,11/3/20,general,false,false,REP,Cornyn,13444,John Cornyn,44.95
1601,68513,383,PPP,1011,Giffords,Public Policy Polling,263,Public Policy Polling,A-,IVR/Text,Texas,9/1/20,9/2/20,,,,128273,743,v,,v,,9/8/20 13:44,,https://giffords.org/wp-content/uploads/2020/09/TexasResults1.pdf,538,false,DEM,6295,2020,U.S. Senate,2,Class II,11/3/20,general,false,false,DEM,Hegar,13459,Mary Jennings Hegar,40.0
1602,68513,383,PPP,1011,Giffords,Public Policy Polling,263,Public Policy Polling,A-,IVR/Text,Texas,9/1/20,9/2/20,,,,128273,743,v,,v,,9/8/20 13:44,,https://giffords.org/wp-content/uploads/2020/09/TexasResults1.pdf,538,false,DEM,6295,2020,U.S. Senate,2,Class II,11/3/20,general,false,false,REP,Cornyn,13444,John Cornyn,44.0
1618,68492,1474,University of Texas at Tyler,1164,Dallas Morning News,University of Texas at Tyler,458,University of Texas at Tyler,B/C,Live Phone/Online,Texas,8/28/20,9/2/20,,,,128224,1176,rv,,rv,,9/6/20 05:46,,https://www.scribd.com/document/475037655/Aug28-Sept2-DMN-UTTyler-2020-Poll-Codebook-4,538,false,,6295,2020,U.S. Senate,2,Class II,11/3/20,general,false,false,DEM,Hegar,13459,Mary Jennings Hegar,24.0
1619,68492,1474,University of Texas at Tyler,1164,Dallas Morning News,University of Texas at Tyler,458,University of Texas at Tyler,B/C,Live Phone/Online,Texas,8/28/20,9/2/20,,,,128224,1176,rv,,rv,,9/6/20 05:46,,https://www.scribd.com/document/475037655/Aug28-Sept2-DMN-UTTyler-2020-Poll-Codebook-4,538,false,,6295,2020,U.S. Senate,2,Class II,11/3/20,general,false,false,REP,Cornyn,13444,John Cornyn,34.0
1620,68492,1474,University of Texas at Tyler,1164,Dallas Morning News,University of Texas at Tyler,458,University of Texas at Tyler,B/C,Live Phone/Online,Texas,8/28/20,9/2/20,,,,128224,1176,rv,,rv,,9/6/20 05:46,,https://www.scribd.com/document/475037655/Aug28-Sept2-DMN-UTTyler-2020-Poll-Codebook-4,538,false,,6295,2020,U.S. Senate,2,Class II,11/3/20,general,false,false,LIB,McKennon,15835,Kerry Douglas McKennon,3.0
1621,68492,1474,University of Texas at Tyler,1164,Dallas Morning News,University of Texas at Tyler,458,University of Texas at Tyler,B/C,Live Phone/Online,Texas,8/28/20,9/2/20,,,,128224,1176,rv,,rv,,9/6/20 05:46,,https://www.scribd.com/document/475037655/Aug28-Sept2-DMN-UTTyler-2020-Poll-Codebook-4,538,false,,6295,2020,U.S. Senate,2,Class II,11/3/20,general,false,false,GRE,Collins,15852,David B. Collins,3.0
1622,68492,1474,University of Texas at Tyler,1164,Dallas Morning News,University of Texas at Tyler,458,University of Texas at Tyler,B/C,Live Phone/Online,Texas,8/28/20,9/2/20,,,,128225,901,lv,,lv,,9/6/20 05:46,,https://www.scribd.com/document/475037655/Aug28-Sept2-DMN-UTTyler-2020-Poll-Codebook-4,538,false,,6295,2020,U.S. Senate,2,Class II,11/3/20,general,false,false,DEM,Hegar,13459,Mary Jennings Hegar,28.0
1623,68492,1474,University of Texas at Tyler,1164,Dallas Morning News,University of Texas at Tyler,458,University of Texas at Tyler,B/C,Live Phone/Online,Texas,8/28/20,9/2/20,,,,128225,901,lv,,lv,,9/6/20 05:46,,https://www.scribd.com/document/475037655/Aug28-Sept2-DMN-UTTyler-2020-Poll-Codebook-4,538,false,,6295,2020,U.S. Senate,2,Class II,11/3/20,general,false,false,REP,Cornyn,13444,John Cornyn,39.0
1624,68492,1474,University of Texas at Tyler,1164,Dallas Morning News,University of Texas at Tyler,458,University of Texas at Tyler,B/C,Live Phone/Online,Texas,8/28/20,9/2/20,,,,128225,901,lv,,lv,,9/6/20 05:46,,https://www.scribd.com/document/475037655/Aug28-Sept2-DMN-UTTyler-2020-Poll-Codebook-4,538,false,,6295,2020,U.S. Senate,2,Class II,11/3/20,general,false,false,LIB,McKennon,15835,Kerry Douglas McKennon,3.0
1625,68492,1474,University of Texas at Tyler,1164,Dallas Morning News,University of Texas at Tyler,458,University of Texas at Tyler,B/C,Live Phone/Online,Texas,8/28/20,9/2/20,,,,128225,901,lv,,lv,,9/6/20 05:46,,https://www.scribd.com/document/475037655/Aug28-Sept2-DMN-UTTyler-2020-Poll-Codebook-4,538,false,,6295,2020,U.S. Senate,2,Class II,11/3/20,general,false,false,GRE,Collins,15852,David B. Collins,2.0
1685,68480,1515,Data for Progress,"1439,1440,1441",Jolt Initiative | MOVE Texas | Texas Rising,Data for Progress,522,Data for Progress,B,Online,Texas,8/20/20,8/25/20,,,,128199,2295,lv,,lv,,9/4/20 13:42,,https://filesforprogress.org/datasets/2020/9/dfp_tx_survey_key_findings_sept4.pdf,538,false,,6295,2020,U.S. Senate,2,Class II,11/3/20,general,false,false,DEM,Hegar,13459,Mary Jennings Hegar,40.0
1686,68480,1515,Data for Progress,"1439,1440,1441",Jolt Initiative | MOVE Texas | Texas Rising,Data for Progress,522,Data for Progress,B,Online,Texas,8/20/20,8/25/20,,,,128199,2295,lv,,lv,,9/4/20 13:42,,https://filesforprogress.org/datasets/2020/9/dfp_tx_survey_key_findings_sept4.pdf,538,false,,6295,2020,U.S. Senate,2,Class II,11/3/20,general,false,false,REP,Cornyn,13444,John Cornyn,46.0
1687,69578,1571,The Tyson Group,229,Consumer Energy Alliance,The Tyson Group,334,The Tyson Group,B/C,Live Phone,Texas,8/20/20,8/25/20,,,,129667,906,lv,,lv,,9/21/20 09:19,,https://projects.fivethirtyeight.com/polls/20200921_TX.pdf,538,false,,6295,2020,U.S. Senate,2,Class II,11/3/20,general,false,false,DEM,Hegar,13459,Mary Jennings Hegar,42.0
1688,69578,1571,The Tyson Group,229,Consumer Energy Alliance,The Tyson Group,334,The Tyson Group,B/C,Live Phone,Texas,8/20/20,8/25/20,,,,129667,906,lv,,lv,,9/21/20 09:19,,https://projects.fivethirtyeight.com/polls/20200921_TX.pdf,538,false,,6295,2020,U.S. Senate,2,Class II,11/3/20,general,false,false,REP,Cornyn,13444,John Cornyn,44.0
1721,68082,568,YouGov,"1164,1428,1429",Dallas Morning News | Texas Hispanic Policy Foundation | Rice University,YouGov,391,YouGov,B+,Online,Texas,8/4/20,8/13/20,,,,127527,846,rv,,rv,,8/17/20 09:32,,https://www.txhpf.org/wp-content/uploads/2020/08/THPFFinalAug17.pdf,538,false,,6295,2020,U.S. Senate,2,Class II,11/3/20,general,false,false,DEM,Hegar,13459,Mary Jennings Hegar,37.4
1722,68082,568,YouGov,"1164,1428,1429",Dallas Morning News | Texas Hispanic Policy Foundation | Rice University,YouGov,391,YouGov,B+,Online,Texas,8/4/20,8/13/20,,,,127527,846,rv,,rv,,8/17/20 09:32,,https://www.txhpf.org/wp-content/uploads/2020/08/THPFFinalAug17.pdf,538,false,,6295,2020,U.S. Senate,2,Class II,11/3/20,general,false,false,REP,Cornyn,13444,John Cornyn,44.4
1723,68082,568,YouGov,"1164,1428,1429",Dallas Morning News | Texas Hispanic Policy Foundation | Rice University,YouGov,391,YouGov,B+,Online,Texas,8/4/20,8/13/20,,,,127527,846,rv,,rv,,8/17/20 09:32,,https://www.txhpf.org/wp-content/uploads/2020/08/THPFFinalAug17.pdf,538,false,,6295,2020,U.S. Senate,2,Class II,11/3/20,general,false,false,LIB,McKennon,15835,Kerry Douglas McKennon,3.3
1724,68082,568,YouGov,"1164,1428,1429",Dallas Morning News | Texas Hispanic Policy Foundation | Rice University,YouGov,391,YouGov,B+,Online,Texas,8/4/20,8/13/20,,,,127527,846,rv,,rv,,8/17/20 09:32,,https://www.txhpf.org/wp-content/uploads/2020/08/THPFFinalAug17.pdf,538,false,,6295,2020,U.S. Senate,2,Class II,11/3/20,general,false,false,GRE,Collins,15852,David B. Collins,2.0
1801,67882,1189,Morning Consult,,,Morning Consult,218,Morning Consult,B,Online,Texas,7/24/20,8/2/20,,,,127096,2576,lv,,lv,TRUE,8/4/20 06:21,,https://morningconsult.com/2020/08/04/senate-presidential-polling-alabama-kentucky-sc-texas/,538,false,,6295,2020,U.S. Senate,2,Class II,11/3/20,general,false,false,DEM,Hegar,13459,Mary Jennings Hegar,38.0
1802,67882,1189,Morning Consult,,,Morning Consult,218,Morning Consult,B,Online,Texas,7/24/20,8/2/20,,,,127096,2576,lv,,lv,TRUE,8/4/20 06:21,,https://morningconsult.com/2020/08/04/senate-presidential-polling-alabama-kentucky-sc-texas/,538,false,,6295,2020,U.S. Senate,2,Class II,11/3/20,general,false,false,REP,Cornyn,13444,John Cornyn,44.0
1836,67883,1598,Global Strategy Group/Latino Decisions,24,DSCC,Global Strategy Group/Latino Decisions,595,Global Strategy Group/Latino Decisions,,Live Phone/Online,Texas,7/25/20,7/29/20,,,,127097,700,lv,,lv,,8/4/20 06:24,,https://www.politico.com/f/?id=00000173-b621-d8c4-a7f7-f76173a60000,538,true,DEM,6295,2020,U.S. Senate,2,Class II,11/3/20,general,false,false,DEM,Hegar,13459,Mary Jennings Hegar,42.0
1837,67883,1598,Global Strategy Group/Latino Decisions,24,DSCC,Global Strategy Group/Latino Decisions,595,Global Strategy Group/Latino Decisions,,Live Phone/Online,Texas,7/25/20,7/29/20,,,,127097,700,lv,,lv,,8/4/20 06:24,,https://www.politico.com/f/?id=00000173-b621-d8c4-a7f7-f76173a60000,538,true,DEM,6295,2020,U.S. Senate,2,Class II,11/3/20,general,false,false,REP,Cornyn,13444,John Cornyn,43.0
1922,67617,396,Quinnipiac,,,Quinnipiac University,267,Quinnipiac University,A-,Live Phone,Texas,7/16/20,7/20/20,,,,126514,880,rv,,rv,,7/22/20 14:01,,https://poll.qu.edu/Poll-Release?releaseid=3782,538,false,,6295,2020,U.S. Senate,2,Class II,11/3/20,general,false,false,DEM,Hegar,13459,Mary Jennings Hegar,38.0
1923,67617,396,Quinnipiac,,,Quinnipiac University,267,Quinnipiac University,A-,Live Phone,Texas,7/16/20,7/20/20,,,,126514,880,rv,,rv,,7/22/20 14:01,,https://poll.qu.edu/Poll-Release?releaseid=3782,538,false,,6295,2020,U.S. Senate,2,Class II,11/3/20,general,false,false,REP,Cornyn,13444,John Cornyn,47.0
1924,67629,1488,Spry Strategies,1260,American Principles Project,Spry Strategies,508,Spry Strategies,B/C,IVR/Online,Texas,7/16/20,7/20/20,,,,126539,750,lv,,lv,,7/22/20 18:48,,https://americanprinciplesproject.org/wp-content/uploads/2020/07/APP.Texas_.pdf,538,false,REP,6295,2020,U.S. Senate,2,Class II,11/3/20,general,false,false,DEM,Hegar,13459,Mary Jennings Hegar,37.27
1925,67629,1488,Spry Strategies,1260,American Principles Project,Spry Strategies,508,Spry Strategies,B/C,IVR/Online,Texas,7/16/20,7/20/20,,,,126539,750,lv,,lv,,7/22/20 18:48,,https://americanprinciplesproject.org/wp-content/uploads/2020/07/APP.Texas_.pdf,538,false,REP,6295,2020,U.S. Senate,2,Class II,11/3/20,general,false,false,REP,Cornyn,13444,John Cornyn,47.44
1977,67057,568,YouGov,133,CBS News,YouGov,391,YouGov,B+,Online,Texas,7/7/20,7/10/20,,,,125293,1179,lv,,lv,,7/12/20 10:34,,https://drive.google.com/file/d/18HFC79lmRr1KVcbrUysfJd6XpLZxZxaP/view,538,false,,6295,2020,U.S. Senate,2,Class II,11/3/20,general,false,false,DEM,Hegar,13459,Mary Jennings Hegar,36.0
1978,67057,568,YouGov,133,CBS News,YouGov,391,YouGov,B+,Online,Texas,7/7/20,7/10/20,,,,125293,1179,lv,,lv,,7/12/20 10:34,,https://drive.google.com/file/d/18HFC79lmRr1KVcbrUysfJd6XpLZxZxaP/view,538,false,,6295,2020,U.S. Senate,2,Class II,11/3/20,general,false,false,REP,Cornyn,13444,John Cornyn,44.0
1979,67057,568,YouGov,133,CBS News,YouGov,391,YouGov,B+,Online,Texas,7/7/20,7/10/20,,,,125294,1182,lv,,lv,,7/12/20 10:34,,https://drive.google.com/file/d/18HFC79lmRr1KVcbrUysfJd6XpLZxZxaP/view,538,false,,6295,2020,U.S. Senate,2,Class II,11/3/20,general,false,false,DEM,West,13602,Royce West,37.0
1980,67057,568,YouGov,133,CBS News,YouGov,391,YouGov,B+,Online,Texas,7/7/20,7/10/20,,,,125294,1182,lv,,lv,,7/12/20 10:34,,https://drive.google.com/file/d/18HFC79lmRr1KVcbrUysfJd6XpLZxZxaP/view,538,false,,6295,2020,U.S. Senate,2,Class II,11/3/20,general,false,false,REP,Cornyn,13444,John Cornyn,43.0
2001,67054,1474,University of Texas at Tyler,1164,Dallas Morning News,University of Texas at Tyler,458,University of Texas at Tyler,B/C,Live Phone/Online,Texas,6/29/20,7/7/20,,,,125285,1909,rv,,rv,,7/12/20 07:43,,https://www.uttyler.edu/politicalscience/files/codebook-dmn-uttyler-poll-july-2020-RV.pdf,538,false,,6295,2020,U.S. Senate,2,Class II,11/3/20,general,false,false,DEM,Hegar,13459,Mary Jennings Hegar,26.0
2002,67054,1474,University of Texas at Tyler,1164,Dallas Morning News,University of Texas at Tyler,458,University of Texas at Tyler,B/C,Live Phone/Online,Texas,6/29/20,7/7/20,,,,125285,1909,rv,,rv,,7/12/20 07:43,,https://www.uttyler.edu/politicalscience/files/codebook-dmn-uttyler-poll-july-2020-RV.pdf,538,false,,6295,2020,U.S. Senate,2,Class II,11/3/20,general,false,false,REP,Cornyn,13444,John Cornyn,37.0
2003,67054,1474,University of Texas at Tyler,1164,Dallas Morning News,University of Texas at Tyler,458,University of Texas at Tyler,B/C,Live Phone/Online,Texas,6/29/20,7/7/20,,,,125286,1677,lv,,lv,,7/12/20 07:43,,https://projects.fivethirtyeight.com/polls/20200712_TX.pdf,538,false,,6295,2020,U.S. Senate,2,Class II,11/3/20,general,false,false,DEM,Hegar,13459,Mary Jennings Hegar,29.0
2004,67054,1474,University of Texas at Tyler,1164,Dallas Morning News,University of Texas at Tyler,458,University of Texas at Tyler,B/C,Live Phone/Online,Texas,6/29/20,7/7/20,,,,125286,1677,lv,,lv,,7/12/20 07:43,,https://projects.fivethirtyeight.com/polls/20200712_TX.pdf,538,false,,6295,2020,U.S. Senate,2,Class II,11/3/20,general,false,false,REP,Cornyn,13444,John Cornyn,42.0
2005,67054,1474,University of Texas at Tyler,1164,Dallas Morning News,University of Texas at Tyler,458,University of Texas at Tyler,B/C,Live Phone/Online,Texas,6/29/20,7/7/20,,,,125287,1909,rv,,rv,,7/12/20 07:43,,https://www.uttyler.edu/politicalscience/files/codebook-dmn-uttyler-poll-july-2020-RV.pdf,538,false,,6295,2020,U.S. Senate,2,Class II,11/3/20,general,false,false,DEM,West,13602,Royce West,25.0
2006,67054,1474,University of Texas at Tyler,1164,Dallas Morning News,University of Texas at Tyler,458,University of Texas at Tyler,B/C,Live Phone/Online,Texas,6/29/20,7/7/20,,,,125287,1909,rv,,rv,,7/12/20 07:43,,https://www.uttyler.edu/politicalscience/files/codebook-dmn-uttyler-poll-july-2020-RV.pdf,538,false,,6295,2020,U.S. Senate,2,Class II,11/3/20,general,false,false,REP,Cornyn,13444,John Cornyn,37.0
2007,67054,1474,University of Texas at Tyler,1164,Dallas Morning News,University of Texas at Tyler,458,University of Texas at Tyler,B/C,Live Phone/Online,Texas,6/29/20,7/7/20,,,,125288,1677,lv,,lv,,7/12/20 07:43,,https://projects.fivethirtyeight.com/polls/20200712_TX.pdf,538,false,,6295,2020,U.S. Senate,2,Class II,11/3/20,general,false,false,DEM,West,13602,Royce West,28.0
2008,67054,1474,University of Texas at Tyler,1164,Dallas Morning News,University of Texas at Tyler,458,University of Texas at Tyler,B/C,Live Phone/Online,Texas,6/29/20,7/7/20,,,,125288,1677,lv,,lv,,7/12/20 07:43,,https://projects.fivethirtyeight.com/polls/20200712_TX.pdf,538,false,,6295,2020,U.S. Senate,2,Class II,11/3/20,general,false,false,REP,Cornyn,13444,John Cornyn,43.0
2059,66979,383,PPP,32,Emily's List,Public Policy Polling,263,Public Policy Polling,A-,IVR/Text,Texas,6/24/20,6/25/20,,,,125103,729,v,,v,,7/2/20 08:35,,https://www.publicpolicypolling.com/wp-content/uploads/2020/07/TXToplines7220.pdf,538,false,DEM,6295,2020,U.S. Senate,2,Class II,11/3/20,general,false,false,DEM,Hegar,13459,Mary Jennings Hegar,35.0
2060,66979,383,PPP,32,Emily's List,Public Policy Polling,263,Public Policy Polling,A-,IVR/Text,Texas,6/24/20,6/25/20,,,,125103,729,v,,v,,7/2/20 08:35,,https://www.publicpolicypolling.com/wp-content/uploads/2020/07/TXToplines7220.pdf,538,false,DEM,6295,2020,U.S. Senate,2,Class II,11/3/20,general,false,false,REP,Cornyn,13444,John Cornyn,42.0
2077,66919,1597,Beacon Research/Shaw & Company,149,FOX News,Beacon Research/Shaw & Company Research,103,Fox News/Beacon Research/Shaw & Co. Research,A,Live Phone,Texas,6/20/20,6/23/20,,,,124959,1001,rv,,rv,,6/25/20 18:08,,https://static.foxnews.com/foxnews.com/content/uploads/2020/06/Fox_June-20-23-2020_Complete_Texas_Topline_June-25-Release.pdf,538,false,,6295,2020,U.S. Senate,2,Class II,11/3/20,general,false,false,DEM,Hegar,13459,Mary Jennings Hegar,36.0
2078,66919,1597,Beacon Research/Shaw & Company,149,FOX News,Beacon Research/Shaw & Company Research,103,Fox News/Beacon Research/Shaw & Co. Research,A,Live Phone,Texas,6/20/20,6/23/20,,,,124959,1001,rv,,rv,,6/25/20 18:08,,https://static.foxnews.com/foxnews.com/content/uploads/2020/06/Fox_June-20-23-2020_Complete_Texas_Topline_June-25-Release.pdf,538,false,,6295,2020,U.S. Senate,2,Class II,11/3/20,general,false,false,REP,Cornyn,13444,John Cornyn,46.0
2079,66919,1597,Beacon Research/Shaw & Company,149,FOX News,Beacon Research/Shaw & Company Research,103,Fox News/Beacon Research/Shaw & Co. Research,A,Live Phone,Texas,6/20/20,6/23/20,,,,124960,1001,rv,,rv,,6/25/20 18:08,,https://static.foxnews.com/foxnews.com/content/uploads/2020/06/Fox_June-20-23-2020_Complete_Texas_Topline_June-25-Release.pdf,538,false,,6295,2020,U.S. Senate,2,Class II,11/3/20,general,false,false,DEM,West,13602,Royce West,37.0
2080,66919,1597,Beacon Research/Shaw & Company,149,FOX News,Beacon Research/Shaw & Company Research,103,Fox News/Beacon Research/Shaw & Co. Research,A,Live Phone,Texas,6/20/20,6/23/20,,,,124960,1001,rv,,rv,,6/25/20 18:08,,https://static.foxnews.com/foxnews.com/content/uploads/2020/06/Fox_June-20-23-2020_Complete_Texas_Topline_June-25-Release.pdf,538,false,,6295,2020,U.S. Senate,2,Class II,11/3/20,general,false,false,REP,Cornyn,13444,John Cornyn,47.0
2251,66043,1474,University of Texas at Tyler,1164,Dallas Morning News,University of Texas at Tyler,458,University of Texas at Tyler,B/C,Live Phone/Online,Texas,4/18/20,4/27/20,,,,122510,1183,rv,,rv,,5/2/20 16:43,,https://projects.fivethirtyeight.com/polls/20200502_TX.pdf,538,false,,6295,2020,U.S. Senate,2,Class II,11/3/20,general,false,false,DEM,Hegar,13459,Mary Jennings Hegar,24.0
2252,66043,1474,University of Texas at Tyler,1164,Dallas Morning News,University of Texas at Tyler,458,University of Texas at Tyler,B/C,Live Phone/Online,Texas,4/18/20,4/27/20,,,,122510,1183,rv,,rv,,5/2/20 16:43,,https://projects.fivethirtyeight.com/polls/20200502_TX.pdf,538,false,,6295,2020,U.S. Senate,2,Class II,11/3/20,general,false,false,REP,Cornyn,13444,John Cornyn,37.0
2253,66043,1474,University of Texas at Tyler,1164,Dallas Morning News,University of Texas at Tyler,458,University of Texas at Tyler,B/C,Live Phone/Online,Texas,4/18/20,4/27/20,,,,122511,1183,rv,,rv,,5/2/20 16:43,,https://projects.fivethirtyeight.com/polls/20200502_TX.pdf,538,false,,6295,2020,U.S. Senate,2,Class II,11/3/20,general,false,false,DEM,West,13602,Royce West,24.0
2254,66043,1474,University of Texas at Tyler,1164,Dallas Morning News,University of Texas at Tyler,458,University of Texas at Tyler,B/C,Live Phone/Online,Texas,4/18/20,4/27/20,,,,122511,1183,rv,,rv,,5/2/20 16:43,,https://projects.fivethirtyeight.com/polls/20200502_TX.pdf,538,false,,6295,2020,U.S. Senate,2,Class II,11/3/20,general,false,false,REP,Cornyn,13444,John Cornyn,35.0
2362,64640,1205,Marist,132,NBC News,Marist College,183,Marist College,A,Live Phone,Texas,2/23/20,2/27/20,,,,119337,2409,rv,,rv,,3/1/20 09:04,,http://maristpoll.marist.edu/wp-content/uploads/2020/02/NBC-News_Marist-Poll-TX-NOS-and-Tables_2002281546.pdf,538,false,,6295,2020,U.S. Senate,2,Class II,11/3/20,general,false,false,DEM,Hegar,13459,Mary Jennings Hegar,41.0
2363,64640,1205,Marist,132,NBC News,Marist College,183,Marist College,A,Live Phone,Texas,2/23/20,2/27/20,,,,119337,2409,rv,,rv,,3/1/20 09:04,,http://maristpoll.marist.edu/wp-content/uploads/2020/02/NBC-News_Marist-Poll-TX-NOS-and-Tables_2002281546.pdf,538,false,,6295,2020,U.S. Senate,2,Class II,11/3/20,general,false,false,REP,Cornyn,13444,John Cornyn,49.0
2448,62992,1523,Beacon Research,1214,Democratic Policy Institute,Beacon Research,545,Beacon Research,B/C,Live Phone/Online,Texas,11/9/19,11/21/19,,,,114141,1000,rv,,rv,,12/2/19 20:38,,http://democraticpolicyinstitute.com/wp-content/uploads/2019/12/12.2.19-Texas-Senate-Poll-Beto-v-Cornyn.pdf,538,false,DEM,6295,2020,U.S. Senate,2,Class II,11/3/20,general,false,false,DEM,O'Rourke,13443,Beto O'Rourke,42.0
2449,62992,1523,Beacon Research,1214,Democratic Policy Institute,Beacon Research,545,Beacon Research,B/C,Live Phone/Online,Texas,11/9/19,11/21/19,,,,114141,1000,rv,,rv,,12/2/19 20:38,,http://democraticpolicyinstitute.com/wp-content/uploads/2019/12/12.2.19-Texas-Senate-Poll-Beto-v-Cornyn.pdf,538,false,DEM,6295,2020,U.S. Senate,2,Class II,11/3/20,general,false,false,REP,Cornyn,13444,John Cornyn,46.0
2450,62992,1523,Beacon Research,1214,Democratic Policy Institute,Beacon Research,545,Beacon Research,B/C,Live Phone/Online,Texas,11/9/19,11/21/19,,,,114142,601,rv,,rv,,12/2/19 20:39,,http://democraticpolicyinstitute.com/wp-content/uploads/2019/12/12.2.19-Texas-Senate-Poll-Beto-v-Cornyn.pdf,538,false,DEM,6295,2020,U.S. Senate,2,Class II,11/3/20,general,false,false,DEM,West,13602,Royce West,33.0
2451,62992,1523,Beacon Research,1214,Democratic Policy Institute,Beacon Research,545,Beacon Research,B/C,Live Phone/Online,Texas,11/9/19,11/21/19,,,,114142,601,rv,,rv,,12/2/19 20:39,,http://democraticpolicyinstitute.com/wp-content/uploads/2019/12/12.2.19-Texas-Senate-Poll-Beto-v-Cornyn.pdf,538,false,DEM,6295,2020,U.S. Senate,2,Class II,11/3/20,general,false,false,REP,Cornyn,13444,John Cornyn,45.0
2452,62992,1523,Beacon Research,1214,Democratic Policy Institute,Beacon Research,545,Beacon Research,B/C,Live Phone/Online,Texas,11/9/19,11/21/19,,,,114143,601,rv,,rv,,12/2/19 20:39,,http://democraticpolicyinstitute.com/wp-content/uploads/2019/12/12.2.19-Texas-Senate-Poll-Beto-v-Cornyn.pdf,538,false,DEM,6295,2020,U.S. Senate,2,Class II,11/3/20,general,false,false,DEM,Hegar,13459,Mary Jennings Hegar,30.0
2453,62992,1523,Beacon Research,1214,Democratic Policy Institute,Beacon Research,545,Beacon Research,B/C,Live Phone/Online,Texas,11/9/19,11/21/19,,,,114143,601,rv,,rv,,12/2/19 20:39,,http://democraticpolicyinstitute.com/wp-content/uploads/2019/12/12.2.19-Texas-Senate-Poll-Beto-v-Cornyn.pdf,538,false,DEM,6295,2020,U.S. Senate,2,Class II,11/3/20,general,false,false,REP,Cornyn,13444,John Cornyn,44.0
2454,62992,1523,Beacon Research,1214,Democratic Policy Institute,Beacon Research,545,Beacon Research,B/C,Live Phone/Online,Texas,11/9/19,11/21/19,,,,114144,601,rv,,rv,,12/2/19 20:39,,http://democraticpolicyinstitute.com/wp-content/uploads/2019/12/12.2.19-Texas-Senate-Poll-Beto-v-Cornyn.pdf,538,false,DEM,6295,2020,U.S. Senate,2,Class II,11/3/20,general,false,false,DEM,Bell,13603,Chris Bell,30.0
2455,62992,1523,Beacon Research,1214,Democratic Policy Institute,Beacon Research,545,Beacon Research,B/C,Live Phone/Online,Texas,11/9/19,11/21/19,,,,114144,601,rv,,rv,,12/2/19 20:39,,http://democraticpolicyinstitute.com/wp-content/uploads/2019/12/12.2.19-Texas-Senate-Poll-Beto-v-Cornyn.pdf,538,false,DEM,6295,2020,U.S. Senate,2,Class II,11/3/20,general,false,false,REP,Cornyn,13444,John Cornyn,45.0
2456,62992,1523,Beacon Research,1214,Democratic Policy Institute,Beacon Research,545,Beacon Research,B/C,Live Phone/Online,Texas,11/9/19,11/21/19,,,,114145,601,rv,,rv,,12/2/19 20:39,,http://democraticpolicyinstitute.com/wp-content/uploads/2019/12/12.2.19-Texas-Senate-Poll-Beto-v-Cornyn.pdf,538,false,DEM,6295,2020,U.S. Senate,2,Class II,11/3/20,general,false,false,DEM,Hernandez,13604,Sema Hernandez,29.0
2457,62992,1523,Beacon Research,1214,Democratic Policy Institute,Beacon Research,545,Beacon Research,B/C,Live Phone/Online,Texas,11/9/19,11/21/19,,,,114145,601,rv,,rv,,12/2/19 20:39,,http://democraticpolicyinstitute.com/wp-content/uploads/2019/12/12.2.19-Texas-Senate-Poll-Beto-v-Cornyn.pdf,538,false,DEM,6295,2020,U.S. Senate,2,Class II,11/3/20,general,false,false,REP,Cornyn,13444,John Cornyn,45.0
2547,57962,1102,Emerson College Polling Society,,,Emerson College,88,Emerson College,A-,IVR/Online,Texas,4/25/19,4/28/19,,,,100825,799,rv,,rv,,8/20/19 16:31,,https://emersonpolling.reportablenews.com/pr/2020-texas-biden-and-beto-in-dead-heat-in-democratic-primary,538,false,,6295,2020,U.S. Senate,2,Class II,11/3/20,general,false,false,DEM,Hegar,13459,Mary Jennings Hegar,11.8
2548,57962,1102,Emerson College Polling Society,,,Emerson College,88,Emerson College,A-,IVR/Online,Texas,4/25/19,4/28/19,,,,100825,799,rv,,rv,,8/20/19 16:31,,https://emersonpolling.reportablenews.com/pr/2020-texas-biden-and-beto-in-dead-heat-in-democratic-primary,538,false,,6295,2020,U.S. Senate,2,Class II,11/3/20,general,false,false,REP,Cornyn,13444,John Cornyn,28.7
2559,57601,396,Quinnipiac,,,Quinnipiac University,267,Quinnipiac University,A-,Live Phone,Texas,2/20/19,2/25/19,,,,100819,1222,rv,,rv,,8/20/19 16:30,,https://poll.qu.edu/poll-release-legacy?releaseid=2602,538,false,,6295,2020,U.S. Senate,2,Class II,11/3/20,general,false,false,DEM,O'Rourke,13443,Beto O'Rourke,46.0
2560,57601,396,Quinnipiac,,,Quinnipiac University,267,Quinnipiac University,A-,Live Phone,Texas,2/20/19,2/25/19,,,,100819,1222,rv,,rv,,8/20/19 16:30,,https://poll.qu.edu/poll-release-legacy?releaseid=2602,538,false,,6295,2020,U.S. Senate,2,Class II,11/3/20,general,false,false,REP,Cornyn,13444,John Cornyn,46.0
2567,57528,383,PPP,1268,Democracy Toolbox,Public Policy Polling,263,Public Policy Polling,A-,IVR,Texas,2/13/19,2/14/19,,,,100817,743,rv,,rv,,8/20/19 16:30,,https://twitter.com/PatrickSvitek/status/1096513104677097472,538,false,DEM,6295,2020,U.S. Senate,2,Class II,11/3/20,general,false,false,DEM,O'Rourke,13443,Beto O'Rourke,45.0
2568,57528,383,PPP,1268,Democracy Toolbox,Public Policy Polling,263,Public Policy Polling,A-,IVR,Texas,2/13/19,2/14/19,,,,100817,743,rv,,rv,,8/20/19 16:30,,https://twitter.com/PatrickSvitek/status/1096513104677097472,538,false,DEM,6295,2020,U.S. Senate,2,Class II,11/3/20,general,false,false,REP,Cornyn,13444,John Cornyn,47.0
2573,57419,1412,Atlantic Media and Research,990,Courageous Conservatives PAC,Atlantic Media and Research,227,Neighborhood Research and Media,B/C,Live Phone,Texas,1/5/19,1/11/19,,,,100814,504,lv,,lv,,8/20/19 16:30,,http://politicselections.com/new-poll-beto-not-liked-in-texas/,538,false,REP,6295,2020,U.S. Senate,2,Class II,11/3/20,general,false,false,DEM,O'Rourke,13443,Beto O'Rourke,37.0
2574,57419,1412,Atlantic Media and Research,990,Courageous Conservatives PAC,Atlantic Media and Research,227,Neighborhood Research and Media,B/C,Live Phone,Texas,1/5/19,1/11/19,,,,100814,504,lv,,lv,,8/20/19 16:30,,http://politicselections.com/new-poll-beto-not-liked-in-texas/,538,false,REP,6295,2020,U.S. Senate,2,Class II,11/3/20,general,false,false,REP,Cornyn,13444,John Cornyn,50.0
2585,56817,1250,Trafalgar Group,,,Trafalgar Group,338,Trafalgar Group,A-,IVR,Texas,11/3/18,11/5/18,,,,91571,2135,lv,,lv,,11/6/18 06:40,,https://drive.google.com/file/d/18h31Oi90C0teXatPo1CQgpuKnee-MscF/view,538,false,REP,121,2018,U.S. Senate,0,Class I,11/6/18,general,false,false,DEM,O'Rourke,11125,Beto O'Rourke,43.2
2586,56817,1250,Trafalgar Group,,,Trafalgar Group,338,Trafalgar Group,A-,IVR,Texas,11/3/18,11/5/18,,,,91571,2135,lv,,lv,,11/6/18 06:40,,https://drive.google.com/file/d/18h31Oi90C0teXatPo1CQgpuKnee-MscF/view,538,false,REP,121,2018,U.S. Senate,0,Class I,11/6/18,general,false,false,REP,Cruz,11126,Ted Cruz,52.1
2716,56702,1365,Change Research,1112,Reason to Believe PAC,Change Research,48,Change Research,B-,Online,Texas,11/1/18,11/2/18,,,,91332,1211,lv,,lv,,11/3/18 11:24,,https://twitter.com/ChangePolls/status/1058740322530820097,538,false,DEM,121,2018,U.S. Senate,0,Class I,11/6/18,general,false,false,DEM,O'Rourke,11125,Beto O'Rourke,49.0
2717,56702,1365,Change Research,1112,Reason to Believe PAC,Change Research,48,Change Research,B-,Online,Texas,11/1/18,11/2/18,,,,91332,1211,lv,,lv,,11/3/18 11:24,,https://twitter.com/ChangePolls/status/1058740322530820097,538,false,DEM,121,2018,U.S. Senate,0,Class I,11/6/18,general,false,false,REP,Cruz,11126,Ted Cruz,49.0
2718,56702,1365,Change Research,1112,Reason to Believe PAC,Change Research,48,Change Research,B-,Online,Texas,11/1/18,11/2/18,,,,91332,1211,lv,,lv,,11/3/18 11:24,,https://twitter.com/ChangePolls/status/1058740322530820097,538,false,DEM,121,2018,U.S. Senate,0,Class I,11/6/18,general,false,false,LIB,Dikeman,11247,Neal M. Dikeman,1.0
2849,56632,1102,Emerson College Polling Society,,,Emerson College,88,Emerson College,A-,IVR/Online,Texas,10/28/18,10/30/18,,,,91196,781,lv,,lv,,11/1/18 09:30,,https://www.emerson.edu/news-events/emerson-college-today/emerson-poll-west-virginia-senate-race-tightens-texas-senate-race-remains-close-republicans-look-hold-three-house-seats-wv,538,false,,121,2018,U.S. Senate,0,Class I,11/6/18,general,false,false,DEM,O'Rourke,11125,Beto O'Rourke,47.2
2850,56632,1102,Emerson College Polling Society,,,Emerson College,88,Emerson College,A-,IVR/Online,Texas,10/28/18,10/30/18,,,,91196,781,lv,,lv,,11/1/18 09:30,,https://www.emerson.edu/news-events/emerson-college-today/emerson-poll-west-virginia-senate-race-tightens-texas-senate-race-remains-close-republicans-look-hold-three-house-seats-wv,538,false,,121,2018,U.S. Senate,0,Class I,11/6/18,general,false,false,REP,Cruz,11126,Ted Cruz,50.3
2851,56632,1102,Emerson College Polling Society,,,Emerson College,88,Emerson College,A-,IVR/Online,Texas,10/28/18,10/30/18,,,,91196,781,lv,,lv,,11/1/18 09:30,,https://www.emerson.edu/news-events/emerson-college-today/emerson-poll-west-virginia-senate-race-tightens-texas-senate-race-remains-close-republicans-look-hold-three-house-seats-wv,538,false,,121,2018,U.S. Senate,0,Class I,11/6/18,general,false,false,LIB,Dikeman,11247,Neal M. Dikeman,1.0
2972,56513,396,Quinnipiac,,,Quinnipiac University,267,Quinnipiac University,A-,Live Phone,Texas,10/22/18,10/28/18,,,,90915,1078,lv,,lv,,10/29/18 13:00,,https://poll.qu.edu/images/polling/tx/tx10292018_tjfp53.pdf/,538,false,,121,2018,U.S. Senate,0,Class I,11/6/18,general,false,false,DEM,O'Rourke,11125,Beto O'Rourke,46.0
2973,56513,396,Quinnipiac,,,Quinnipiac University,267,Quinnipiac University,A-,Live Phone,Texas,10/22/18,10/28/18,,,,90915,1078,lv,,lv,,10/29/18 13:00,,https://poll.qu.edu/images/polling/tx/tx10292018_tjfp53.pdf/,538,false,,121,2018,U.S. Senate,0,Class I,11/6/18,general,false,false,REP,Cruz,11126,Ted Cruz,51.0
2982,56590,1474,University of Texas at Tyler,,,University of Texas at Tyler,458,University of Texas at Tyler,B/C,Live Phone/Online,Texas,10/15/18,10/28/18,,,,91092,1033,rv,,rv,,10/31/18 09:16,,https://tylerpaper.com/news/local/ut-tyler-poll-shows-ted-cruz-leading-beto-o-rourke/article_ba27d004-dc91-11e8-8a2e-0b1de9580b62.html,538,false,,121,2018,U.S. Senate,0,Class I,11/6/18,general,false,false,DEM,O'Rourke,11125,Beto O'Rourke,42.2
2983,56590,1474,University of Texas at Tyler,,,University of Texas at Tyler,458,University of Texas at Tyler,B/C,Live Phone/Online,Texas,10/15/18,10/28/18,,,,91092,1033,rv,,rv,,10/31/18 09:16,,https://tylerpaper.com/news/local/ut-tyler-poll-shows-ted-cruz-leading-beto-o-rourke/article_ba27d004-dc91-11e8-8a2e-0b1de9580b62.html,538,false,,121,2018,U.S. Senate,0,Class I,11/6/18,general,false,false,REP,Cruz,11126,Ted Cruz,46.5
2984,56590,1474,University of Texas at Tyler,,,University of Texas at Tyler,458,University of Texas at Tyler,B/C,Live Phone/Online,Texas,10/15/18,10/28/18,,,,91093,905,lv,,lv,,10/31/18 09:16,,https://tylerpaper.com/news/local/ut-tyler-poll-shows-ted-cruz-leading-beto-o-rourke/article_ba27d004-dc91-11e8-8a2e-0b1de9580b62.html,538,false,,121,2018,U.S. Senate,0,Class I,11/6/18,general,false,false,DEM,O'Rourke,11125,Beto O'Rourke,43.4
2985,56590,1474,University of Texas at Tyler,,,University of Texas at Tyler,458,University of Texas at Tyler,B/C,Live Phone/Online,Texas,10/15/18,10/28/18,,,,91093,905,lv,,lv,,10/31/18 09:16,,https://tylerpaper.com/news/local/ut-tyler-poll-shows-ted-cruz-leading-beto-o-rourke/article_ba27d004-dc91-11e8-8a2e-0b1de9580b62.html,538,false,,121,2018,U.S. Senate,0,Class I,11/6/18,general,false,false,REP,Cruz,11126,Ted Cruz,47.0
3025,56562,753,Dixie Strategies,384,KTVT-CBS 11,Dixie Strategies,81,Dixie Strategies,B/C,IVR/Live Phone,Texas,10/25/18,10/26/18,,,,91001,588,lv,,lv,,10/30/18 14:34,,https://dfw.cbslocal.com/2018/10/30/cruz-abbott-pull-ahead-in-latest-poll/,538,false,,121,2018,U.S. Senate,0,Class I,11/6/18,general,false,false,DEM,O'Rourke,11125,Beto O'Rourke,42.0
3026,56562,753,Dixie Strategies,384,KTVT-CBS 11,Dixie Strategies,81,Dixie Strategies,B/C,IVR/Live Phone,Texas,10/25/18,10/26/18,,,,91001,588,lv,,lv,,10/30/18 14:34,,https://dfw.cbslocal.com/2018/10/30/cruz-abbott-pull-ahead-in-latest-poll/,538,false,,121,2018,U.S. Senate,0,Class I,11/6/18,general,false,false,REP,Cruz,11126,Ted Cruz,52.0
3097,56386,907,GBAO,681,End Citizens United,GBAO,109,GBAO,B/C,Live Phone,Texas,10/18/18,10/21/18,,,,90645,1000,lv,,lv,,10/23/18 15:46,,http://endcitizensunited.org/wp-content/uploads/2018/10/ECUTX18m1-102318-1.pdf,538,false,DEM,121,2018,U.S. Senate,0,Class I,11/6/18,general,false,false,DEM,O'Rourke,11125,Beto O'Rourke,46.0
3098,56386,907,GBAO,681,End Citizens United,GBAO,109,GBAO,B/C,Live Phone,Texas,10/18/18,10/21/18,,,,90645,1000,lv,,lv,,10/23/18 15:46,,http://endcitizensunited.org/wp-content/uploads/2018/10/ECUTX18m1-102318-1.pdf,538,false,DEM,121,2018,U.S. Senate,0,Class I,11/6/18,general,false,false,REP,Cruz,11126,Ted Cruz,50.0
3099,56386,907,GBAO,681,End Citizens United,GBAO,109,GBAO,B/C,Live Phone,Texas,10/18/18,10/21/18,,,,90645,1000,lv,,lv,,10/23/18 15:46,,http://endcitizensunited.org/wp-content/uploads/2018/10/ECUTX18m1-102318-1.pdf,538,false,DEM,121,2018,U.S. Senate,0,Class I,11/6/18,general,false,false,LIB,Dikeman,11247,Neal M. Dikeman,2.0
3104,56481,568,YouGov,"216,406",Texas Tribune | University of Texas,YouGov,391,YouGov,B+,Online,Texas,10/15/18,10/21/18,,,,90848,927,lv,,lv,,10/26/18 09:01,,https://www.texastribune.org/2018/10/26/ut-tt-poll-ted-cruz-leads-beto-orourke-texas-senate/,538,false,,121,2018,U.S. Senate,0,Class I,11/6/18,general,false,false,DEM,O'Rourke,11125,Beto O'Rourke,45.0
3105,56481,568,YouGov,"216,406",Texas Tribune | University of Texas,YouGov,391,YouGov,B+,Online,Texas,10/15/18,10/21/18,,,,90848,927,lv,,lv,,10/26/18 09:01,,https://www.texastribune.org/2018/10/26/ut-tt-poll-ted-cruz-leads-beto-orourke-texas-senate/,538,false,,121,2018,U.S. Senate,0,Class I,11/6/18,general,false,false,REP,Cruz,11126,Ted Cruz,51.0
3106,56481,568,YouGov,"216,406",Texas Tribune | University of Texas,YouGov,391,YouGov,B+,Online,Texas,10/15/18,10/21/18,,,,90848,927,lv,,lv,,10/26/18 09:01,,https://www.texastribune.org/2018/10/26/ut-tt-poll-ted-cruz-leads-beto-orourke-texas-senate/,538,false,,121,2018,U.S. Senate,0,Class I,11/6/18,general,false,false,LIB,Dikeman,11247,Neal M. Dikeman,2.0
3181,56413,241,Ipsos,"71,1027",Reuters | U. Virginia Center for Politics,Ipsos,154,Ipsos,B-,Online,Texas,10/12/18,10/18/18,,,,90683,1298,lv,,lv,,10/24/18 08:43,,https://www.reuters.com/article/us-usa-election-statepolls/republicans-gain-ground-in-texas-nevada-u-s-senate-races-poll-idUSKCN1MY18D,538,false,,121,2018,U.S. Senate,0,Class I,11/6/18,general,false,false,DEM,O'Rourke,11125,Beto O'Rourke,44.4
3182,56413,241,Ipsos,"71,1027",Reuters | U. Virginia Center for Politics,Ipsos,154,Ipsos,B-,Online,Texas,10/12/18,10/18/18,,,,90683,1298,lv,,lv,,10/24/18 08:43,,https://www.reuters.com/article/us-usa-election-statepolls/republicans-gain-ground-in-texas-nevada-u-s-senate-races-poll-idUSKCN1MY18D,538,false,,121,2018,U.S. Senate,0,Class I,11/6/18,general,false,false,REP,Cruz,11126,Ted Cruz,48.9
3183,56413,241,Ipsos,"71,1027",Reuters | U. Virginia Center for Politics,Ipsos,154,Ipsos,B-,Online,Texas,10/12/18,10/18/18,,,,90697,2001,a,,a,,10/24/18 09:21,,https://www.ipsos.com/sites/default/files/ct/news/documents/2018-10/2018_state_topline_-_texas_final_october.pdf,538,false,,121,2018,U.S. Senate,0,Class I,11/6/18,general,false,false,DEM,O'Rourke,11125,Beto O'Rourke,40.0
3184,56413,241,Ipsos,"71,1027",Reuters | U. Virginia Center for Politics,Ipsos,154,Ipsos,B-,Online,Texas,10/12/18,10/18/18,,,,90697,2001,a,,a,,10/24/18 09:21,,https://www.ipsos.com/sites/default/files/ct/news/documents/2018-10/2018_state_topline_-_texas_final_october.pdf,538,false,,121,2018,U.S. Senate,0,Class I,11/6/18,general,false,false,REP,Cruz,11126,Ted Cruz,38.0
3248,56232,495,Tulchin Research,236,MoveOn,Tulchin Research,340,Tulchin Research,B/C,Online,Texas,10/10/18,10/14/18,,,,90312,600,lv,,lv,,10/16/18 11:29,,https://drive.google.com/file/d/19yHyxK1LbyEJQOKl34jHL3Wy8iZvTU62/view,538,false,DEM,121,2018,U.S. Senate,0,Class I,11/6/18,general,false,false,DEM,O'Rourke,11125,Beto O'Rourke,45.0
3249,56232,495,Tulchin Research,236,MoveOn,Tulchin Research,340,Tulchin Research,B/C,Online,Texas,10/10/18,10/14/18,,,,90312,600,lv,,lv,,10/16/18 11:29,,https://drive.google.com/file/d/19yHyxK1LbyEJQOKl34jHL3Wy8iZvTU62/view,538,false,DEM,121,2018,U.S. Senate,0,Class I,11/6/18,general,false,false,REP,Cruz,11126,Ted Cruz,49.0
3250,56232,495,Tulchin Research,236,MoveOn,Tulchin Research,340,Tulchin Research,B/C,Online,Texas,10/10/18,10/14/18,,,,90312,600,lv,,lv,,10/16/18 11:29,,https://drive.google.com/file/d/19yHyxK1LbyEJQOKl34jHL3Wy8iZvTU62/view,538,false,DEM,121,2018,U.S. Senate,0,Class I,11/6/18,general,false,false,LIB,Dikeman,11247,Neal M. Dikeman,3.0
3274,56237,1361,SSRS,143,CNN,SSRS,297,SSRS,C,Live Phone,Texas,10/9/18,10/13/18,,,,90327,716,lv,,lv,,10/16/18 13:36,,http://cdn.cnn.com/cnn/2018/images/10/16/rel1_tx.pdf,538,false,,121,2018,U.S. Senate,0,Class I,11/6/18,general,false,false,DEM,O'Rourke,11125,Beto O'Rourke,45.0
3275,56237,1361,SSRS,143,CNN,SSRS,297,SSRS,C,Live Phone,Texas,10/9/18,10/13/18,,,,90327,716,lv,,lv,,10/16/18 13:36,,http://cdn.cnn.com/cnn/2018/images/10/16/rel1_tx.pdf,538,false,,121,2018,U.S. Senate,0,Class I,11/6/18,general,false,false,REP,Cruz,11126,Ted Cruz,52.0
3276,56237,1361,SSRS,143,CNN,SSRS,297,SSRS,C,Live Phone,Texas,10/9/18,10/13/18,,,,90328,862,rv,,rv,,10/16/18 13:36,,http://cdn.cnn.com/cnn/2018/images/10/16/rel1_tx.pdf,538,false,,121,2018,U.S. Senate,0,Class I,11/6/18,general,false,false,DEM,O'Rourke,11125,Beto O'Rourke,45.0
3277,56237,1361,SSRS,143,CNN,SSRS,297,SSRS,C,Live Phone,Texas,10/9/18,10/13/18,,,,90328,862,rv,,rv,,10/16/18 13:36,,http://cdn.cnn.com/cnn/2018/images/10/16/rel1_tx.pdf,538,false,,121,2018,U.S. Senate,0,Class I,11/6/18,general,false,false,REP,Cruz,11126,Ted Cruz,50.0
3278,56208,1418,WPA Intelligence,26,Club for Growth,WPA Intelligence,383,WPA Intelligence (WPAi),B/C,Live Phone,Texas,10/8/18,10/13/18,,,,90274,801,lv,,lv,,10/15/18 11:19,,https://www.clubforgrowth.org/wp-content/uploads/2018/10/CFGA_TXSEN_Survey_Memo_181014.pdf,538,false,REP,121,2018,U.S. Senate,0,Class I,11/6/18,general,false,false,DEM,O'Rourke,11125,Beto O'Rourke,43.0
3279,56208,1418,WPA Intelligence,26,Club for Growth,WPA Intelligence,383,WPA Intelligence (WPAi),B/C,Live Phone,Texas,10/8/18,10/13/18,,,,90274,801,lv,,lv,,10/15/18 11:19,,https://www.clubforgrowth.org/wp-content/uploads/2018/10/CFGA_TXSEN_Survey_Memo_181014.pdf,538,false,REP,121,2018,U.S. Senate,0,Class I,11/6/18,general,false,false,REP,Cruz,11126,Ted Cruz,52.0
3280,56208,1418,WPA Intelligence,26,Club for Growth,WPA Intelligence,383,WPA Intelligence (WPAi),B/C,Live Phone,Texas,10/8/18,10/13/18,,,,90274,801,lv,,lv,,10/15/18 11:19,,https://www.clubforgrowth.org/wp-content/uploads/2018/10/CFGA_TXSEN_Survey_Memo_181014.pdf,538,false,REP,121,2018,U.S. Senate,0,Class I,11/6/18,general,false,false,LIB,Dikeman,11247,Neal M. Dikeman,1.0
3294,56090,1424,Siena College/NYT Upshot,,,Siena College/The New York Times Upshot,448,Siena College/The New York Times Upshot,A+,Live Phone,Texas,10/8/18,10/11/18,,,,89955,800,lv,,lv,,10/8/18 21:35,,https://www.nytimes.com/interactive/2018/upshot/elections-poll-txsen-2.html,538|NytSiena,false,,121,2018,U.S. Senate,0,Class I,11/6/18,general,false,false,DEM,O'Rourke,11125,Beto O'Rourke,43.19
3295,56090,1424,Siena College/NYT Upshot,,,Siena College/The New York Times Upshot,448,Siena College/The New York Times Upshot,A+,Live Phone,Texas,10/8/18,10/11/18,,,,89955,800,lv,,lv,,10/8/18 21:35,,https://www.nytimes.com/interactive/2018/upshot/elections-poll-txsen-2.html,538|NytSiena,false,,121,2018,U.S. Senate,0,Class I,11/6/18,general,false,false,REP,Cruz,11126,Ted Cruz,51.25
3296,56090,1424,Siena College/NYT Upshot,,,Siena College/The New York Times Upshot,448,Siena College/The New York Times Upshot,A+,Live Phone,Texas,10/8/18,10/11/18,,,,89956,800,rv,,rv,,10/8/18 21:35,,https://www.nytimes.com/interactive/2018/upshot/elections-poll-txsen-2.html,NytSiena,false,,121,2018,U.S. Senate,0,Class I,11/6/18,general,false,false,DEM,O'Rourke,11125,Beto O'Rourke,44.53
3297,56090,1424,Siena College/NYT Upshot,,,Siena College/The New York Times Upshot,448,Siena College/The New York Times Upshot,A+,Live Phone,Texas,10/8/18,10/11/18,,,,89956,800,rv,,rv,,10/8/18 21:35,,https://www.nytimes.com/interactive/2018/upshot/elections-poll-txsen-2.html,NytSiena,false,,121,2018,U.S. Senate,0,Class I,11/6/18,general,false,false,REP,Cruz,11126,Ted Cruz,48.72
3326,56154,396,Quinnipiac,,,Quinnipiac University,267,Quinnipiac University,A-,Live Phone,Texas,10/3/18,10/9/18,,,,90142,730,lv,,lv,,10/11/18 10:58,,https://poll.qu.edu/poll-release-legacy?releaseid=2578,538,false,,121,2018,U.S. Senate,0,Class I,11/6/18,general,false,false,DEM,O'Rourke,11125,Beto O'Rourke,45.0
3327,56154,396,Quinnipiac,,,Quinnipiac University,267,Quinnipiac University,A-,Live Phone,Texas,10/3/18,10/9/18,,,,90142,730,lv,,lv,,10/11/18 10:58,,https://poll.qu.edu/poll-release-legacy?releaseid=2578,538,false,,121,2018,U.S. Senate,0,Class I,11/6/18,general,false,false,REP,Cruz,11126,Ted Cruz,54.0
3385,56077,568,YouGov,133,CBS News,YouGov,391,YouGov,B+,Online,Texas,10/2/18,10/5/18,,,,89936,881,lv,,lv,,10/7/18 10:46,,https://d25d2506sfb94s.cloudfront.net/cumulus_uploads/document/0f3cqnuscn/cbs_20181007_TX_final.pdf,538,false,,121,2018,U.S. Senate,0,Class I,11/6/18,general,false,false,DEM,O'Rourke,11125,Beto O'Rourke,44.0
3386,56077,568,YouGov,133,CBS News,YouGov,391,YouGov,B+,Online,Texas,10/2/18,10/5/18,,,,89936,881,lv,,lv,,10/7/18 10:46,,https://d25d2506sfb94s.cloudfront.net/cumulus_uploads/document/0f3cqnuscn/cbs_20181007_TX_final.pdf,538,false,,121,2018,U.S. Senate,0,Class I,11/6/18,general,false,false,REP,Cruz,11126,Ted Cruz,50.0
3387,56079,1102,Emerson College Polling Society,,,Emerson College,88,Emerson College,A-,IVR/Online,Texas,10/1/18,10/5/18,,,,89940,500,lv,,lv,,10/8/18 09:05,,https://www.emerson.edu/news-events/emerson-college-today/emerson-e-poll-cruz-extends-texas-us-senate-race-abbott-cruises-governor-race,538,false,,121,2018,U.S. Senate,0,Class I,11/6/18,general,false,false,DEM,O'Rourke,11125,Beto O'Rourke,42.4
3388,56079,1102,Emerson College Polling Society,,,Emerson College,88,Emerson College,A-,IVR/Online,Texas,10/1/18,10/5/18,,,,89940,500,lv,,lv,,10/8/18 09:05,,https://www.emerson.edu/news-events/emerson-college-today/emerson-e-poll-cruz-extends-texas-us-senate-race-abbott-cruises-governor-race,538,false,,121,2018,U.S. Senate,0,Class I,11/6/18,general,false,false,REP,Cruz,11126,Ted Cruz,47.0
3581,54134,383,PPP,946,Protect Our Care,Public Policy Polling,263,Public Policy Polling,A-,,Texas,9/19/18,9/20/18,,,,87618,613,v,,v,,9/20/18 17:16,,https://www.protectourcare.org/new-poll-texas-senate-race/,538,false,DEM,121,2018,U.S. Senate,0,Class I,11/6/18,general,false,false,DEM,O'Rourke,11125,Beto O'Rourke,45.0
3582,54134,383,PPP,946,Protect Our Care,Public Policy Polling,263,Public Policy Polling,A-,,Texas,9/19/18,9/20/18,,,,87618,613,v,,v,,9/20/18 17:16,,https://www.protectourcare.org/new-poll-texas-senate-race/,538,false,DEM,121,2018,U.S. Senate,0,Class I,11/6/18,general,false,false,REP,Cruz,11126,Ted Cruz,48.0
3583,54134,383,PPP,946,Protect Our Care,Public Policy Polling,263,Public Policy Polling,A-,,Texas,9/19/18,9/20/18,,,,87638,603,v,,v,,9/21/18 14:30,,http://endcitizensunited.org/wp-content/uploads/2018/09/Texas-Results.pdf,538,false,DEM,121,2018,U.S. Senate,0,Class I,11/6/18,general,false,false,DEM,O'Rourke,11125,Beto O'Rourke,46.0
3584,54134,383,PPP,946,Protect Our Care,Public Policy Polling,263,Public Policy Polling,A-,,Texas,9/19/18,9/20/18,,,,87638,603,v,,v,,9/21/18 14:30,,http://endcitizensunited.org/wp-content/uploads/2018/09/Texas-Results.pdf,538,false,DEM,121,2018,U.S. Senate,0,Class I,11/6/18,general,false,false,REP,Cruz,11126,Ted Cruz,49.0
3634,54114,537,Vox Populi Polling,,,Vox Populi Polling,372,Vox Populi Polling,A/B,IVR/Online,Texas,9/16/18,9/18/18,,,,87471,508,lv,,lv,,9/20/18 14:43,,https://voxpoppolling.com/wp-content/uploads/2018/09/TX-Statewide-Survey-Toplines-Sept.-2018.pdf,538,false,,121,2018,U.S. Senate,0,Class I,11/6/18,general,false,false,DEM,O'Rourke,11125,Beto O'Rourke,50.0
3635,54114,537,Vox Populi Polling,,,Vox Populi Polling,372,Vox Populi Polling,A/B,IVR/Online,Texas,9/16/18,9/18/18,,,,87471,508,lv,,lv,,9/20/18 14:43,,https://voxpoppolling.com/wp-content/uploads/2018/09/TX-Statewide-Survey-Toplines-Sept.-2018.pdf,538,false,,121,2018,U.S. Senate,0,Class I,11/6/18,general,false,false,REP,Cruz,11126,Ted Cruz,50.0
3650,54073,396,Quinnipiac,,,Quinnipiac University,267,Quinnipiac University,A-,Live Phone,Texas,9/11/18,9/17/18,,,,87278,807,lv,,lv,,9/18/18 14:02,,https://poll.qu.edu/poll-release-legacy?releaseid=2570,538,false,,121,2018,U.S. Senate,0,Class I,11/6/18,general,false,false,DEM,O'Rourke,11125,Beto O'Rourke,45.0
3651,54073,396,Quinnipiac,,,Quinnipiac University,267,Quinnipiac University,A-,Live Phone,Texas,9/11/18,9/17/18,,,,87278,807,lv,,lv,,9/18/18 14:02,,https://poll.qu.edu/poll-release-legacy?releaseid=2570,538,false,,121,2018,U.S. Senate,0,Class I,11/6/18,general,false,false,REP,Cruz,11126,Ted Cruz,54.0
3694,54091,241,Ipsos,"71,1027",Reuters | U. Virginia Center for Politics,Ipsos,154,Ipsos,B-,Online,Texas,9/6/18,9/14/18,,,,87435,992,lv,,lv,,9/19/18 09:12,,https://www.ipsos.com/en-us/news-polls/election-data-CA-FL-TX-NV-AZ,538,false,,121,2018,U.S. Senate,0,Class I,11/6/18,general,false,false,DEM,O'Rourke,11125,Beto O'Rourke,47.0
3695,54091,241,Ipsos,"71,1027",Reuters | U. Virginia Center for Politics,Ipsos,154,Ipsos,B-,Online,Texas,9/6/18,9/14/18,,,,87435,992,lv,,lv,,9/19/18 09:12,,https://www.ipsos.com/en-us/news-polls/election-data-CA-FL-TX-NV-AZ,538,false,,121,2018,U.S. Senate,0,Class I,11/6/18,general,false,false,REP,Cruz,11126,Ted Cruz,45.0
3696,54091,241,Ipsos,"71,1027",Reuters | U. Virginia Center for Politics,Ipsos,154,Ipsos,B-,Online,Texas,9/6/18,9/14/18,,,,90202,2000,a,,a,,10/12/18 14:46,,https://www.ipsos.com/en-us/news-polls/election-data-CA-FL-TX-NV-AZ,538,false,,121,2018,U.S. Senate,0,Class I,11/6/18,general,false,false,DEM,O'Rourke,11125,Beto O'Rourke,39.0
3697,54091,241,Ipsos,"71,1027",Reuters | U. Virginia Center for Politics,Ipsos,154,Ipsos,B-,Online,Texas,9/6/18,9/14/18,,,,90202,2000,a,,a,,10/12/18 14:46,,https://www.ipsos.com/en-us/news-polls/election-data-CA-FL-TX-NV-AZ,538,false,,121,2018,U.S. Senate,0,Class I,11/6/18,general,false,false,REP,Cruz,11126,Ted Cruz,36.0
3719,54167,1015,Chism Strategies,1053,Reform Austin,Chism Strategies,470,Chism Strategies,,,Texas,9/11/18,9/12/18,,,,87696,1161,lv,,lv,,9/21/18 18:04,,https://www.reformaustin.org/2018/09/21/tx-poll-cruz-holds-close-lead-in-senate-race/,538,false,DEM,121,2018,U.S. Senate,0,Class I,11/6/18,general,false,false,DEM,O'Rourke,11125,Beto O'Rourke,45.4
3720,54167,1015,Chism Strategies,1053,Reform Austin,Chism Strategies,470,Chism Strategies,,,Texas,9/11/18,9/12/18,,,,87696,1161,lv,,lv,,9/21/18 18:04,,https://www.reformaustin.org/2018/09/21/tx-poll-cruz-holds-close-lead-in-senate-race/,538,false,DEM,121,2018,U.S. Senate,0,Class I,11/6/18,general,false,false,REP,Cruz,11126,Ted Cruz,49.4
3780,53956,1226,Crosswind Media & Public Relations,,,Crosswind Media & Public Relations,277,Rasmussen Reports/Pulse Opinion Research,B,,Texas,9/6/18,9/9/18,,,,86823,800,lv,,lv,,9/11/18 21:27,I emailed them for a full copy. -Nathaniel,https://crosswindpr.com/texas-poll-shows-beto-orourke-gaining-ground-as-ted-cruz-hangs-on-to-a-slim-3-lead/,538,false,,121,2018,U.S. Senate,0,Class I,11/6/18,general,false,false,DEM,O'Rourke,11125,Beto O'Rourke,44.0
3781,53956,1226,Crosswind Media & Public Relations,,,Crosswind Media & Public Relations,277,Rasmussen Reports/Pulse Opinion Research,B,,Texas,9/6/18,9/9/18,,,,86823,800,lv,,lv,,9/11/18 21:27,I emailed them for a full copy. -Nathaniel,https://crosswindpr.com/texas-poll-shows-beto-orourke-gaining-ground-as-ted-cruz-hangs-on-to-a-slim-3-lead/,538,false,,121,2018,U.S. Senate,0,Class I,11/6/18,general,false,false,REP,Cruz,11126,Ted Cruz,47.0
3794,53971,753,Dixie Strategies,384,KTVT-CBS 11,Dixie Strategies,81,Dixie Strategies,B/C,IVR/Live Phone,Texas,9/6/18,9/7/18,,,,86858,519,lv,,lv,,9/12/18 16:16,,https://dfw.cbslocal.com/2018/09/12/cruz-clings-to-small-lead-in-texas/,538,false,,121,2018,U.S. Senate,0,Class I,11/6/18,general,false,false,DEM,O'Rourke,11125,Beto O'Rourke,41.74
3795,53971,753,Dixie Strategies,384,KTVT-CBS 11,Dixie Strategies,81,Dixie Strategies,B/C,IVR/Live Phone,Texas,9/6/18,9/7/18,,,,86858,519,lv,,lv,,9/12/18 16:16,,https://dfw.cbslocal.com/2018/09/12/cruz-clings-to-small-lead-in-texas/,538,false,,121,2018,U.S. Senate,0,Class I,11/6/18,general,false,false,REP,Cruz,11126,Ted Cruz,45.87
3796,53971,753,Dixie Strategies,384,KTVT-CBS 11,Dixie Strategies,81,Dixie Strategies,B/C,IVR/Live Phone,Texas,9/6/18,9/7/18,,,,86858,519,lv,,lv,,9/12/18 16:16,,https://dfw.cbslocal.com/2018/09/12/cruz-clings-to-small-lead-in-texas/,538,false,,121,2018,U.S. Senate,0,Class I,11/6/18,general,false,false,LIB,Dikeman,11247,Neal M. Dikeman,1.28
3876,53776,1102,Emerson College Polling Society,,,Emerson College,88,Emerson College,A-,IVR/Online,Texas,8/22/18,8/25/18,,,,86415,550,rv,,rv,,8/27/18 10:20,,https://www.emerson.edu/sites/default/files/Files/Academics/ecp-tx-aug2018-pr.pdf,538,false,,121,2018,U.S. Senate,0,Class I,11/6/18,general,false,false,DEM,O'Rourke,11125,Beto O'Rourke,37.2
3877,53776,1102,Emerson College Polling Society,,,Emerson College,88,Emerson College,A-,IVR/Online,Texas,8/22/18,8/25/18,,,,86415,550,rv,,rv,,8/27/18 10:20,,https://www.emerson.edu/sites/default/files/Files/Academics/ecp-tx-aug2018-pr.pdf,538,false,,121,2018,U.S. Senate,0,Class I,11/6/18,general,false,false,REP,Cruz,11126,Ted Cruz,37.8
3912,53736,1205,Marist,132,NBC News,Marist College,183,Marist College,A,Live Phone,Texas,8/12/18,8/16/18,,,,86236,759,rv,,rv,,8/22/18 17:27,,https://www.nbcnews.com/politics/first-read/poll-democrat-o-rourke-trails-ted-cruz-just-four-percentage-n902946,538,false,,121,2018,U.S. Senate,0,Class I,11/6/18,general,false,false,DEM,O'Rourke,11125,Beto O'Rourke,45.0
3913,53736,1205,Marist,132,NBC News,Marist College,183,Marist College,A,Live Phone,Texas,8/12/18,8/16/18,,,,86236,759,rv,,rv,,8/22/18 17:27,,https://www.nbcnews.com/politics/first-read/poll-democrat-o-rourke-trails-ted-cruz-just-four-percentage-n902946,538,false,,121,2018,U.S. Senate,0,Class I,11/6/18,general,false,false,REP,Cruz,11126,Ted Cruz,49.0
3935,72925,1447,Civiqs,,,Civiqs,471,Civiqs,B-,,Texas,8/8/18,8/11/18,,,,136809,,,,,,11/10/20 13:02,,,538,false,,121,2018,U.S. Senate,0,Class I,11/6/18,general,false,false,DEM,O'Rourke,11125,Beto O'Rourke,48.0
3936,72925,1447,Civiqs,,,Civiqs,471,Civiqs,B-,,Texas,8/8/18,8/11/18,,,,136809,,,,,,11/10/20 13:02,,,538,false,,121,2018,U.S. Senate,0,Class I,11/6/18,general,false,false,REP,Cruz,11126,Ted Cruz,47.0
3962,53476,383,PPP,681,End Citizens United,Public Policy Polling,263,Public Policy Polling,A-,IVR/Online,Texas,8/1/18,8/2/18,,,,85660,797,v,,v,,8/3/18 13:05,DEM,https://www.texastribune.org/theblast/2018/08/03/,538,false,DEM,121,2018,U.S. Senate,0,Class I,11/6/18,general,false,false,DEM,O'Rourke,11125,Beto O'Rourke,42.0
3963,53476,383,PPP,681,End Citizens United,Public Policy Polling,263,Public Policy Polling,A-,IVR/Online,Texas,8/1/18,8/2/18,,,,85660,797,v,,v,,8/3/18 13:05,DEM,https://www.texastribune.org/theblast/2018/08/03/,538,false,DEM,121,2018,U.S. Senate,0,Class I,11/6/18,general,false,false,REP,Cruz,11126,Ted Cruz,46.0
3979,53463,396,Quinnipiac,,,Quinnipiac University,267,Quinnipiac University,A-,Live Phone,Texas,7/26/18,7/31/18,,,,84641,1118,rv,,rv,,8/1/18 12:55,,https://poll.qu.edu/poll-release-legacy?releaseid=2559,538,false,,121,2018,U.S. Senate,0,Class I,11/6/18,general,false,false,DEM,O'Rourke,11125,Beto O'Rourke,43.0
3980,53463,396,Quinnipiac,,,Quinnipiac University,267,Quinnipiac University,A-,Live Phone,Texas,7/26/18,7/31/18,,,,84641,1118,rv,,rv,,8/1/18 12:55,,https://poll.qu.edu/poll-release-legacy?releaseid=2559,538,false,,121,2018,U.S. Senate,0,Class I,11/6/18,general,false,false,REP,Cruz,11126,Ted Cruz,49.0
4006,53466,610,Texas Lyceum,,,Texas Lyceum,431,Texas Lyceum,,Live Phone/Online,Texas,7/9/18,7/25/18,,,,84648,806,rv,,rv,,8/1/18 13:21,,https://www.texaslyceum.org/page-18271,538,false,,121,2018,U.S. Senate,0,Class I,11/6/18,general,false,false,DEM,O'Rourke,11125,Beto O'Rourke,34.0
4007,53466,610,Texas Lyceum,,,Texas Lyceum,431,Texas Lyceum,,Live Phone/Online,Texas,7/9/18,7/25/18,,,,84648,806,rv,,rv,,8/1/18 13:21,,https://www.texaslyceum.org/page-18271,538,false,,121,2018,U.S. Senate,0,Class I,11/6/18,general,false,false,REP,Cruz,11126,Ted Cruz,36.0
4008,53466,610,Texas Lyceum,,,Texas Lyceum,431,Texas Lyceum,,Live Phone/Online,Texas,7/9/18,7/25/18,,,,84648,806,rv,,rv,,8/1/18 13:21,,https://www.texaslyceum.org/page-18271,538,false,,121,2018,U.S. Senate,0,Class I,11/6/18,general,false,false,LIB,Dikeman,11247,Neal M. Dikeman,3.0
4009,53466,610,Texas Lyceum,,,Texas Lyceum,431,Texas Lyceum,,Live Phone/Online,Texas,7/9/18,7/25/18,,,,84649,441,lv,,lv,,8/1/18 13:21,,https://www.texaslyceum.org/page-18271,538,false,,121,2018,U.S. Senate,0,Class I,11/6/18,general,false,false,DEM,O'Rourke,11125,Beto O'Rourke,39.0
4010,53466,610,Texas Lyceum,,,Texas Lyceum,431,Texas Lyceum,,Live Phone/Online,Texas,7/9/18,7/25/18,,,,84649,441,lv,,lv,,8/1/18 13:21,,https://www.texaslyceum.org/page-18271,538,false,,121,2018,U.S. Senate,0,Class I,11/6/18,general,false,false,REP,Cruz,11126,Ted Cruz,41.0
4011,53466,610,Texas Lyceum,,,Texas Lyceum,431,Texas Lyceum,,Live Phone/Online,Texas,7/9/18,7/25/18,,,,84649,441,lv,,lv,,8/1/18 13:21,,https://www.texaslyceum.org/page-18271,538,false,,121,2018,U.S. Senate,0,Class I,11/6/18,general,false,false,LIB,Dikeman,11247,Neal M. Dikeman,1.0
4050,52801,801,Gravis Marketing,,,Gravis Marketing,124,Gravis Marketing/Kaplan Strategies,B,IVR/Online,Texas,7/3/18,7/7/18,,,,83444,602,lv,,lv,,7/9/18 14:01,,https://www.scribd.com/document/383517600/Texas-2c-July-8-2c-2018#from_embed,538,false,,121,2018,U.S. Senate,0,Class I,11/6/18,general,false,false,DEM,O'Rourke,11125,Beto O'Rourke,42.0
4051,52801,801,Gravis Marketing,,,Gravis Marketing,124,Gravis Marketing/Kaplan Strategies,B,IVR/Online,Texas,7/3/18,7/7/18,,,,83444,602,lv,,lv,,7/9/18 14:01,,https://www.scribd.com/document/383517600/Texas-2c-July-8-2c-2018#from_embed,538,false,,121,2018,U.S. Senate,0,Class I,11/6/18,general,false,false,REP,Cruz,11126,Ted Cruz,51.0
4256,52737,568,YouGov,133,CBS News,YouGov,391,YouGov,B+,Online,Texas,6/19/18,6/22/18,,,,83322,1025,rv,,rv,,6/28/18 11:32,,https://drive.google.com/file/d/0ByVu4fDHYJgVQlR4eDZDQlFnRFYtTHBmemFpUDVvS081Skc4/view,538,false,,121,2018,U.S. Senate,0,Class I,11/6/18,general,false,false,DEM,O'Rourke,11125,Beto O'Rourke,36.0
4257,52737,568,YouGov,133,CBS News,YouGov,391,YouGov,B+,Online,Texas,6/19/18,6/22/18,,,,83322,1025,rv,,rv,,6/28/18 11:32,,https://drive.google.com/file/d/0ByVu4fDHYJgVQlR4eDZDQlFnRFYtTHBmemFpUDVvS081Skc4/view,538,false,,121,2018,U.S. Senate,0,Class I,11/6/18,general,false,false,REP,Cruz,11126,Ted Cruz,44.0
4258,52737,568,YouGov,133,CBS News,YouGov,391,YouGov,B+,Online,Texas,6/19/18,6/22/18,,,,83323,821,lv,,lv,,6/28/18 11:33,,https://drive.google.com/file/d/0ByVu4fDHYJgVQlR4eDZDQlFnRFYtTHBmemFpUDVvS081Skc4/view,538,false,,121,2018,U.S. Senate,0,Class I,11/6/18,general,false,false,DEM,O'Rourke,11125,Beto O'Rourke,40.0
4259,52737,568,YouGov,133,CBS News,YouGov,391,YouGov,B+,Online,Texas,6/19/18,6/22/18,,,,83323,821,lv,,lv,,6/28/18 11:33,,https://drive.google.com/file/d/0ByVu4fDHYJgVQlR4eDZDQlFnRFYtTHBmemFpUDVvS081Skc4/view,538,false,,121,2018,U.S. Senate,0,Class I,11/6/18,general,false,false,REP,Cruz,11126,Ted Cruz,50.0
4305,52735,568,YouGov,"216,406",Texas Tribune | University of Texas,YouGov,391,YouGov,B+,Online,Texas,6/8/18,6/17/18,,,,83318,1200,rv,,rv,,6/28/18 07:52,,https://www.texastribune.org/2018/06/25/ted-cruz-beto-orourke-poll-5-points-texas-senate-race-uttt/?utm_source=Atlas+Clips+-+Political&utm_campaign=e63d17ff0f-EMAIL_CAMPAIGN_2018_06_25_02_26&utm_medium=email&utm_term=0_ee77c6e4bd-e63d17ff0f-313135013,538,false,,121,2018,U.S. Senate,0,Class I,11/6/18,general,false,false,DEM,O'Rourke,11125,Beto O'Rourke,36.0
4306,52735,568,YouGov,"216,406",Texas Tribune | University of Texas,YouGov,391,YouGov,B+,Online,Texas,6/8/18,6/17/18,,,,83318,1200,rv,,rv,,6/28/18 07:52,,https://www.texastribune.org/2018/06/25/ted-cruz-beto-orourke-poll-5-points-texas-senate-race-uttt/?utm_source=Atlas+Clips+-+Political&utm_campaign=e63d17ff0f-EMAIL_CAMPAIGN_2018_06_25_02_26&utm_medium=email&utm_term=0_ee77c6e4bd-e63d17ff0f-313135013,538,false,,121,2018,U.S. Senate,0,Class I,11/6/18,general,false,false,REP,Cruz,11126,Ted Cruz,41.0
4307,52735,568,YouGov,"216,406",Texas Tribune | University of Texas,YouGov,391,YouGov,B+,Online,Texas,6/8/18,6/17/18,,,,83318,1200,rv,,rv,,6/28/18 07:52,,https://www.texastribune.org/2018/06/25/ted-cruz-beto-orourke-poll-5-points-texas-senate-race-uttt/?utm_source=Atlas+Clips+-+Political&utm_campaign=e63d17ff0f-EMAIL_CAMPAIGN_2018_06_25_02_26&utm_medium=email&utm_term=0_ee77c6e4bd-e63d17ff0f-313135013,538,false,,121,2018,U.S. Senate,0,Class I,11/6/18,general,false,false,LIB,Dikeman,11247,Neal M. Dikeman,2.0
4340,53682,187,Greenberg Quinlan Rosner,681,End Citizens United,GQR,126,GQR Research (GQRR),B,,Texas,5/29/18,6/5/18,,,,86145,1000,lv,,lv,,8/21/18 00:59,,http://endcitizensunited.org/wp-content/uploads/2018/06/Texas-Senate-Public-Memo-061418.pdf,538,false,DEM,121,2018,U.S. Senate,0,Class I,11/6/18,general,false,false,DEM,O'Rourke,11125,Beto O'Rourke,43.0
4341,53682,187,Greenberg Quinlan Rosner,681,End Citizens United,GQR,126,GQR Research (GQRR),B,,Texas,5/29/18,6/5/18,,,,86145,1000,lv,,lv,,8/21/18 00:59,,http://endcitizensunited.org/wp-content/uploads/2018/06/Texas-Senate-Public-Memo-061418.pdf,538,false,DEM,121,2018,U.S. Senate,0,Class I,11/6/18,general,false,false,REP,Cruz,11126,Ted Cruz,49.0
4354,52597,396,Quinnipiac,,,Quinnipiac University,267,Quinnipiac University,A-,Live Phone,Texas,5/23/18,5/29/18,,,,83157,961,rv,,rv,,6/22/18 15:19,,https://poll.qu.edu/poll-release-legacy?releaseid=2542,538,false,,121,2018,U.S. Senate,0,Class I,11/6/18,general,false,false,DEM,O'Rourke,11125,Beto O'Rourke,39.0
4355,52597,396,Quinnipiac,,,Quinnipiac University,267,Quinnipiac University,A-,Live Phone,Texas,5/23/18,5/29/18,,,,83157,961,rv,,rv,,6/22/18 15:19,,https://poll.qu.edu/poll-release-legacy?releaseid=2542,538,false,,121,2018,U.S. Senate,0,Class I,11/6/18,general,false,false,REP,Cruz,11126,Ted Cruz,50.0
4356,52776,47,Baselice & Associates,956,Texans for Lawsuit Reform PAC,Baselice & Associates,23,Baselice & Associates,B/C,,Texas,5/21/18,5/28/18,,,,83388,601,lv,,lv,,7/3/18 14:10,,https://www.tlrpac.com/press-release/poll-shows-texas-voters-continue-support-reform-minded-candidates,538,false,REP,121,2018,U.S. Senate,0,Class I,11/6/18,general,false,false,DEM,O'Rourke,11125,Beto O'Rourke,36.0
4357,52776,47,Baselice & Associates,956,Texans for Lawsuit Reform PAC,Baselice & Associates,23,Baselice & Associates,B/C,,Texas,5/21/18,5/28/18,,,,83388,601,lv,,lv,,7/3/18 14:10,,https://www.tlrpac.com/press-release/poll-shows-texas-voters-continue-support-reform-minded-candidates,538,false,REP,121,2018,U.S. Senate,0,Class I,11/6/18,general,false,false,REP,Cruz,11126,Ted Cruz,48.0
4370,52632,383,PPP,1011,Giffords,Public Policy Polling,263,Public Policy Polling,A-,,Texas,5/21/18,5/22/18,,,,83161,861,v,,v,,6/22/18 15:22,,https://www.scribd.com/document/381154820/PPP-poll-of-TX-SEN-for-Giffords,538,false,DEM,121,2018,U.S. Senate,0,Class I,11/6/18,general,false,false,DEM,O'Rourke,11125,Beto O'Rourke,42.0
4371,52632,383,PPP,1011,Giffords,Public Policy Polling,263,Public Policy Polling,A-,,Texas,5/21/18,5/22/18,,,,83161,861,v,,v,,6/22/18 15:22,,https://www.scribd.com/document/381154820/PPP-poll-of-TX-SEN-for-Giffords,538,false,DEM,121,2018,U.S. Senate,0,Class I,11/6/18,general,false,false,REP,Cruz,11126,Ted Cruz,48.0
4372,52596,621,JMC Analytics,1012,Red Metrics Group,JMC Analytics,156,JMC Analytics,B/C,IVR,Texas,5/19/18,5/21/18,,,,83156,575,lv,,lv,,6/22/18 15:18,,http://winwithjmc.com/wp-content/uploads/2018/05/Texas-Executive-Summary.pdf,538,false,REP,121,2018,U.S. Senate,0,Class I,11/6/18,general,false,false,DEM,O'Rourke,11125,Beto O'Rourke,40.0
4373,52596,621,JMC Analytics,1012,Red Metrics Group,JMC Analytics,156,JMC Analytics,B/C,IVR,Texas,5/19/18,5/21/18,,,,83156,575,lv,,lv,,6/22/18 15:18,,http://winwithjmc.com/wp-content/uploads/2018/05/Texas-Executive-Summary.pdf,538,false,REP,121,2018,U.S. Senate,0,Class I,11/6/18,general,false,false,REP,Cruz,11126,Ted Cruz,47.0
4374,52596,621,JMC Analytics,1012,Red Metrics Group,JMC Analytics,156,JMC Analytics,B/C,IVR,Texas,5/19/18,5/21/18,,,,83156,575,lv,,lv,,6/22/18 15:18,,http://winwithjmc.com/wp-content/uploads/2018/05/Texas-Executive-Summary.pdf,538,false,REP,121,2018,U.S. Senate,0,Class I,11/6/18,general,false,false,IND,Jenkins,11127,Jonathan Jenkins,6.0
4426,52598,396,Quinnipiac,,,Quinnipiac University,267,Quinnipiac University,A-,Live Phone,Texas,4/12/18,4/17/18,,,,83158,1029,rv,,rv,,6/22/18 15:19,,https://poll.qu.edu/poll-release-legacy?releaseid=2536,538,false,,121,2018,U.S. Senate,0,Class I,11/6/18,general,false,false,DEM,O'Rourke,11125,Beto O'Rourke,44.0
4427,52598,396,Quinnipiac,,,Quinnipiac University,267,Quinnipiac University,A-,Live Phone,Texas,4/12/18,4/17/18,,,,83158,1029,rv,,rv,,6/22/18 15:19,,https://poll.qu.edu/poll-release-legacy?releaseid=2536,538,false,,121,2018,U.S. Senate,0,Class I,11/6/18,general,false,false,REP,Cruz,11126,Ted Cruz,47.0
4534,53681,383,PPP,681,End Citizens United,Public Policy Polling,263,Public Policy Polling,A-,,Texas,1/17/18,1/18/18,,,,86144,757,v,,v,,8/21/18 00:59,,http://endcitizensunited.org/press-releases/new-poll-texas-senate-race-within-single-digits/,538,false,DEM,121,2018,U.S. Senate,0,Class I,11/6/18,general,false,false,DEM,O'Rourke,11125,Beto O'Rourke,37.0
4535,53681,383,PPP,681,End Citizens United,Public Policy Polling,263,Public Policy Polling,A-,,Texas,1/17/18,1/18/18,,,,86144,757,v,,v,,8/21/18 00:59,,http://endcitizensunited.org/press-releases/new-poll-texas-senate-race-within-single-digits/,538,false,DEM,121,2018,U.S. Senate,0,Class I,11/6/18,general,false,false,REP,Cruz,11126,Ted Cruz,45.0
4548,52631,1418,WPA Intelligence,,,WPA Intelligence,383,WPA Intelligence (WPAi),B/C,,Texas,12/12/17,12/14/17,11126,Ted Cruz,REP,83160,600,lv,,lv,,6/22/18 15:21,,https://www.houstonchronicle.com/news/politics/article/GOP-study-Ted-Cruz-begins-2018-Senate-race-with-12467377.php?utm_campaign=twitter-premium&utm_source=CMS%2520Sharing%2520Button&utm_medium=social&utm_campaign=twitter-premium&utm_source=CMS%2520Sharing%2520Button&utm_medium=social,538,true,REP,121,2018,U.S. Senate,0,Class I,11/6/18,general,false,false,DEM,O'Rourke,11125,Beto O'Rourke,34.0
4549,52631,1418,WPA Intelligence,,,WPA Intelligence,383,WPA Intelligence (WPAi),B/C,,Texas,12/12/17,12/14/17,11126,Ted Cruz,REP,83160,600,lv,,lv,,6/22/18 15:21,,https://www.houstonchronicle.com/news/politics/article/GOP-study-Ted-Cruz-begins-2018-Senate-race-with-12467377.php?utm_campaign=twitter-premium&utm_source=CMS%2520Sharing%2520Button&utm_medium=social&utm_campaign=twitter-premium&utm_source=CMS%2520Sharing%2520Button&utm_medium=social,538,true,REP,121,2018,U.S. Senate,0,Class I,11/6/18,general,false,false,REP,Cruz,11126,Ted Cruz,52.0
4590,52630,610,Texas Lyceum,,,Texas Lyceum,431,Texas Lyceum,,Live Phone,Texas,4/3/17,4/9/17,,,,83159,1000,a,,a,,6/22/18 15:20,,https://www.texaslyceum.org/resources/Pictures/2017%20Topline%20Results.pdf,538,false,,121,2018,U.S. Senate,0,Class I,11/6/18,general,false,false,DEM,O'Rourke,11125,Beto O'Rourke,30.0
4591,52630,610,Texas Lyceum,,,Texas Lyceum,431,Texas Lyceum,,Live Phone,Texas,4/3/17,4/9/17,,,,83159,1000,a,,a,,6/22/18 15:20,,https://www.texaslyceum.org/resources/Pictures/2017%20Topline%20Results.pdf,538,false,,121,2018,U.S. Senate,0,Class I,11/6/18,general,false,false,REP,Cruz,11126,Ted Cruz,30.0
