Poll,Field Dates,Sample Size,Sample,MOE,Cruz,Allred,Spread,tracker_row,release_url
University of Texas at Tyler Center for Opinion Research,10/14-10/21/2024,956,LV,4.0%,47%,45%,Cruz +2,1,https://www.uttyler.edu/academics/colleges-schools/arts-sciences/departments/political-science/files/uttyler-poll-202410-v2.pdf
New York Times/Siena College,10/23-10/26/2024,1180,LV,3.3%,50%,46%,Cruz +4,2,https://www.nytimes.com/interactive/2024/10/28/us/elections/times-siena-texas-poll-crosstabs.html
Activote,10/21-10/27/2024,400,LV,4.9%,52%,48%,Cruz +5,3,https://www.activote.net/cruz-still-ahead-in-texas/
Emerson College/The Hill,10/18-10/21/2024,815,LV,3.4%,48%,47%,Cruz +1,4,https://emersoncollegepolling.com/october-2024-texas-poll-trump-53-harris-46/
Activote,10/1-10/15/2024,400,LV,4.9%,53%,47%,Cruz +6,5,https://pro.morningconsult.com/trackers/2024-election-state-polls
Morning Consult,10/6-10/15/2024,2048,LV,,46%,45%,Cruz +1,6,https://pro.morningconsult.com/trackers/2024-election-state-polls
UT/Texas Politics Project,10/2-10/10/2024,1091,LV,2.97%,51%,44%,Cruz +7,7,https://texaspolitics.utexas.edu/blog/voting-about-start-texas-trump-and-cruz-maintain-single-digit-leads-new-university-texastexas
Hobby School of Public Affairs,9/26-10/10/2024,1329,LV,2.69%,50%,46%,Cruz +4,8,https://www.documentcloud.org/documents/25206688-txstatewide2024
Marist,10/3-10/7/2024,1186,LV,3.6%,50%,46%,Cruz +4,9,https://maristpoll.marist.edu/polls/u-s-presidential-contest-texas-october-2024/
Florida Atlantic University/Mainstreet Research,10/2-10/6/2024,775,LV,3.4%,46%,43%,Cruz +3,10,http://FAU / Mainstreet
New York Times/Sienna College,9/29-10/4/2024,617,LV,4.8%,48%,44%,Cruz +4,11,https://www.nytimes.com/interactive/2024/10/10/us/elections/times-siena-poll-texas-crosstabs.html
ActiVote,9/5-9/30/2024,400,LV,4.9%,52%,48%,Cruz +4,12,https://www.activote.net/cruz-has-a-small-lead-in-texas/
Public Policy Polling (Clean and Prosperous America PAC),9/25-9/26/2024,759,RV,3.5%,45%,43%,Cruz +2,13,https://cleanprosperousamerica.org/wp-content/uploads/CaPA-FL-TX-Poll-Memo-Sept-29-2024.pdf
Emerson College Polling/The Hill/Nexstar,9/22-9/24/2024,950,LV,3.1%,49%,45%,Cruz +4,14,https://emersoncollegepolling.com/september-2024-texas-poll-trump-51-harris-46cruz-49-allred-45/
Texas Hispanic Policy Foundation,9/13-9/19/2024,1200,LV,2.83%,48%,45%,Cruz +3,15,https://www.txhpf.org/2024/09/23/texas-hispanic-policy-foundation-survey-shows-trump-leads-harris-by-only-6-among-all-texas-likely-voters-with-44-days-left-until-election-day/
Morning Consult,9/9-9/18/2024,2716,LV,,44%,45%,Allred +1,16,https://pro.morningconsult.com/trackers/2024-election-state-polls
Emerson College/Nexstar,9/3-9/5/2024,845,LV,3.3%,48%,44%,Cruz +4,17,https://emersoncollegepolling.com/september-state-polling-california-florida-ohio-texas/
Morning Consult,8/30-9/8/2024,2940,LV,,47%,42%,Cruz +5,18,https://pro.morningconsult.com/trackers/2024-election-state-polls
UT/Texas Politics Project,8/23-8/31/2024,1200,RV,2.83%,44%,36%,Cruz +8,19,https://texaspolitics.utexas.edu/blog/donald-trump-maintains-lead-texas-kamala-harris-narrows-gap-amidst-surge-democratic-enthusiasm
Texas Public Opinion Research/Lake Research Partners,8/24/8/29/2024,800,RV,3.5%,47%,43%,Cruz +4,20,https://drive.google.com/drive/folders/18ie7PYwsYi-lF1vf289cFjjFcyGGqUlb?usp=sharing
Activote,8/13-8/29/2024,400,LV,4.9%,55.2%,44.8%,Cruz +10,21,https://www.activote.net/cruz-extends-lead-in-texas/
Clean and Prosperous America PAC/Public Policy Polling,8/21-8/22/2024,725,RV,3.6%,47%,45%,Cruz +2,22,https://t.co/yu65XeV28N
University of Houston/Texas Southern University,8/5-8/16/2024,1365,LV,2.65%,46.6%,44.5%,Cruz +2,23,https://uh.edu/hobby/txtrends/election2.pdf
University of Houston/Texas Southern University,6/20-7/1/2024,1484,LV,2.1%,47%,44%,Cruz +3,24,https://uh.edu/hobby/txtrends/2024/
Manhattan Institute,6/25-6/27/2024,600,LV,4.00%,46%,43%,Cruz +3,25,https://manhattan.institute/article/testing-texas
University of Texas at Tyler Center for Opinion Research,6/11-6/20/2024,931,LV,3.80%,45%,42%,Cruz +3,26,http://www.uttyler.edu/academics/colleges-schools/arts-sciences/departments/political-science/files/pollingcenter/center-for-opinion-research-june-2024-poll.pdf
University of Texas at Tyler Center for Opinion Research,6/11-6/20/2024,1144,RV,3.70%,43%,39%,Cruz +4,27,https://www.uttyler.edu/academics/colleges-schools/arts-sciences/departments/political-science/files/pollingcenter/center-for-opinion-research-june-2024-poll.pdf
UT/Texas Politics Project,5/31-6/9/2024,1200,RV,2.83%,45%,34%,Cruz +11,28,https://texaspolitics.utexas.edu/blog/most-gop-voters-say-former-president-didn%E2%80%99t-get-fair-trial-new-york-trump-maintains-46-39-lead
UT/Texas Politics Project,4/12-4/22/2024,1200,RV,2.83%,46%,33%,Cruz +13,29,https://texaspolitics.utexas.edu/blog/new-university-texastexas-politics-project-poll-trump-maintains-48-40-lead-over-biden-head-head
Texas Lyceum Poll,4/12-4/21/2024,926,RV,3.22%,41%,31%,Cruz +10,30,https://www.texaslyceum.org/lyceum-poll
Texas Hispanic Public Policy Foundation,4/5-4/10/2024,1600,LV,2.45%,46%,41%,Cruz +5,31,https://www.txhpf.org/2024/04/16/texas-hispanic-policy-foundation-survey-shows-trump-leads-biden-among-all-texas-likely-voters-and-hispanic-likely-voters-by-12-and-4-respectively/
Marist *,3/18-3/21/2024,1117,RV,3.85%,51%,45%,Cruz +6,32,https://maristpoll.marist.edu/polls/the-battleground-2024-texas/?mkt_tok=NTU2LVlFRS05NjkAAAGSGmQ8UaiKImXwIPEkG-TaswcwdQ5MMn2VkC7Q35e7APYJTu3RB64djh8yvacWbOv-JVIDhPCgKR6bm66e7BJrk3AVT9bv-pcwWbfavkpcHqFI
UT Tyler/Center for Opinion Research,2/18-2/26/2024,1167,RV,3.2%,41%,41%,Tie,33,https://projects.fivethirtyeight.com/polls/20240229_TX_UTTyler.pdf
UT/Texas Politics Project,2/2-2/12/2024,1200,RV,2.83%,46%,32%,Cruz +14,34,https://texaspolitics.utexas.edu/set/presidential-trial-ballot-biden-vs-donald-trump-february-2024
Emerson College,1/13-1/15/2024,1315,RV,2.6%,42%,40%,Cruz +2,35,https://emersoncollegepolling.com/texas-2024-poll-allred-leads-democratic-senate-primary-plurality-are-undecided/
U of Houston / Hobby School,1/11-1/24/2024,1145,RV,2.5%,48%,39%,Cruz +9,36,https://uh.edu/hobby/txprimary2024/president.pdf
UT/Texas Politics Project,12/1-12/10/2023,1200,RV,2.83%,43%,27%,Cruz +16,37,https://texaspolitics.utexas.edu/set/presidential-trial-ballot-biden-vs-donald-trump-december-2023
