source,source_rows,cycle,race_id,poll_id,question_id,poll_label,pollster_id,sponsors,start_date,end_date,election_date,sample_size,population,population_raw,population_full,dem_candidate,rep_candidate,dem_pct,rep_pct,candidate_answers_json,field_dates_raw,moe_raw,spread_raw,release_url,created_at_raw,notes,methodology,tracking,internal,partisan,primary_verification,flags
538_archive,135;136,2020,6295,72774,136577,Swayable,1522,,2020-10-27,2020-11-02,2020-11-03,1042,LV,lv,lv,Mary Jennings Hegar,John Cornyn,43.5,56.5,"[{""candidate_id"": ""13459"", ""candidate_name"": ""Mary Jennings Hegar"", ""party"": ""DEM"", ""pct"": ""43.5""}, {""candidate_id"": ""13444"", ""candidate_name"": ""John Cornyn"", ""party"": ""REP"", ""pct"": ""56.5""}]",,,,https://www.swayable.com/polls/2020-11-02-large.html,11/2/20 22:16,,Online,,false,,pending,mirror_not_verified_against_original;publication_date_unverified
538_archive,185;186;187;188,2020,6295,72583,136217,Data for Progress,1515,,2020-10-27,2020-11-01,2020-11-03,926,LV,lv,lv,Mary Jennings Hegar,John Cornyn,47.0,50.0,"[{""candidate_id"": ""13459"", ""candidate_name"": ""Mary Jennings Hegar"", ""party"": ""DEM"", ""pct"": ""47.0""}, {""candidate_id"": ""13444"", ""candidate_name"": ""John Cornyn"", ""party"": ""REP"", ""pct"": ""50.0""}, {""candidate_id"": ""15683"", ""candidate_name"": ""Ricardo Turullols-Bonilla"", ""party"": ""IND"", ""pct"": ""2.0""}, {""candidate_id"": ""15835"", ""candidate_name"": ""Kerry Douglas McKennon"", ""party"": ""LIB"", ""pct"": ""1.0""}]",,,,https://filesforprogress.org/datasets/2020/11/2020-election-polls/toplines/dfp_tx_11.1.20.pdf,11/1/20 21:26,,Online/Text,,false,,pending,mirror_not_verified_against_original;publication_date_unverified
538_archive,267;268,2020,6295,72518,136088,Emerson College,1102,,2020-10-29,2020-10-31,2020-11-03,763,LV,lv,lv,Mary Jennings Hegar,John Cornyn,47.0,51.0,"[{""candidate_id"": ""13459"", ""candidate_name"": ""Mary Jennings Hegar"", ""party"": ""DEM"", ""pct"": ""47.0""}, {""candidate_id"": ""13444"", ""candidate_name"": ""John Cornyn"", ""party"": ""REP"", ""pct"": ""51.0""}]",,,,https://emersonpolling.reportablenews.com/pr/super-poll-sunday-democrats-within-striking-distance-in-key-southern-states,11/1/20 17:15,,IVR/Online/Text,,false,,pending,mirror_not_verified_against_original;publication_date_unverified
538_archive,281;282,2020,6295,72614,136276,Morning Consult,1189,,2020-10-22,2020-10-31,2020-11-03,3267,LV,lv,lv,Mary Jennings Hegar,John Cornyn,42.5,46.7,"[{""candidate_id"": ""13459"", ""candidate_name"": ""Mary Jennings Hegar"", ""party"": ""DEM"", ""pct"": ""42.5""}, {""candidate_id"": ""13444"", ""candidate_name"": ""John Cornyn"", ""party"": ""REP"", ""pct"": ""46.7""}]",,,,https://morningconsult.com/form/2020-u-s-election-tracker/,11/2/20 07:20,,Online,TRUE,false,,pending,mirror_not_verified_against_original;publication_date_unverified
538_archive,361;362,2020,6295,72229,135688,RMG Research,1554,PoliticalIQ,2020-10-27,2020-10-28,2020-11-03,800,LV,lv,lv,Mary Jennings Hegar,John Cornyn,42.0,48.0,"[{""candidate_id"": ""13459"", ""candidate_name"": ""Mary Jennings Hegar"", ""party"": ""DEM"", ""pct"": ""42.0""}, {""candidate_id"": ""13444"", ""candidate_name"": ""John Cornyn"", ""party"": ""REP"", ""pct"": ""48.0""}]",,,,http://politicaliq.com/2020/10/30/tx-senate-cornyn-r-48-hegar-d-42/,10/30/20 10:47,,IVR/Text,,false,,pending,mirror_not_verified_against_original;publication_date_unverified
538_archive,369;370,2020,6295,72498,136057,Gravis Marketing,801,,2020-10-27,2020-10-28,2020-11-03,670,LV,lv,lv,Mary Jennings Hegar,John Cornyn,43.0,49.0,"[{""candidate_id"": ""13459"", ""candidate_name"": ""Mary Jennings Hegar"", ""party"": ""DEM"", ""pct"": ""43.0""}, {""candidate_id"": ""13444"", ""candidate_name"": ""John Cornyn"", ""party"": ""REP"", ""pct"": ""49.0""}]",,,,https://gravismarketing.com/texas-poll/,11/1/20 13:21,,IVR/Online,,false,,pending,mirror_not_verified_against_original;publication_date_unverified
538_archive,522;523,2020,6295,72308,135652,Swayable,1522,,2020-10-23,2020-10-26,2020-11-03,492,LV,lv,lv,Mary Jennings Hegar,John Cornyn,47.6,52.4,"[{""candidate_id"": ""13459"", ""candidate_name"": ""Mary Jennings Hegar"", ""party"": ""DEM"", ""pct"": ""47.6""}, {""candidate_id"": ""13444"", ""candidate_name"": ""John Cornyn"", ""party"": ""REP"", ""pct"": ""52.4""}]",,,,https://www.swayable.com/polls/2020-10-28.html,10/30/20 07:55,,Online,,false,,pending,mirror_not_verified_against_original;publication_date_unverified
538_archive,528;529,2020,6295,72206,135451,University of Massachusetts Lowell,1234,,2020-10-20,2020-10-26,2020-11-03,873,LV,lv,lv,Mary Jennings Hegar,John Cornyn,44.0,49.0,"[{""candidate_id"": ""13459"", ""candidate_name"": ""Mary Jennings Hegar"", ""party"": ""DEM"", ""pct"": ""44.0""}, {""candidate_id"": ""13444"", ""candidate_name"": ""John Cornyn"", ""party"": ""REP"", ""pct"": ""49.0""}]",,,,https://www.uml.edu/docs/2020-Texas-Oct-Topline_tcm18-331627.pdf,10/29/20 12:46,,Online,,false,,pending,mirror_not_verified_against_original;publication_date_unverified
538_archive,538;539;540;541,2020,6295,71957,134886,Data for Progress,1515,Crooked Media | Indivisible,2020-10-22,2020-10-25,2020-11-03,1018,LV,lv,lv,Mary Jennings Hegar,John Cornyn,46.0,48.0,"[{""candidate_id"": ""13459"", ""candidate_name"": ""Mary Jennings Hegar"", ""party"": ""DEM"", ""pct"": ""46.0""}, {""candidate_id"": ""13444"", ""candidate_name"": ""John Cornyn"", ""party"": ""REP"", ""pct"": ""48.0""}, {""candidate_id"": ""15683"", ""candidate_name"": ""Ricardo Turullols-Bonilla"", ""party"": ""IND"", ""pct"": ""1.0""}, {""candidate_id"": ""15835"", ""candidate_name"": ""Kerry Douglas McKennon"", ""party"": ""LIB"", ""pct"": ""1.0""}]",,,,https://filesforprogress.org/memos/2020-senate-project/week-6/dfp_psp_tx_10.26.pdf,10/26/20 11:53,,Online,,false,DEM,pending,mirror_not_verified_against_original;publication_date_unverified
538_archive,554;555;556,2020,6295,71967,134908,Siena College/The New York Times Upshot,1424,,2020-10-20,2020-10-25,2020-11-03,802,LV,lv,lv,Mary Jennings Hegar,John Cornyn,38.0,48.0,"[{""candidate_id"": ""13459"", ""candidate_name"": ""Mary Jennings Hegar"", ""party"": ""DEM"", ""pct"": ""38.0""}, {""candidate_id"": ""13444"", ""candidate_name"": ""John Cornyn"", ""party"": ""REP"", ""pct"": ""48.0""}, {""candidate_id"": ""15835"", ""candidate_name"": ""Kerry Douglas McKennon"", ""party"": ""LIB"", ""pct"": ""4.0""}]",,,,https://int.nyt.com/data/documenttools/tx102020-crosstabs-1/a1e2440aa9de6f2e/full.pdf,10/26/20 13:03,,Live Phone,,false,,pending,mirror_not_verified_against_original;publication_date_unverified
538_archive,563;564,2020,6295,72149,135279,University of Houston/Latino Decisions/North Star Opinion Research,1499,Univision | University of Houston,2020-10-17,2020-10-25,2020-11-03,758,RV,rv,rv,Mary Jennings Hegar,John Cornyn,40.0,45.0,"[{""candidate_id"": ""13459"", ""candidate_name"": ""Mary Jennings Hegar"", ""party"": ""DEM"", ""pct"": ""40.0""}, {""candidate_id"": ""13444"", ""candidate_name"": ""John Cornyn"", ""party"": ""REP"", ""pct"": ""45.0""}]",,,,https://st1.uvnimg.com/33/8f/ed1016da4a5fb16ec7e34cd5568a/univision-crosstabs-october-final.pdf,10/28/20 13:00,,Live Phone/Online,,false,,pending,mirror_not_verified_against_original;publication_date_unverified
538_archive,667;668,2020,6295,72186,135401,Citizen Data,1620,,2020-10-17,2020-10-20,2020-11-03,1000,LV,lv,lv,Mary Jennings Hegar,John Cornyn,40.62,40.82,"[{""candidate_id"": ""13459"", ""candidate_name"": ""Mary Jennings Hegar"", ""party"": ""DEM"", ""pct"": ""40.62""}, {""candidate_id"": ""13444"", ""candidate_name"": ""John Cornyn"", ""party"": ""REP"", ""pct"": ""40.82""}]",,,,https://github.com/GetCitizenData/VoteByMail/blob/master/VoteByMail-Texas/Modeling/October/Corrected%20Texas%20VBM%20Toplines%2010_29_20.pdf,10/29/20 08:18,,IVR/Online,,false,,pending,mirror_not_verified_against_original;publication_date_unverified
538_archive,682;683;684;685,2020,6295,71884,134739,University of Texas at Tyler,1474,Dallas Morning News,2020-10-13,2020-10-20,2020-11-03,1012,RV,rv,rv,Mary Jennings Hegar,John Cornyn,32.0,40.0,"[{""candidate_id"": ""13459"", ""candidate_name"": ""Mary Jennings Hegar"", ""party"": ""DEM"", ""pct"": ""32.0""}, {""candidate_id"": ""13444"", ""candidate_name"": ""John Cornyn"", ""party"": ""REP"", ""pct"": ""40.0""}, {""candidate_id"": ""15835"", ""candidate_name"": ""Kerry Douglas McKennon"", ""party"": ""LIB"", ""pct"": ""4.0""}, {""candidate_id"": ""15852"", ""candidate_name"": ""David B. Collins"", ""party"": ""GRE"", ""pct"": ""2.0""}]",,,,https://www.uttyler.edu/politicalscience/files/oct2020-rv-codebook-dmn-uttyler-poll.pdf,10/25/20 07:34,,Live Phone/Online,,false,,pending,mirror_not_verified_against_original;publication_date_unverified;multiple_questions_same_poll
538_archive,686;687;688;689,2020,6295,71884,134740,University of Texas at Tyler,1474,Dallas Morning News,2020-10-13,2020-10-20,2020-11-03,925,LV,lv,lv,Mary Jennings Hegar,John Cornyn,34.0,42.0,"[{""candidate_id"": ""13459"", ""candidate_name"": ""Mary Jennings Hegar"", ""party"": ""DEM"", ""pct"": ""34.0""}, {""candidate_id"": ""13444"", ""candidate_name"": ""John Cornyn"", ""party"": ""REP"", ""pct"": ""42.0""}, {""candidate_id"": ""15835"", ""candidate_name"": ""Kerry Douglas McKennon"", ""party"": ""LIB"", ""pct"": ""3.0""}, {""candidate_id"": ""15852"", ""candidate_name"": ""David B. Collins"", ""party"": ""GRE"", ""pct"": ""2.0""}]",,,,https://www.uttyler.edu/politicalscience/files/oct2020-lv-codebook-dmn-uttyler-poll.pdf,10/25/20 07:34,,Live Phone/Online,,false,,pending,mirror_not_verified_against_original;publication_date_unverified;multiple_questions_same_poll
538_archive,690;691;692;693,2020,6295,71955,134883,YouGov,568,University of Houston,2020-10-13,2020-10-20,2020-11-03,1000,LV,lv,lv,Mary Jennings Hegar,John Cornyn,41.6,48.9,"[{""candidate_id"": ""13459"", ""candidate_name"": ""Mary Jennings Hegar"", ""party"": ""DEM"", ""pct"": ""41.6""}, {""candidate_id"": ""13444"", ""candidate_name"": ""John Cornyn"", ""party"": ""REP"", ""pct"": ""48.9""}, {""candidate_id"": ""15835"", ""candidate_name"": ""Kerry Douglas McKennon"", ""party"": ""LIB"", ""pct"": ""2.8""}, {""candidate_id"": ""15852"", ""candidate_name"": ""David B. Collins"", ""party"": ""GRE"", ""pct"": ""1.1""}]",,,,https://uh.edu/hobby/election2020/texas2020.pdf,10/26/20 10:44,,Online,,false,,pending,mirror_not_verified_against_original;publication_date_unverified
538_archive,706;707,2020,6295,71647,134232,Morning Consult,1189,,2020-10-11,2020-10-20,2020-11-03,3347,LV,lv,lv,Mary Jennings Hegar,John Cornyn,41.0,46.0,"[{""candidate_id"": ""13459"", ""candidate_name"": ""Mary Jennings Hegar"", ""party"": ""DEM"", ""pct"": ""41.0""}, {""candidate_id"": ""13444"", ""candidate_name"": ""John Cornyn"", ""party"": ""REP"", ""pct"": ""46.0""}]",,,,https://morningconsult.com/form/2020-u-s-election-tracker/,10/22/20 07:35,,Online,TRUE,false,,pending,mirror_not_verified_against_original;publication_date_unverified
538_archive,708;709;710;711,2020,6295,71458,133839,Cygnal,1347,Ready Education Network,2020-10-18,2020-10-19,2020-11-03,600,LV,lv,lv,Mary Jennings Hegar,John Cornyn,40.8,48.9,"[{""candidate_id"": ""13459"", ""candidate_name"": ""Mary Jennings Hegar"", ""party"": ""DEM"", ""pct"": ""40.8""}, {""candidate_id"": ""13444"", ""candidate_name"": ""John Cornyn"", ""party"": ""REP"", ""pct"": ""48.9""}, {""candidate_id"": ""15835"", ""candidate_name"": ""Kerry Douglas McKennon"", ""party"": ""LIB"", ""pct"": ""2.8""}, {""candidate_id"": ""15852"", ""candidate_name"": ""David B. Collins"", ""party"": ""GRE"", ""pct"": ""0.6""}]",,,,https://www.cygn.al/cygnal-poll-cornyn-leads-hegar-by-eight-points/,10/20/20 13:39,,IVR/Live Phone/Text,,false,REP,pending,mirror_not_verified_against_original;publication_date_unverified
538_archive,735;736,2020,6295,71556,134044,Quinnipiac University,396,,2020-10-16,2020-10-19,2020-11-03,1145,LV,lv,lv,Mary Jennings Hegar,John Cornyn,43.0,49.0,"[{""candidate_id"": ""13459"", ""candidate_name"": ""Mary Jennings Hegar"", ""party"": ""DEM"", ""pct"": ""43.0""}, {""candidate_id"": ""13444"", ""candidate_name"": ""John Cornyn"", ""party"": ""REP"", ""pct"": ""49.0""}]",,,,https://poll.qu.edu/Poll-Release?releaseid=3742,10/21/20 14:02,,Live Phone,,false,,pending,mirror_not_verified_against_original;publication_date_unverified
538_archive,776;777;778;779,2020,6295,71437,133786,Data for Progress,1515,Crooked Media | Indivisible,2020-10-15,2020-10-18,2020-11-03,933,LV,lv,lv,Mary Jennings Hegar,John Cornyn,41.0,44.0,"[{""candidate_id"": ""13459"", ""candidate_name"": ""Mary Jennings Hegar"", ""party"": ""DEM"", ""pct"": ""41.0""}, {""candidate_id"": ""13444"", ""candidate_name"": ""John Cornyn"", ""party"": ""REP"", ""pct"": ""44.0""}, {""candidate_id"": ""15683"", ""candidate_name"": ""Ricardo Turullols-Bonilla"", ""party"": ""IND"", ""pct"": ""1.0""}, {""candidate_id"": ""15835"", ""candidate_name"": ""Kerry Douglas McKennon"", ""party"": ""LIB"", ""pct"": ""2.0""}]",,,,https://filesforprogress.org/memos/2020-senate-project/week-5/toplines/tx.pdf,10/19/20 21:53,,Online/Text,,false,DEM,pending,mirror_not_verified_against_original;publication_date_unverified
538_archive,808;809,2020,6295,71169,133244,Public Policy Polling,383,,2020-10-14,2020-10-15,2020-11-03,712,V,v,v,Mary Jennings Hegar,John Cornyn,46.0,49.0,"[{""candidate_id"": ""13459"", ""candidate_name"": ""Mary Jennings Hegar"", ""party"": ""DEM"", ""pct"": ""46.0""}, {""candidate_id"": ""13444"", ""candidate_name"": ""John Cornyn"", ""party"": ""REP"", ""pct"": ""49.0""}]",,,,https://www.publicpolicypolling.com/wp-content/uploads/2020/10/TexasSenatePollOctober2020-1.pdf,10/16/20 09:20,,IVR/Text,,false,,pending,mirror_not_verified_against_original;publication_date_unverified;nonstandard_population
538_archive,966;967,2020,6295,70762,132382,Morning Consult,1189,,2020-10-02,2020-10-11,2020-11-03,3455,LV,lv,lv,Mary Jennings Hegar,John Cornyn,38.0,47.0,"[{""candidate_id"": ""13459"", ""candidate_name"": ""Mary Jennings Hegar"", ""party"": ""DEM"", ""pct"": ""38.0""}, {""candidate_id"": ""13444"", ""candidate_name"": ""John Cornyn"", ""party"": ""REP"", ""pct"": ""47.0""}]",,,,https://morningconsult.com/form/2020-u-s-election-tracker/,10/13/20 07:47,,Online,TRUE,false,,pending,mirror_not_verified_against_original;publication_date_unverified
538_archive,1022;1023,2020,6295,70682,132201,Crosswind Media & Public Relations,1226,,2020-10-05,2020-10-06,2020-11-03,1000,LV,lv,lv,Mary Jennings Hegar,John Cornyn,39.0,48.0,"[{""candidate_id"": ""13459"", ""candidate_name"": ""Mary Jennings Hegar"", ""party"": ""DEM"", ""pct"": ""39.0""}, {""candidate_id"": ""13444"", ""candidate_name"": ""John Cornyn"", ""party"": ""REP"", ""pct"": ""48.0""}]",,,,https://crosswindpr.com/texas-statewide-poll-shows-trump-leading-biden-7-among-likely-voters/,10/8/20 15:04,,IVR,,false,,pending,mirror_not_verified_against_original;publication_date_unverified
538_archive,1028;1029;1030;1031,2020,6295,70630,132069,Civiqs,1447,Daily Kos,2020-10-03,2020-10-06,2020-11-03,895,LV,lv,lv,Mary Jennings Hegar,John Cornyn,46.0,47.0,"[{""candidate_id"": ""13459"", ""candidate_name"": ""Mary Jennings Hegar"", ""party"": ""DEM"", ""pct"": ""46.0""}, {""candidate_id"": ""13444"", ""candidate_name"": ""John Cornyn"", ""party"": ""REP"", ""pct"": ""47.0""}, {""candidate_id"": ""15835"", ""candidate_name"": ""Kerry Douglas McKennon"", ""party"": ""LIB"", ""pct"": ""2.0""}, {""candidate_id"": ""15852"", ""candidate_name"": ""David B. Collins"", ""party"": ""GRE"", ""pct"": ""1.0""}]",,,,https://civiqs.com/documents/Civiqs_DailyKos_TX_banner_book_2020_10_cm5k3s.pdf,10/7/20 08:26,,Online,,false,,pending,mirror_not_verified_against_original;publication_date_unverified
538_archive,1079;1080;1081;1082,2020,6295,70658,132129,Data for Progress,1515,Crooked Media | Indivisible,2020-09-30,2020-10-05,2020-11-03,1949,LV,lv,lv,Mary Jennings Hegar,John Cornyn,42.0,45.0,"[{""candidate_id"": ""13459"", ""candidate_name"": ""Mary Jennings Hegar"", ""party"": ""DEM"", ""pct"": ""42.0""}, {""candidate_id"": ""13444"", ""candidate_name"": ""John Cornyn"", ""party"": ""REP"", ""pct"": ""45.0""}, {""candidate_id"": ""15835"", ""candidate_name"": ""Kerry Douglas McKennon"", ""party"": ""LIB"", ""pct"": ""2.0""}, {""candidate_id"": ""15683"", ""candidate_name"": ""Ricardo Turullols-Bonilla"", ""party"": ""IND"", ""pct"": ""1.0""}]",,,,https://filesforprogress.org/memos/2020-senate-project/week-3/TX.pdf,10/7/20 18:23,,Online/Text,,false,DEM,pending,mirror_not_verified_against_original;publication_date_unverified
538_archive,1111;1112;1113,2020,6295,70694,132240,YouGov,568,Texas Tribune | University of Texas,2020-09-25,2020-10-04,2020-11-03,908,LV,lv,lv,Mary Jennings Hegar,John Cornyn,42.0,50.0,"[{""candidate_id"": ""13459"", ""candidate_name"": ""Mary Jennings Hegar"", ""party"": ""DEM"", ""pct"": ""42.0""}, {""candidate_id"": ""13444"", ""candidate_name"": ""John Cornyn"", ""party"": ""REP"", ""pct"": ""50.0""}, {""candidate_id"": ""15835"", ""candidate_name"": ""Kerry Douglas McKennon"", ""party"": ""LIB"", ""pct"": ""3.0""}]",,,,https://static.texastribune.org/media/files/922524cf3ab155eb04b70075f96948ab/uttt-2020-10-day1topline.pdf?_ga=2.167788513.1578857801.1602243186-1274457702.1602243185,10/9/20 07:55,,Online,,false,,pending,mirror_not_verified_against_original;publication_date_unverified
538_archive,1244;1245,2020,6295,70046,130476,University of Massachusetts Lowell,1234,,2020-09-18,2020-09-25,2020-11-03,882,LV,lv,lv,Mary Jennings Hegar,John Cornyn,40.0,50.0,"[{""candidate_id"": ""13459"", ""candidate_name"": ""Mary Jennings Hegar"", ""party"": ""DEM"", ""pct"": ""40.0""}, {""candidate_id"": ""13444"", ""candidate_name"": ""John Cornyn"", ""party"": ""REP"", ""pct"": ""50.0""}]",,,,https://www.uml.edu/docs/2020-Texas-Sept-Topline_tcm18-330588.pdf,9/29/20 13:51,,Online,,false,,pending,mirror_not_verified_against_original;publication_date_unverified
538_archive,1289;1290;1291,2020,6295,69711,129986,Siena College/The New York Times Upshot,1424,,2020-09-16,2020-09-22,2020-11-03,653,LV,lv,lv,Mary Jennings Hegar,John Cornyn,37.0,43.0,"[{""candidate_id"": ""13459"", ""candidate_name"": ""Mary Jennings Hegar"", ""party"": ""DEM"", ""pct"": ""37.0""}, {""candidate_id"": ""13444"", ""candidate_name"": ""John Cornyn"", ""party"": ""REP"", ""pct"": ""43.0""}, {""candidate_id"": ""15835"", ""candidate_name"": ""Kerry Douglas McKennon"", ""party"": ""LIB"", ""pct"": ""4.0""}]",,,,https://int.nyt.com/data/documenttools/ga-ia-tx-crosstabs/ca61e64eaef883ac/full.pdf,9/24/20 05:06,,Live Phone,,false,,pending,mirror_not_verified_against_original;publication_date_unverified
538_archive,1294;1295,2020,6295,69975,130315,Data for Progress,1515,Defend Students Action Fund,2020-09-15,2020-09-22,2020-11-03,726,LV,lv,lv,Mary Jennings Hegar,John Cornyn,38.0,40.0,"[{""candidate_id"": ""13459"", ""candidate_name"": ""Mary Jennings Hegar"", ""party"": ""DEM"", ""pct"": ""38.0""}, {""candidate_id"": ""13444"", ""candidate_name"": ""John Cornyn"", ""party"": ""REP"", ""pct"": ""40.0""}]",,,,https://filesforprogress.org/memos/student-debt-project-electoral.pdf,9/25/20 10:13,,Online,,false,,pending,mirror_not_verified_against_original;publication_date_unverified
538_archive,1325;1326,2020,6295,69955,130272,Quinnipiac University,396,,2020-09-17,2020-09-21,2020-11-03,1078,LV,lv,lv,Mary Jennings Hegar,John Cornyn,42.0,50.0,"[{""candidate_id"": ""13459"", ""candidate_name"": ""Mary Jennings Hegar"", ""party"": ""DEM"", ""pct"": ""42.0""}, {""candidate_id"": ""13444"", ""candidate_name"": ""John Cornyn"", ""party"": ""REP"", ""pct"": ""50.0""}]",,,,https://poll.qu.edu/Poll-Release?releaseid=3754,9/24/20 14:02,,Live Phone,,false,,pending,mirror_not_verified_against_original;publication_date_unverified
538_archive,1374;1375,2020,6295,69642,129835,Morning Consult,1189,,2020-09-11,2020-09-20,2020-11-03,2616,LV,lv,lv,Mary Jennings Hegar,John Cornyn,39.0,45.0,"[{""candidate_id"": ""13459"", ""candidate_name"": ""Mary Jennings Hegar"", ""party"": ""DEM"", ""pct"": ""39.0""}, {""candidate_id"": ""13444"", ""candidate_name"": ""John Cornyn"", ""party"": ""REP"", ""pct"": ""45.0""}]",,,,https://morningconsult.com/2020/09/22/majority-makers-south-carolina-senate-harrison-graham/,9/22/20 06:03,,Online,TRUE,false,,pending,mirror_not_verified_against_original;publication_date_unverified
538_archive,1420;1421,2020,6295,69565,129608,YouGov,568,CBS News,2020-09-15,2020-09-18,2020-11-03,1129,LV,lv,lv,Mary Jennings Hegar,John Cornyn,41.0,46.0,"[{""candidate_id"": ""13459"", ""candidate_name"": ""Mary Jennings Hegar"", ""party"": ""DEM"", ""pct"": ""41.0""}, {""candidate_id"": ""13444"", ""candidate_name"": ""John Cornyn"", ""party"": ""REP"", ""pct"": ""46.0""}]",,,,https://drive.google.com/file/d/1ZsMPYa9d2L2vg4YYk-DFcwlXosTMmMYP/view,9/20/20 10:33,,Online,,false,,pending,mirror_not_verified_against_original;publication_date_unverified
538_archive,1440;1441,2020,6295,70770,132389,Morning Consult,1189,,2020-09-08,2020-09-17,2020-11-03,2555,LV,lv,lv,Mary Jennings Hegar,John Cornyn,38.45,44.95,"[{""candidate_id"": ""13459"", ""candidate_name"": ""Mary Jennings Hegar"", ""party"": ""DEM"", ""pct"": ""38.45""}, {""candidate_id"": ""13444"", ""candidate_name"": ""John Cornyn"", ""party"": ""REP"", ""pct"": ""44.95""}]",,,,https://morningconsult.com/2020/10/13/senate-graham-harrison-supreme-court-polling/,10/13/20 08:02,,Online,TRUE,false,,pending,mirror_not_verified_against_original;publication_date_unverified
538_archive,1601;1602,2020,6295,68513,128273,Public Policy Polling,383,Giffords,2020-09-01,2020-09-02,2020-11-03,743,V,v,v,Mary Jennings Hegar,John Cornyn,40.0,44.0,"[{""candidate_id"": ""13459"", ""candidate_name"": ""Mary Jennings Hegar"", ""party"": ""DEM"", ""pct"": ""40.0""}, {""candidate_id"": ""13444"", ""candidate_name"": ""John Cornyn"", ""party"": ""REP"", ""pct"": ""44.0""}]",,,,https://giffords.org/wp-content/uploads/2020/09/TexasResults1.pdf,9/8/20 13:44,,IVR/Text,,false,DEM,pending,mirror_not_verified_against_original;publication_date_unverified;nonstandard_population
538_archive,1618;1619;1620;1621,2020,6295,68492,128224,University of Texas at Tyler,1474,Dallas Morning News,2020-08-28,2020-09-02,2020-11-03,1176,RV,rv,rv,Mary Jennings Hegar,John Cornyn,24.0,34.0,"[{""candidate_id"": ""13459"", ""candidate_name"": ""Mary Jennings Hegar"", ""party"": ""DEM"", ""pct"": ""24.0""}, {""candidate_id"": ""13444"", ""candidate_name"": ""John Cornyn"", ""party"": ""REP"", ""pct"": ""34.0""}, {""candidate_id"": ""15835"", ""candidate_name"": ""Kerry Douglas McKennon"", ""party"": ""LIB"", ""pct"": ""3.0""}, {""candidate_id"": ""15852"", ""candidate_name"": ""David B. Collins"", ""party"": ""GRE"", ""pct"": ""3.0""}]",,,,https://www.scribd.com/document/475037655/Aug28-Sept2-DMN-UTTyler-2020-Poll-Codebook-4,9/6/20 05:46,,Live Phone/Online,,false,,pending,mirror_not_verified_against_original;publication_date_unverified;multiple_questions_same_poll
538_archive,1622;1623;1624;1625,2020,6295,68492,128225,University of Texas at Tyler,1474,Dallas Morning News,2020-08-28,2020-09-02,2020-11-03,901,LV,lv,lv,Mary Jennings Hegar,John Cornyn,28.0,39.0,"[{""candidate_id"": ""13459"", ""candidate_name"": ""Mary Jennings Hegar"", ""party"": ""DEM"", ""pct"": ""28.0""}, {""candidate_id"": ""13444"", ""candidate_name"": ""John Cornyn"", ""party"": ""REP"", ""pct"": ""39.0""}, {""candidate_id"": ""15835"", ""candidate_name"": ""Kerry Douglas McKennon"", ""party"": ""LIB"", ""pct"": ""3.0""}, {""candidate_id"": ""15852"", ""candidate_name"": ""David B. Collins"", ""party"": ""GRE"", ""pct"": ""2.0""}]",,,,https://www.scribd.com/document/475037655/Aug28-Sept2-DMN-UTTyler-2020-Poll-Codebook-4,9/6/20 05:46,,Live Phone/Online,,false,,pending,mirror_not_verified_against_original;publication_date_unverified;multiple_questions_same_poll
538_archive,1685;1686,2020,6295,68480,128199,Data for Progress,1515,Jolt Initiative | MOVE Texas | Texas Rising,2020-08-20,2020-08-25,2020-11-03,2295,LV,lv,lv,Mary Jennings Hegar,John Cornyn,40.0,46.0,"[{""candidate_id"": ""13459"", ""candidate_name"": ""Mary Jennings Hegar"", ""party"": ""DEM"", ""pct"": ""40.0""}, {""candidate_id"": ""13444"", ""candidate_name"": ""John Cornyn"", ""party"": ""REP"", ""pct"": ""46.0""}]",,,,https://filesforprogress.org/datasets/2020/9/dfp_tx_survey_key_findings_sept4.pdf,9/4/20 13:42,,Online,,false,,pending,mirror_not_verified_against_original;publication_date_unverified
538_archive,1687;1688,2020,6295,69578,129667,The Tyson Group,1571,Consumer Energy Alliance,2020-08-20,2020-08-25,2020-11-03,906,LV,lv,lv,Mary Jennings Hegar,John Cornyn,42.0,44.0,"[{""candidate_id"": ""13459"", ""candidate_name"": ""Mary Jennings Hegar"", ""party"": ""DEM"", ""pct"": ""42.0""}, {""candidate_id"": ""13444"", ""candidate_name"": ""John Cornyn"", ""party"": ""REP"", ""pct"": ""44.0""}]",,,,https://projects.fivethirtyeight.com/polls/20200921_TX.pdf,9/21/20 09:19,,Live Phone,,false,,pending,mirror_not_verified_against_original;publication_date_unverified
538_archive,1721;1722;1723;1724,2020,6295,68082,127527,YouGov,568,Dallas Morning News | Texas Hispanic Policy Foundation | Rice University,2020-08-04,2020-08-13,2020-11-03,846,RV,rv,rv,Mary Jennings Hegar,John Cornyn,37.4,44.4,"[{""candidate_id"": ""13459"", ""candidate_name"": ""Mary Jennings Hegar"", ""party"": ""DEM"", ""pct"": ""37.4""}, {""candidate_id"": ""13444"", ""candidate_name"": ""John Cornyn"", ""party"": ""REP"", ""pct"": ""44.4""}, {""candidate_id"": ""15835"", ""candidate_name"": ""Kerry Douglas McKennon"", ""party"": ""LIB"", ""pct"": ""3.3""}, {""candidate_id"": ""15852"", ""candidate_name"": ""David B. Collins"", ""party"": ""GRE"", ""pct"": ""2.0""}]",,,,https://www.txhpf.org/wp-content/uploads/2020/08/THPFFinalAug17.pdf,8/17/20 09:32,,Online,,false,,pending,mirror_not_verified_against_original;publication_date_unverified
538_archive,1801;1802,2020,6295,67882,127096,Morning Consult,1189,,2020-07-24,2020-08-02,2020-11-03,2576,LV,lv,lv,Mary Jennings Hegar,John Cornyn,38.0,44.0,"[{""candidate_id"": ""13459"", ""candidate_name"": ""Mary Jennings Hegar"", ""party"": ""DEM"", ""pct"": ""38.0""}, {""candidate_id"": ""13444"", ""candidate_name"": ""John Cornyn"", ""party"": ""REP"", ""pct"": ""44.0""}]",,,,https://morningconsult.com/2020/08/04/senate-presidential-polling-alabama-kentucky-sc-texas/,8/4/20 06:21,,Online,TRUE,false,,pending,mirror_not_verified_against_original;publication_date_unverified
538_archive,1836;1837,2020,6295,67883,127097,Global Strategy Group/Latino Decisions,1598,DSCC,2020-07-25,2020-07-29,2020-11-03,700,LV,lv,lv,Mary Jennings Hegar,John Cornyn,42.0,43.0,"[{""candidate_id"": ""13459"", ""candidate_name"": ""Mary Jennings Hegar"", ""party"": ""DEM"", ""pct"": ""42.0""}, {""candidate_id"": ""13444"", ""candidate_name"": ""John Cornyn"", ""party"": ""REP"", ""pct"": ""43.0""}]",,,,https://www.politico.com/f/?id=00000173-b621-d8c4-a7f7-f76173a60000,8/4/20 06:24,,Live Phone/Online,,true,DEM,pending,mirror_not_verified_against_original;publication_date_unverified
538_archive,1922;1923,2020,6295,67617,126514,Quinnipiac University,396,,2020-07-16,2020-07-20,2020-11-03,880,RV,rv,rv,Mary Jennings Hegar,John Cornyn,38.0,47.0,"[{""candidate_id"": ""13459"", ""candidate_name"": ""Mary Jennings Hegar"", ""party"": ""DEM"", ""pct"": ""38.0""}, {""candidate_id"": ""13444"", ""candidate_name"": ""John Cornyn"", ""party"": ""REP"", ""pct"": ""47.0""}]",,,,https://poll.qu.edu/Poll-Release?releaseid=3782,7/22/20 14:01,,Live Phone,,false,,pending,mirror_not_verified_against_original;publication_date_unverified
538_archive,1924;1925,2020,6295,67629,126539,Spry Strategies,1488,American Principles Project,2020-07-16,2020-07-20,2020-11-03,750,LV,lv,lv,Mary Jennings Hegar,John Cornyn,37.27,47.44,"[{""candidate_id"": ""13459"", ""candidate_name"": ""Mary Jennings Hegar"", ""party"": ""DEM"", ""pct"": ""37.27""}, {""candidate_id"": ""13444"", ""candidate_name"": ""John Cornyn"", ""party"": ""REP"", ""pct"": ""47.44""}]",,,,https://americanprinciplesproject.org/wp-content/uploads/2020/07/APP.Texas_.pdf,7/22/20 18:48,,IVR/Online,,false,REP,pending,mirror_not_verified_against_original;publication_date_unverified
538_archive,1977;1978,2020,6295,67057,125293,YouGov,568,CBS News,2020-07-07,2020-07-10,2020-11-03,1179,LV,lv,lv,Mary Jennings Hegar,John Cornyn,36.0,44.0,"[{""candidate_id"": ""13459"", ""candidate_name"": ""Mary Jennings Hegar"", ""party"": ""DEM"", ""pct"": ""36.0""}, {""candidate_id"": ""13444"", ""candidate_name"": ""John Cornyn"", ""party"": ""REP"", ""pct"": ""44.0""}]",,,,https://drive.google.com/file/d/18HFC79lmRr1KVcbrUysfJd6XpLZxZxaP/view,7/12/20 10:34,,Online,,false,,pending,mirror_not_verified_against_original;publication_date_unverified;multiple_questions_same_poll
538_archive,1979;1980,2020,6295,67057,125294,YouGov,568,CBS News,2020-07-07,2020-07-10,2020-11-03,1182,LV,lv,lv,Royce West,John Cornyn,37.0,43.0,"[{""candidate_id"": ""13602"", ""candidate_name"": ""Royce West"", ""party"": ""DEM"", ""pct"": ""37.0""}, {""candidate_id"": ""13444"", ""candidate_name"": ""John Cornyn"", ""party"": ""REP"", ""pct"": ""43.0""}]",,,,https://drive.google.com/file/d/18HFC79lmRr1KVcbrUysfJd6XpLZxZxaP/view,7/12/20 10:34,,Online,,false,,pending,mirror_not_verified_against_original;publication_date_unverified;hypothetical_or_unexpected_matchup;multiple_questions_same_poll
538_archive,2001;2002,2020,6295,67054,125285,University of Texas at Tyler,1474,Dallas Morning News,2020-06-29,2020-07-07,2020-11-03,1909,RV,rv,rv,Mary Jennings Hegar,John Cornyn,26.0,37.0,"[{""candidate_id"": ""13459"", ""candidate_name"": ""Mary Jennings Hegar"", ""party"": ""DEM"", ""pct"": ""26.0""}, {""candidate_id"": ""13444"", ""candidate_name"": ""John Cornyn"", ""party"": ""REP"", ""pct"": ""37.0""}]",,,,https://www.uttyler.edu/politicalscience/files/codebook-dmn-uttyler-poll-july-2020-RV.pdf,7/12/20 07:43,,Live Phone/Online,,false,,pending,mirror_not_verified_against_original;publication_date_unverified;multiple_questions_same_poll
538_archive,2003;2004,2020,6295,67054,125286,University of Texas at Tyler,1474,Dallas Morning News,2020-06-29,2020-07-07,2020-11-03,1677,LV,lv,lv,Mary Jennings Hegar,John Cornyn,29.0,42.0,"[{""candidate_id"": ""13459"", ""candidate_name"": ""Mary Jennings Hegar"", ""party"": ""DEM"", ""pct"": ""29.0""}, {""candidate_id"": ""13444"", ""candidate_name"": ""John Cornyn"", ""party"": ""REP"", ""pct"": ""42.0""}]",,,,https://projects.fivethirtyeight.com/polls/20200712_TX.pdf,7/12/20 07:43,,Live Phone/Online,,false,,pending,mirror_not_verified_against_original;publication_date_unverified;multiple_questions_same_poll
538_archive,2005;2006,2020,6295,67054,125287,University of Texas at Tyler,1474,Dallas Morning News,2020-06-29,2020-07-07,2020-11-03,1909,RV,rv,rv,Royce West,John Cornyn,25.0,37.0,"[{""candidate_id"": ""13602"", ""candidate_name"": ""Royce West"", ""party"": ""DEM"", ""pct"": ""25.0""}, {""candidate_id"": ""13444"", ""candidate_name"": ""John Cornyn"", ""party"": ""REP"", ""pct"": ""37.0""}]",,,,https://www.uttyler.edu/politicalscience/files/codebook-dmn-uttyler-poll-july-2020-RV.pdf,7/12/20 07:43,,Live Phone/Online,,false,,pending,mirror_not_verified_against_original;publication_date_unverified;hypothetical_or_unexpected_matchup;multiple_questions_same_poll
538_archive,2007;2008,2020,6295,67054,125288,University of Texas at Tyler,1474,Dallas Morning News,2020-06-29,2020-07-07,2020-11-03,1677,LV,lv,lv,Royce West,John Cornyn,28.0,43.0,"[{""candidate_id"": ""13602"", ""candidate_name"": ""Royce West"", ""party"": ""DEM"", ""pct"": ""28.0""}, {""candidate_id"": ""13444"", ""candidate_name"": ""John Cornyn"", ""party"": ""REP"", ""pct"": ""43.0""}]",,,,https://projects.fivethirtyeight.com/polls/20200712_TX.pdf,7/12/20 07:43,,Live Phone/Online,,false,,pending,mirror_not_verified_against_original;publication_date_unverified;hypothetical_or_unexpected_matchup;multiple_questions_same_poll
538_archive,2059;2060,2020,6295,66979,125103,Public Policy Polling,383,Emily's List,2020-06-24,2020-06-25,2020-11-03,729,V,v,v,Mary Jennings Hegar,John Cornyn,35.0,42.0,"[{""candidate_id"": ""13459"", ""candidate_name"": ""Mary Jennings Hegar"", ""party"": ""DEM"", ""pct"": ""35.0""}, {""candidate_id"": ""13444"", ""candidate_name"": ""John Cornyn"", ""party"": ""REP"", ""pct"": ""42.0""}]",,,,https://www.publicpolicypolling.com/wp-content/uploads/2020/07/TXToplines7220.pdf,7/2/20 08:35,,IVR/Text,,false,DEM,pending,mirror_not_verified_against_original;publication_date_unverified;nonstandard_population
538_archive,2077;2078,2020,6295,66919,124959,Beacon Research/Shaw & Company Research,1597,FOX News,2020-06-20,2020-06-23,2020-11-03,1001,RV,rv,rv,Mary Jennings Hegar,John Cornyn,36.0,46.0,"[{""candidate_id"": ""13459"", ""candidate_name"": ""Mary Jennings Hegar"", ""party"": ""DEM"", ""pct"": ""36.0""}, {""candidate_id"": ""13444"", ""candidate_name"": ""John Cornyn"", ""party"": ""REP"", ""pct"": ""46.0""}]",,,,https://static.foxnews.com/foxnews.com/content/uploads/2020/06/Fox_June-20-23-2020_Complete_Texas_Topline_June-25-Release.pdf,6/25/20 18:08,,Live Phone,,false,,pending,mirror_not_verified_against_original;publication_date_unverified;multiple_questions_same_poll
538_archive,2079;2080,2020,6295,66919,124960,Beacon Research/Shaw & Company Research,1597,FOX News,2020-06-20,2020-06-23,2020-11-03,1001,RV,rv,rv,Royce West,John Cornyn,37.0,47.0,"[{""candidate_id"": ""13602"", ""candidate_name"": ""Royce West"", ""party"": ""DEM"", ""pct"": ""37.0""}, {""candidate_id"": ""13444"", ""candidate_name"": ""John Cornyn"", ""party"": ""REP"", ""pct"": ""47.0""}]",,,,https://static.foxnews.com/foxnews.com/content/uploads/2020/06/Fox_June-20-23-2020_Complete_Texas_Topline_June-25-Release.pdf,6/25/20 18:08,,Live Phone,,false,,pending,mirror_not_verified_against_original;publication_date_unverified;hypothetical_or_unexpected_matchup;multiple_questions_same_poll
538_archive,2251;2252,2020,6295,66043,122510,University of Texas at Tyler,1474,Dallas Morning News,2020-04-18,2020-04-27,2020-11-03,1183,RV,rv,rv,Mary Jennings Hegar,John Cornyn,24.0,37.0,"[{""candidate_id"": ""13459"", ""candidate_name"": ""Mary Jennings Hegar"", ""party"": ""DEM"", ""pct"": ""24.0""}, {""candidate_id"": ""13444"", ""candidate_name"": ""John Cornyn"", ""party"": ""REP"", ""pct"": ""37.0""}]",,,,https://projects.fivethirtyeight.com/polls/20200502_TX.pdf,5/2/20 16:43,,Live Phone/Online,,false,,pending,mirror_not_verified_against_original;publication_date_unverified;multiple_questions_same_poll
538_archive,2253;2254,2020,6295,66043,122511,University of Texas at Tyler,1474,Dallas Morning News,2020-04-18,2020-04-27,2020-11-03,1183,RV,rv,rv,Royce West,John Cornyn,24.0,35.0,"[{""candidate_id"": ""13602"", ""candidate_name"": ""Royce West"", ""party"": ""DEM"", ""pct"": ""24.0""}, {""candidate_id"": ""13444"", ""candidate_name"": ""John Cornyn"", ""party"": ""REP"", ""pct"": ""35.0""}]",,,,https://projects.fivethirtyeight.com/polls/20200502_TX.pdf,5/2/20 16:43,,Live Phone/Online,,false,,pending,mirror_not_verified_against_original;publication_date_unverified;hypothetical_or_unexpected_matchup;multiple_questions_same_poll
538_archive,2362;2363,2020,6295,64640,119337,Marist College,1205,NBC News,2020-02-23,2020-02-27,2020-11-03,2409,RV,rv,rv,Mary Jennings Hegar,John Cornyn,41.0,49.0,"[{""candidate_id"": ""13459"", ""candidate_name"": ""Mary Jennings Hegar"", ""party"": ""DEM"", ""pct"": ""41.0""}, {""candidate_id"": ""13444"", ""candidate_name"": ""John Cornyn"", ""party"": ""REP"", ""pct"": ""49.0""}]",,,,http://maristpoll.marist.edu/wp-content/uploads/2020/02/NBC-News_Marist-Poll-TX-NOS-and-Tables_2002281546.pdf,3/1/20 09:04,,Live Phone,,false,,pending,mirror_not_verified_against_original;publication_date_unverified
538_archive,2448;2449,2020,6295,62992,114141,Beacon Research,1523,Democratic Policy Institute,2019-11-09,2019-11-21,2020-11-03,1000,RV,rv,rv,Beto O'Rourke,John Cornyn,42.0,46.0,"[{""candidate_id"": ""13443"", ""candidate_name"": ""Beto O'Rourke"", ""party"": ""DEM"", ""pct"": ""42.0""}, {""candidate_id"": ""13444"", ""candidate_name"": ""John Cornyn"", ""party"": ""REP"", ""pct"": ""46.0""}]",,,,http://democraticpolicyinstitute.com/wp-content/uploads/2019/12/12.2.19-Texas-Senate-Poll-Beto-v-Cornyn.pdf,12/2/19 20:38,,Live Phone/Online,,false,DEM,pending,mirror_not_verified_against_original;publication_date_unverified;hypothetical_or_unexpected_matchup;multiple_questions_same_poll
538_archive,2450;2451,2020,6295,62992,114142,Beacon Research,1523,Democratic Policy Institute,2019-11-09,2019-11-21,2020-11-03,601,RV,rv,rv,Royce West,John Cornyn,33.0,45.0,"[{""candidate_id"": ""13602"", ""candidate_name"": ""Royce West"", ""party"": ""DEM"", ""pct"": ""33.0""}, {""candidate_id"": ""13444"", ""candidate_name"": ""John Cornyn"", ""party"": ""REP"", ""pct"": ""45.0""}]",,,,http://democraticpolicyinstitute.com/wp-content/uploads/2019/12/12.2.19-Texas-Senate-Poll-Beto-v-Cornyn.pdf,12/2/19 20:39,,Live Phone/Online,,false,DEM,pending,mirror_not_verified_against_original;publication_date_unverified;hypothetical_or_unexpected_matchup;multiple_questions_same_poll
538_archive,2452;2453,2020,6295,62992,114143,Beacon Research,1523,Democratic Policy Institute,2019-11-09,2019-11-21,2020-11-03,601,RV,rv,rv,Mary Jennings Hegar,John Cornyn,30.0,44.0,"[{""candidate_id"": ""13459"", ""candidate_name"": ""Mary Jennings Hegar"", ""party"": ""DEM"", ""pct"": ""30.0""}, {""candidate_id"": ""13444"", ""candidate_name"": ""John Cornyn"", ""party"": ""REP"", ""pct"": ""44.0""}]",,,,http://democraticpolicyinstitute.com/wp-content/uploads/2019/12/12.2.19-Texas-Senate-Poll-Beto-v-Cornyn.pdf,12/2/19 20:39,,Live Phone/Online,,false,DEM,pending,mirror_not_verified_against_original;publication_date_unverified;multiple_questions_same_poll
538_archive,2454;2455,2020,6295,62992,114144,Beacon Research,1523,Democratic Policy Institute,2019-11-09,2019-11-21,2020-11-03,601,RV,rv,rv,Chris Bell,John Cornyn,30.0,45.0,"[{""candidate_id"": ""13603"", ""candidate_name"": ""Chris Bell"", ""party"": ""DEM"", ""pct"": ""30.0""}, {""candidate_id"": ""13444"", ""candidate_name"": ""John Cornyn"", ""party"": ""REP"", ""pct"": ""45.0""}]",,,,http://democraticpolicyinstitute.com/wp-content/uploads/2019/12/12.2.19-Texas-Senate-Poll-Beto-v-Cornyn.pdf,12/2/19 20:39,,Live Phone/Online,,false,DEM,pending,mirror_not_verified_against_original;publication_date_unverified;hypothetical_or_unexpected_matchup;multiple_questions_same_poll
538_archive,2456;2457,2020,6295,62992,114145,Beacon Research,1523,Democratic Policy Institute,2019-11-09,2019-11-21,2020-11-03,601,RV,rv,rv,Sema Hernandez,John Cornyn,29.0,45.0,"[{""candidate_id"": ""13604"", ""candidate_name"": ""Sema Hernandez"", ""party"": ""DEM"", ""pct"": ""29.0""}, {""candidate_id"": ""13444"", ""candidate_name"": ""John Cornyn"", ""party"": ""REP"", ""pct"": ""45.0""}]",,,,http://democraticpolicyinstitute.com/wp-content/uploads/2019/12/12.2.19-Texas-Senate-Poll-Beto-v-Cornyn.pdf,12/2/19 20:39,,Live Phone/Online,,false,DEM,pending,mirror_not_verified_against_original;publication_date_unverified;hypothetical_or_unexpected_matchup;multiple_questions_same_poll
538_archive,2547;2548,2020,6295,57962,100825,Emerson College,1102,,2019-04-25,2019-04-28,2020-11-03,799,RV,rv,rv,Mary Jennings Hegar,John Cornyn,11.8,28.7,"[{""candidate_id"": ""13459"", ""candidate_name"": ""Mary Jennings Hegar"", ""party"": ""DEM"", ""pct"": ""11.8""}, {""candidate_id"": ""13444"", ""candidate_name"": ""John Cornyn"", ""party"": ""REP"", ""pct"": ""28.7""}]",,,,https://emersonpolling.reportablenews.com/pr/2020-texas-biden-and-beto-in-dead-heat-in-democratic-primary,8/20/19 16:31,,IVR/Online,,false,,pending,mirror_not_verified_against_original;publication_date_unverified
538_archive,2559;2560,2020,6295,57601,100819,Quinnipiac University,396,,2019-02-20,2019-02-25,2020-11-03,1222,RV,rv,rv,Beto O'Rourke,John Cornyn,46.0,46.0,"[{""candidate_id"": ""13443"", ""candidate_name"": ""Beto O'Rourke"", ""party"": ""DEM"", ""pct"": ""46.0""}, {""candidate_id"": ""13444"", ""candidate_name"": ""John Cornyn"", ""party"": ""REP"", ""pct"": ""46.0""}]",,,,https://poll.qu.edu/poll-release-legacy?releaseid=2602,8/20/19 16:30,,Live Phone,,false,,pending,mirror_not_verified_against_original;publication_date_unverified;hypothetical_or_unexpected_matchup
538_archive,2567;2568,2020,6295,57528,100817,Public Policy Polling,383,Democracy Toolbox,2019-02-13,2019-02-14,2020-11-03,743,RV,rv,rv,Beto O'Rourke,John Cornyn,45.0,47.0,"[{""candidate_id"": ""13443"", ""candidate_name"": ""Beto O'Rourke"", ""party"": ""DEM"", ""pct"": ""45.0""}, {""candidate_id"": ""13444"", ""candidate_name"": ""John Cornyn"", ""party"": ""REP"", ""pct"": ""47.0""}]",,,,https://twitter.com/PatrickSvitek/status/1096513104677097472,8/20/19 16:30,,IVR,,false,DEM,pending,mirror_not_verified_against_original;publication_date_unverified;hypothetical_or_unexpected_matchup
538_archive,2573;2574,2020,6295,57419,100814,Atlantic Media and Research,1412,Courageous Conservatives PAC,2019-01-05,2019-01-11,2020-11-03,504,LV,lv,lv,Beto O'Rourke,John Cornyn,37.0,50.0,"[{""candidate_id"": ""13443"", ""candidate_name"": ""Beto O'Rourke"", ""party"": ""DEM"", ""pct"": ""37.0""}, {""candidate_id"": ""13444"", ""candidate_name"": ""John Cornyn"", ""party"": ""REP"", ""pct"": ""50.0""}]",,,,http://politicselections.com/new-poll-beto-not-liked-in-texas/,8/20/19 16:30,,Live Phone,,false,REP,pending,mirror_not_verified_against_original;publication_date_unverified;hypothetical_or_unexpected_matchup
