inventory_id,year,state_po,office,district,stage,special,mode,source_rows,row_count,named_candidate_count,candidate_names_json,party_labels_json,reported_totals_json,sum_source_row_votes,reported_total,sum_minus_reported_total,unofficial_values_json,flags
medsl-v8-group-001,2018,AZ,US SENATE,statewide,gen,false,total,3270;3271;3272;3273,4,3,"[""ANGELA GREEN"", ""KYRSTEN SINEMA"", ""MARTHA MCSALLY""]","["""", ""DEMOCRAT"", ""GREEN"", ""REPUBLICAN""]","[""2384308.0""]",2384308,2384308,0,"[""False""]",election_date_unavailable;round_definition_unverified;missing_candidate_name
medsl-v8-group-002,2018,CA,US SENATE,statewide,gen,false,total,3274;3275,2,2,"[""DIANNE FEINSTEIN"", ""KEVIN DE LEON""]","[""DEMOCRAT""]","[""11113364.0""]",11113364,11113364,0,"[""False""]",election_date_unavailable;round_definition_unverified
medsl-v8-group-003,2018,CT,US SENATE,statewide,gen,false,total,3276;3277;3278;3279;3280;3281,6,4,"[""CHRISTOPHER S MURPHY"", ""JEFF RUSSELL"", ""MATTHEW COREY"", ""RICHARD LION""]","["""", ""DEMOCRAT"", ""GREEN"", ""LIBERTARIAN"", ""REPUBLICAN"", ""WORKING FAMILIES""]","[""1386840.0""]",1386840,1386840,0,"[""False""]",election_date_unavailable;round_definition_unverified;repeated_candidate_name_review_ballot_lines;missing_candidate_name
medsl-v8-group-004,2018,DE,US SENATE,statewide,gen,false,total,3282;3283;3284;3285,4,4,"[""DEMITRI G THEODOROPOULOS"", ""NADINE M FROST"", ""ROBERT B ARLETT"", ""THOMAS R CARPER""]","[""DEMOCRAT"", ""GREEN"", ""LIBERTARIAN"", ""REPUBLICAN""]","[""362592.0""]",362592,362592,0,"[""False""]",election_date_unavailable;round_definition_unverified
medsl-v8-group-005,2018,FL,US SENATE,statewide,gen,false,total,3286;3287;3288,3,2,"[""BILL NELSON"", ""RICK SCOTT""]","["""", ""DEMOCRAT"", ""REPUBLICAN""]","[""8190005.0""]",8190005,8190005,0,"[""False""]",election_date_unavailable;round_definition_unverified;missing_candidate_name
medsl-v8-group-006,2018,HI,US SENATE,statewide,gen,false,total,3289;3290,2,2,"[""MAZIE K. HIRONO"", ""RON CURTIS""]","[""DEMOCRAT"", ""REPUBLICAN""]","[""388351.0""]",388351,388351,0,"[""False""]",election_date_unavailable;round_definition_unverified
medsl-v8-group-007,2018,IN,US SENATE,statewide,gen,false,total,3291;3292;3293;3294,4,3,"[""JOE DONNELLY"", ""LUCY M. BRENTON"", ""MIKE BRAUN""]","["""", ""DEMOCRAT"", ""LIBERTARIAN"", ""REPUBLICAN""]","[""2282565.0""]",2282565,2282565,0,"[""False""]",election_date_unavailable;round_definition_unverified;missing_candidate_name
medsl-v8-group-008,2018,MA,US SENATE,statewide,gen,false,total,3304;3305;3306;3307,4,4,"[""ELIZABETH A. WARREN"", ""GEOFF DIEHL"", ""OTHERS"", ""SHIVA AYYADURAI""]","["""", ""DEMOCRAT"", ""REPUBLICAN"", ""UNENROLLED""]","[""2707090.0""]",2707090,2707090,0,"[""False""]",election_date_unavailable;round_definition_unverified
medsl-v8-group-009,2018,MD,US SENATE,statewide,gen,false,total,3299;3300;3301;3302;3303,5,4,"[""ARVIN VOHRA"", ""BEN CARDIN"", ""NEAL SIMON"", ""TONY CAMPBELL""]","["""", ""DEMOCRAT"", ""LIBERTARIAN"", ""REPUBLICAN"", ""UNAFFILIATED""]","[""2299889.0""]",2299889,2299889,0,"[""False""]",election_date_unavailable;round_definition_unverified;missing_candidate_name
medsl-v8-group-010,2018,ME,US SENATE,statewide,gen,false,total,3295;3296;3297;3298,4,4,"[""ANGUS S. KING, JR."", ""ERIC L. BRAKEY"", ""OTHERS"", ""ZAK RINGELSTEIN""]","["""", ""DEMOCRAT"", ""INDEPENDENT"", ""REPUBLICAN""]","[""634409.0""]",634409,634409,0,"[""False""]",election_date_unavailable;round_definition_unverified
medsl-v8-group-011,2018,MI,US SENATE,statewide,gen,false,total,3308;3309;3310;3311;3312;3313,6,5,"[""DEBBIE STABENOW"", ""GEORGE E. HUFFMAN III"", ""JOHN HOWARD WILHELM"", ""JOHN JAMES"", ""MARCIA SQUIER""]","["""", ""DEMOCRAT"", ""GREEN"", ""NATURAL LAW"", ""REPUBLICAN"", ""US TAXPAYERS""]","[""4237271.0""]",4237271,4237271,0,"[""False""]",election_date_unavailable;round_definition_unverified;missing_candidate_name
medsl-v8-group-012,2018,MN,US SENATE,statewide,gen,false,total,3314;3315;3316;3317;3318,5,4,"[""AMY KLOBUCHAR"", ""DENNIS SCHULLER"", ""JIM NEWBERGER"", ""PAULA M OVERBY""]","["""", ""DEMOCRATIC-FARMER-LABOR"", ""LEGAL MARIJUANA NOW"", ""MINNESOTA GREEN"", ""REPUBLICAN""]","[""2596879.0""]",2596879,2596879,0,"[""False""]",election_date_unavailable;round_definition_unverified;missing_candidate_name
medsl-v8-group-013,2018,MN,US SENATE,statewide,gen,true,total,3319;3320;3321;3322;3323,5,4,"[""JERRY TROOIEN"", ""KARIN HOUSLEY"", ""SARAH WELLINGTON"", ""TINA SMITH""]","["""", ""DEMOCRATIC-FARMER-LABOR"", ""LEGAL MARIJUANA NOW"", ""REPUBLICAN"", ""UNAFFILIATED""]","[""2587356.0""]",2587356,2587356,0,"[""False""]",election_date_unavailable;round_definition_unverified;missing_candidate_name
medsl-v8-group-014,2018,MO,US SENATE,statewide,gen,false,total,3330;3331;3332;3333;3334;3335,6,5,"[""CLAIRE MCCASKILL"", ""CRAIG O'DEAR"", ""JAPHETH CAMPBELL"", ""JO CRAIN"", ""JOSH HAWLEY""]","["""", ""DEMOCRAT"", ""GREEN"", ""INDEPENDENT"", ""LIBERTARIAN"", ""REPUBLICAN""]","[""2442289.0""]",2442289,2442289,0,"[""False""]",election_date_unavailable;round_definition_unverified;missing_candidate_name
medsl-v8-group-015,2018,MS,US SENATE,statewide,gen,false,total,3324;3325;3326;3327,4,4,"[""DANNY BEDWELL"", ""DAVID BARIA"", ""ROGER F. WICKER"", ""SHAWN O'HARA""]","[""DEMOCRAT"", ""LIBERTARIAN"", ""REFORM"", ""REPUBLICAN""]","[""936215.0""]",936215,936215,0,"[""False""]",election_date_unavailable;round_definition_unverified
medsl-v8-group-016,2018,MS,US SENATE,statewide,gen,true,total,3328;3329,2,2,"[""CINDY HYDE-SMITH"", ""MIKE ESPY""]","[""DEMOCRAT"", ""REPUBLICAN""]","[""907588.0""]",907588,907588,0,"[""False""]",election_date_unavailable;round_definition_unverified
medsl-v8-group-017,2018,MT,US SENATE,statewide,gen,false,total,3336;3337;3338,3,3,"[""JON TESTER"", ""MATT ROSENDALE"", ""RICK BRECKENRIDGE""]","[""DEMOCRAT"", ""LIBERTARIAN"", ""REPUBLICAN""]","[""504384.0""]",504384,504384,0,"[""False""]",election_date_unavailable;round_definition_unverified
medsl-v8-group-018,2018,ND,US SENATE,statewide,gen,false,total,3367;3368;3369,3,2,"[""HEIDI HEITKAMP"", ""KEVIN CRAMER""]","["""", ""DEMOCRATIC-NPL"", ""REPUBLICAN""]","[""326138.0""]",326138,326138,0,"[""False""]",election_date_unavailable;round_definition_unverified;missing_candidate_name
medsl-v8-group-019,2018,NE,US SENATE,statewide,gen,false,total,3339;3340;3341;3342,4,3,"[""DEB FISCHER"", ""JANE RAYBOULD"", ""JIM SCHULTZ""]","["""", ""DEMOCRAT"", ""LIBERTARIAN"", ""REPUBLICAN""]","[""698883.0""]",698883,698883,0,"[""False""]",election_date_unavailable;round_definition_unverified;missing_candidate_name
medsl-v8-group-020,2018,NJ,US SENATE,statewide,gen,false,total,3349;3350;3351;3352;3353;3354;3355;3356,8,8,"[""BOB HUGIN"", ""HANK SCHROEDER"", ""KEVIN KIMPLE"", ""MADELYN R. HOFFMAN"", ""MURRAY SABRIN"", ""NATALIE LYNN RIVERA"", ""ROBERT MENENDEZ"", ""TRICIA FLANAGAN""]","[""DEMOCRAT"", ""ECONOMIC GROWTH"", ""FOR THE PEOPLE"", ""GREEN"", ""LIBERTARIAN"", ""MAKE IT SIMPLE"", ""NEW DAY NJ"", ""REPUBLICAN""]","[""3169310.0""]",3169310,3169310,0,"[""False""]",election_date_unavailable;round_definition_unverified
medsl-v8-group-021,2018,NM,US SENATE,statewide,gen,false,total,3357;3358;3359,3,3,"[""GARY E JOHNSON"", ""MARTIN T HEINRICH"", ""MICK RICH""]","[""DEMOCRAT"", ""LIBERTARIAN"", ""REPUBLICAN""]","[""697012.0""]",697012,697012,0,"[""False""]",election_date_unavailable;round_definition_unverified
medsl-v8-group-022,2018,NV,US SENATE,statewide,gen,false,total,3343;3344;3345;3346;3347;3348,6,6,"[""BARRY MICHAELS"", ""DEAN HELLER"", ""JACKY ROSEN"", ""KAMAU A. BAKARI"", ""NONE OF THESE CANDIDATES"", ""TIM HAGAN""]","["""", ""DEMOCRAT"", ""INDEPENDENT"", ""INDEPENDENT AMERICAN"", ""LIBERTARIAN"", ""REPUBLICAN""]","[""972132.0""]",972132,972132,0,"[""False""]",election_date_unavailable;round_definition_unverified
medsl-v8-group-023,2018,NY,US SENATE,statewide,gen,false,total,3360;3361;3362;3363;3364;3365;3366,7,2,"[""CHELE CHIAVACCI FARLEY"", ""KIRSTEN E. GILLIBRAND""]","[""CONSERVATIVE"", ""DEMOCRAT"", ""INDEPENDENCE"", ""REFORM"", ""REPUBLICAN"", ""WOMEN'S EQUALITY"", ""WORKING FAMILIES""]","[""6055151.0""]",6055151,6055151,0,"[""False""]",election_date_unavailable;round_definition_unverified;repeated_candidate_name_review_ballot_lines
medsl-v8-group-024,2018,OH,US SENATE,statewide,gen,false,total,3370;3371;3372,3,2,"[""JIM RENACCI"", ""SHERROD BROWN""]","["""", ""DEMOCRAT"", ""REPUBLICAN""]","[""4410898.0""]",4410898,4410898,0,"[""False""]",election_date_unavailable;round_definition_unverified;missing_candidate_name
medsl-v8-group-025,2018,PA,US SENATE,statewide,gen,false,total,3373;3374;3375;3376,4,4,"[""DALE R KERNS JR"", ""LOUIS J. BARLETTA"", ""NEAL TAYLOR GALE"", ""ROBERT P CASEY JR""]","[""DEMOCRAT"", ""GREEN"", ""LIBERTARIAN"", ""REPUBLICAN""]","[""4994643.0""]",4994643,4994643,0,"[""False""]",election_date_unavailable;round_definition_unverified
medsl-v8-group-026,2018,RI,US SENATE,statewide,gen,false,total,3377;3378;3379,3,2,"[""ROBERT G. FLANDERS, JR."", ""SHELDON WHITEHOUSE""]","["""", ""DEMOCRAT"", ""REPUBLICAN""]","[""376738.0""]",376738,376738,0,"[""False""]",election_date_unavailable;round_definition_unverified;missing_candidate_name
medsl-v8-group-027,2018,TN,US SENATE,statewide,gen,false,total,3380;3381;3382;3383;3384;3385;3386;3387,8,8,"[""BRETON PHILLIPS"", ""DEAN HILL"", ""JOHN CARICO"", ""KEVIN LEE MCCANTS"", ""KRIS L. TODD"", ""MARSHA BLACKBURN"", ""PHIL BREDESEN"", ""TRUDY A. AUSTIN""]","[""DEMOCRAT"", ""INDEPENDENT"", ""REPUBLICAN""]","[""2243740.0""]",2243740,2243740,0,"[""False""]",election_date_unavailable;round_definition_unverified
medsl-v8-group-028,2018,TX,US SENATE,statewide,gen,false,total,3388;3389;3390,3,3,"[""BETO O'ROURKE"", ""NEAL M. DIKEMAN"", ""TED CRUZ""]","[""DEMOCRAT"", ""LIBERTARIAN"", ""REPUBLICAN""]","[""8371655.0""]",8371655,8371655,0,"[""False""]",election_date_unavailable;round_definition_unverified
medsl-v8-group-029,2018,UT,US SENATE,statewide,gen,false,total,3391;3392;3393;3394;3395,5,5,"[""CRAIG R. BOWDEN"", ""JENNY WILSON"", ""MITT ROMNEY"", ""REED C. MCCANDLESS"", ""TIM AALDERS""]","[""CONSTITUTION"", ""DEMOCRAT"", ""INDEPENDENT AMERICAN"", ""LIBERTARIAN"", ""REPUBLICAN""]","[""1062845.0""]",1062845,1062845,0,"[""False""]",election_date_unavailable;round_definition_unverified
medsl-v8-group-030,2018,VA,US SENATE,statewide,gen,false,total,3406;3407;3408;3409,4,3,"[""COREY A. STEWART"", ""MATT J. WATERS"", ""TIMOTHY M. KAINE""]","["""", ""DEMOCRAT"", ""LIBERTARIAN"", ""REPUBLICAN""]","[""3351373.0""]",3351373,3351373,0,"[""False""]",election_date_unavailable;round_definition_unverified;missing_candidate_name
medsl-v8-group-031,2018,VT,US SENATE,statewide,gen,false,total,3396;3397;3398;3399;3400;3401;3402;3403;3404;3405,10,9,"[""BERNIE SANDERS"", ""BRAD J. PEACOCK"", ""BRUCE BUSA"", ""EDWARD S. GILBERT JR"", ""FOLASADE ADELUOLA"", ""JON SVITAVSKY"", ""LAWRENCE ZUPAN"", ""REID KANE"", ""RUSSELL BESTE""]","["""", ""INDEPENDENT"", ""LIBERTY UNION"", ""REPUBLICAN""]","[""272624.0""]",272624,272624,0,"[""False""]",election_date_unavailable;round_definition_unverified;missing_candidate_name
medsl-v8-group-032,2018,WA,US SENATE,statewide,gen,false,total,3410;3411,2,2,"[""MARIA CANTWELL"", ""SUSAN HUTCHISON""]","[""DEMOCRAT"", ""REPUBLICAN""]","[""3086168.0""]",3086168,3086168,0,"[""False""]",election_date_unavailable;round_definition_unverified
medsl-v8-group-033,2018,WI,US SENATE,statewide,gen,false,total,3415;3416;3417,3,2,"[""LEAH VUKMIR"", ""TAMMY BALDWIN""]","["""", ""DEMOCRAT"", ""REPUBLICAN""]","[""2657841.0""]",2657841,2657841,0,"[""False""]",election_date_unavailable;round_definition_unverified;missing_candidate_name
medsl-v8-group-034,2018,WV,US SENATE,statewide,gen,false,total,3412;3413;3414,3,3,"[""JOE MANCHIN"", ""PATRICK MORRISEY"", ""RUSTY HOLLEN""]","[""DEMOCRAT"", ""LIBERTARIAN"", ""REPUBLICAN""]","[""582911.0""]",582911,582911,0,"[""True""]",election_date_unavailable;round_definition_unverified;unofficial_return
medsl-v8-group-035,2018,WY,US SENATE,statewide,gen,false,total,3418;3419;3420;3421,4,3,"[""GARY TRAUNER"", ""JOHN BARRASSO"", ""JOSEPH PORAMBO""]","["""", ""DEMOCRAT"", ""LIBERTARIAN"", ""REPUBLICAN""]","[""203420.0""]",203420,203420,0,"[""False""]",election_date_unavailable;round_definition_unverified;missing_candidate_name
medsl-v8-group-036,2020,AK,US SENATE,statewide,gen,false,total,3425;3426;3427;3428,4,3,"[""AL GROSS"", ""DAN SULLIVAN"", ""JOHN WAYNE HOWE""]","["""", ""ALASKAN INDEPENDENCE PARTY"", ""DEMOCRAT"", ""REPUBLICAN""]","[""354587.0""]",354587,354587,0,"[""False""]",election_date_unavailable;round_definition_unverified;missing_candidate_name
medsl-v8-group-037,2020,AL,US SENATE,statewide,gen,false,total,3422;3423;3424,3,2,"[""DOUG JONES"", ""TOMMY TUBERVILLE""]","["""", ""DEMOCRAT"", ""REPUBLICAN""]","[""2316445.0""]",2316445,2316445,0,"[""False""]",election_date_unavailable;round_definition_unverified;missing_candidate_name
medsl-v8-group-038,2020,AR,US SENATE,statewide,gen,false,total,3448;3449,2,2,"[""RICKY DALE HARRINGTON JR."", ""TOM COTTON""]","[""LIBERTARIAN"", ""REPUBLICAN""]","[""1193261.0""]",1193261,1193261,0,"[""False""]",election_date_unavailable;round_definition_unverified
medsl-v8-group-039,2020,AZ,US SENATE,statewide,gen,true,total,3429;3430;3431;3432;3433;3434;3435;3436;3437;3438;3439;3440;3441;3442;3443;3444;3445;3446;3447,19,19,"[""ADAM CHILTON"", ""BENJAMIN RODRIGUEZ"", ""BUZZ STEWART"", ""CHRISTOPHER BECKETT"", ""DEBBIE SIMMONS"", ""EDWARD DAVIDA"", ""FRANK SEENZ"", ""JIM STEVENS"", ""JOHN SCHIESS"", ""JOSHUA RODRIGUEZ"", ""MARK KELLY"", ""MARTHA MCSALLY"", ""MATTHEW \""DOC\"" DORCHESTER"", ""MATTHEW HAUPT"", ""MOHAMMAD \""MIKE OBAMA\"" ARIF"", ""NICHOLAS N. GLENN"", ""PATRICK \""PAT\"" THOMAS"", ""PERRY KAPADIA"", ""WILLIAM \""WILL\"" DECKER""]","[""DEMOCRAT"", ""INDEPENDENT"", ""INDEPENDENT REPUBLICAN PARTY"", ""LIBERTARIAN"", ""NON-AFFILIATED"", ""REPUBLICAN"", ""UNITY PARTY""]","[""3355307.0""]",3355307,3355307,0,"[""False""]",election_date_unavailable;round_definition_unverified
medsl-v8-group-040,2020,CO,US SENATE,statewide,gen,false,total,3450;3451;3452;3453;3454;3455;3456;3457,8,8,"[""BRUCE LOHMILLER"", ""CORY GARDNER"", ""DANIEL DOYLE"", ""DANNY SKELLY"", ""JOHN W. HICKENLOOPER"", ""MICHAEL SANCHEZ"", ""RAYMON ANTHONY DOANE"", ""STEPHAN \""SEKU\"" EVANS""]","[""APPROVAL VOTING PARTY"", ""DEMOCRAT"", ""GREEN"", ""LIBERTARIAN"", ""REPUBLICAN"", ""UNAFFILIATED"", ""UNITY PARTY""]","[""3235790.0""]",3235790,3235790,0,"[""False""]",election_date_unavailable;round_definition_unverified
medsl-v8-group-041,2020,DE,US SENATE,statewide,gen,false,total,3458;3459;3460;3461,4,4,"[""CHRISTOPHER A. COONS"", ""LAUREN WITZKE"", ""MARK W. TURLEY"", ""NADINE M. FROST""]","[""DEMOCRAT"", ""INDEPENDENT PARTY OF DELAWARE"", ""LIBERTARIAN"", ""REPUBLICAN""]","[""490935.0""]",490935,490935,0,"[""False""]",election_date_unavailable;round_definition_unverified
medsl-v8-group-042,2020,GA,US SENATE,statewide,gen,false,total,3462;3463;3464,3,3,"[""DAVID A. PERDUE"", ""JON OSSOFF"", ""SHANE HAZEL""]","[""DEMOCRAT"", ""LIBERTARIAN"", ""REPUBLICAN""]","[""4952175.0""]",4952175,4952175,0,"[""False""]",election_date_unavailable;round_definition_unverified
medsl-v8-group-043,2020,GA,US SENATE,statewide,gen,true,total,3465;3466;3467;3468;3469;3470;3471;3472;3473;3474;3475;3476;3477;3478;3479;3480;3481;3482;3483;3484,20,20,"[""A. WAYNE JOHNSON"", ""AL BARTELL"", ""ALLEN BUCKLEY"", ""ANNETTE DAVIS JACKSON"", ""BRIAN SLOWINSKI"", ""DEBORAH JACKSON"", ""DERRICK E. GRAYSON"", ""DOUG COLLINS"", ""ED TARVER"", ""JAMESIA JAMES"", ""JOHN FORTUIN"", ""JOY FELICIA SLADE"", ""KANDISS TAYLOR"", ""KELLY LOEFFLER"", ""MATT LIEBERMAN"", ""MICHAEL TODD GREENE"", ""RAPHAEL WARNOCK"", ""RICHARD DIEN WINFIELD"", ""TAMARA JOHNSON-SHEALEY"", ""VALENCIA STOVALL""]","[""DEMOCRAT"", ""GREEN"", ""INDEPENDENT"", ""LIBERTARIAN"", ""REPUBLICAN""]","[""4914361.0""]",4914361,4914361,0,"[""False""]",election_date_unavailable;round_definition_unverified
medsl-v8-group-044,2020,IA,US SENATE,statewide,gen,false,total,3497;3498;3499;3500;3501;3502;3503,7,6,"[""JONI ERNST"", ""OVER VOTES"", ""RICK STEWART"", ""SUZANNE HERZOG"", ""THERESA GREENFIELD"", ""UNDER VOTES""]","["""", ""DEMOCRAT"", ""LIBERTARIAN"", ""REPUBLICAN""]","[""1700130.0""]",1700130,1700130,0,"[""False""]",election_date_unavailable;round_definition_unverified;noncandidate_vote_category;missing_candidate_name
medsl-v8-group-045,2020,ID,US SENATE,statewide,gen,false,total,3485;3486;3487;3488,4,4,"[""JIM RISCH"", ""NATALIE M FLEMING"", ""PAULETTE JORDAN"", ""RAY J. WRITZ""]","[""CONSTITUTION PARTY"", ""DEMOCRAT"", ""INDEPENDENT"", ""REPUBLICAN""]","[""859827.0""]",859827,859827,0,"[""False""]",election_date_unavailable;round_definition_unverified
medsl-v8-group-046,2020,IL,US SENATE,statewide,gen,false,total,3489;3490;3491;3492;3493;3494;3495;3496,8,8,"[""ALBERT A. SCHAAL"", ""DANNY MALOUF "", ""DAVID F. BLACK"", ""KEVIN KEELY"", ""LOWELL MARTIN SEIDA"", ""MARK C. CURRAN JR."", ""RICHARD J. DURBIN"", ""WILLIE L. WILSON""]","["""", ""DEMOCRAT"", ""GREEN"", ""LIBERTARIAN"", ""REPUBLICAN"", ""WILLIE WILSON PARTY""]","[""5968901.0""]",5968901,5968901,0,"[""False""]",election_date_unavailable;round_definition_unverified;candidate_whitespace
medsl-v8-group-047,2020,KS,US SENATE,statewide,gen,false,total,3504;3505;3506,3,3,"[""BARBARA BOLLIER"", ""JASON BUCKLEY"", ""ROGER MARSHALL""]","[""DEMOCRAT"", ""LIBERTARIAN"", ""REPUBLICAN""]","[""1367755.0""]",1367755,1367755,0,"[""False""]",election_date_unavailable;round_definition_unverified
medsl-v8-group-048,2020,KY,US SENATE,statewide,gen,false,total,3507;3508;3509;3510;3511;3512;3513;3514,8,8,"[""AMY MCGRATH"", ""BRAD BARRON"", ""DANIEL COBBLE"", ""DEMETRA WYSINGER"", ""HAROLD H. FITZPATRICK"", ""MITCH MCCONNELL"", ""PAUL JOHN FRANGEDAKIS"", ""RANDALL LEE TEEGARGEN""]","["""", ""DEMOCRAT"", ""LIBERTARIAN"", ""REPUBLICAN""]","[""2135057.0""]",2135057,2135057,0,"[""False""]",election_date_unavailable;round_definition_unverified
medsl-v8-group-049,2020,LA,US SENATE,statewide,gen,false,total,3515;3516;3517;3518;3519;3520;3521;3522;3523;3524;3525;3526;3527;3528;3529,15,15,"[""\""BILL\"" CASSIDY"", ""\""XAN\"" JOHN"", ""AARON C. SIGLER"", ""ADRIAN PERKINS"", ""ANTOINE PIERCE"", ""BERYL BILLIOT"", ""DAVID DREW KNIGHT"", ""DERRICK \""CHAMP\"" EDWARDS"", ""DUSTIN MURPHY"", ""JAMAR MONTGOMERY"", ""JOHN PAUL BOURGEOIS"", ""M.V. \""VINNY\"" MENDOZA"", ""MELINDA MARY PRICE"", ""PETER WENSTRUP"", ""RENO JEAN DARET III""]","[""DEMOCRAT"", ""INDEPENDENT"", ""LIBERTARIAN"", ""OTHER"", ""REPUBLICAN"", ""UNAFFILIATED""]","[""2071543.0""]",2071543,2071543,0,"[""False""]",election_date_unavailable;round_definition_unverified
medsl-v8-group-050,2020,MA,US SENATE,statewide,gen,false,total,3536;3537;3538;3539;3540,5,4,"[""BLANK VOTES"", ""EDWARD J. MARKEY"", ""KEVIN J. O'CONNER"", ""SHIVA AYYADURAI""]","["""", ""DEMOCRAT"", ""REPUBLICAN""]","[""3658005.0""]",3658005,3658005,0,"[""False""]",election_date_unavailable;round_definition_unverified;noncandidate_vote_category;missing_candidate_name
medsl-v8-group-051,2020,ME,US SENATE,statewide,gen,false,total,3530;3531;3532;3533;3534;3535,6,5,"[""BLANK VOTES"", ""LISA SAVAGE"", ""MAX PATRICK LINN"", ""SARA I. GIDEON"", ""SUSAN MARGARET COLLINS""]","["""", ""DEMOCRAT"", ""INDEPENDENT"", ""REPUBLICAN""]","[""828305.0""]",828305,828305,0,"[""False""]",election_date_unavailable;round_definition_unverified;noncandidate_vote_category;missing_candidate_name
medsl-v8-group-052,2020,MI,US SENATE,statewide,gen,false,total,3541;3542;3543;3544;3545;3546;3547,7,7,"[""DOUG DERN"", ""GARY PETERS"", ""JOHN JAMES"", ""LEONARD PAUL GADZINSKI"", ""MARCIA SQUIER"", ""ROBERT WILLIAM CARR"", ""VALERIE L. WILLIS""]","["""", ""DEMOCRAT"", ""GREEN"", ""NATURAL LAW"", ""REPUBLICAN"", ""US TAXPAYERS""]","[""5479720.0""]",5479720,5479720,0,"[""False""]",election_date_unavailable;round_definition_unverified
medsl-v8-group-053,2020,MN,US SENATE,statewide,gen,false,total,3548;3549;3550;3551;3552,5,4,"[""JASON LEWIS"", ""KEVIN O'CONNOR"", ""OLIVER STEINBERG"", ""TINA SMITH""]","["""", ""DEMOCRAT"", ""GRASSROOTS"", ""LEGAL MARIJUANA NOW"", ""REPUBLICAN""]","[""3214256.0""]",3214256,3214256,0,"[""False""]",election_date_unavailable;round_definition_unverified;missing_candidate_name
medsl-v8-group-054,2020,MS,US SENATE,statewide,gen,false,total,3553;3554;3555,3,3,"[""CINDY HYDE-SMITH"", ""JIMMY L. EDWARDS"", ""MIKE ESPY""]","[""DEMOCRAT"", ""LIBERTARIAN"", ""REPUBLICAN""]","[""1311354.0""]",1311354,1311354,0,"[""False""]",election_date_unavailable;round_definition_unverified
medsl-v8-group-055,2020,MT,US SENATE,statewide,gen,false,total,3556;3557,2,2,"[""STEVE BULLOCK"", ""STEVE DAINES""]","[""DEMOCRAT"", ""REPUBLICAN""]","[""605637.0""]",605637,605637,0,"[""False""]",election_date_unavailable;round_definition_unverified
medsl-v8-group-056,2020,NC,US SENATE,statewide,gen,false,total,3575;3576;3577;3578,4,4,"[""CAL CUNNINGHAM"", ""KEVIN E. HAYES"", ""SHANNON W. BRAY"", ""THOM TILLIS""]","[""CONSTITUTION PARTY"", ""DEMOCRAT"", ""LIBERTARIAN"", ""REPUBLICAN""]","[""5474952.0""]",5474952,5474952,0,"[""False""]",election_date_unavailable;round_definition_unverified
medsl-v8-group-057,2020,NE,US SENATE,statewide,gen,false,total,3558;3559;3560;3561;3562,5,4,"[""BEN SASSE"", ""CHRIS JANICEK"", ""GENE SIADEK"", ""PRESTON LOVE JR.""]","["""", ""DEMOCRAT"", ""LIBERTARIAN"", ""REPUBLICAN""]","[""930012.0""]",930012,930012,0,"[""False""]",election_date_unavailable;round_definition_unverified;missing_candidate_name
medsl-v8-group-058,2020,NH,US SENATE,statewide,gen,false,total,3563;3564;3565;3566,4,3,"[""CORKY MESSNER"", ""JEANNE SHAHEEN"", ""JUSTIN O'DONNELL""]","["""", ""DEMOCRAT"", ""LIBERTARIAN"", ""REPUBLICAN""]","[""795914.0""]",795914,795914,0,"[""False""]",election_date_unavailable;round_definition_unverified;missing_candidate_name
medsl-v8-group-059,2020,NJ,US SENATE,statewide,gen,false,total,3567;3568;3569;3570;3571,5,5,"[""CORY BOOKER"", ""DANIEL BURKE"", ""MADELYN R. HOFFMAN"", ""RIKIN \""RIK\"" MEHTA"", ""VERONICA FERNANDEZ""]","[""DEMOCRAT"", ""GREEN"", ""LAROUCHE WAS RIGHT"", ""OF, BY, FOR!"", ""REPUBLICAN""]","[""4440440.0""]",4440440,4440440,0,"[""False""]",election_date_unavailable;round_definition_unverified
medsl-v8-group-060,2020,NM,US SENATE,statewide,gen,false,total,3572;3573;3574,3,3,"[""BEN R. LUJAN"", ""BOB WALSH"", ""MARK V. RONCHETTI""]","[""DEMOCRAT"", ""LIBERTARIAN"", ""REPUBLICAN""]","[""917237.0""]",917237,917237,0,"[""False""]",election_date_unavailable;round_definition_unverified
medsl-v8-group-061,2020,OK,US SENATE,statewide,gen,false,total,3579;3580;3581;3582;3583,5,5,"[""A. D. NESBIT"", ""ABBY BROYLES"", ""JIM INHOFE "", ""JOAN FARR"", ""ROBERT MURPHY""]","[""DEMOCRAT"", ""INDEPENDENT"", ""LIBERTARIAN"", ""REPUBLICAN""]","[""1556361.0""]",1556361,1556361,0,"[""False""]",election_date_unavailable;round_definition_unverified;candidate_whitespace
medsl-v8-group-062,2020,OR,US SENATE,statewide,gen,false,total,3584;3585;3586;3587;3588,5,4,"[""GARY DYE"", ""IBRAHIM A TAHER"", ""JEFF MERKLEY"", ""JO RAE PERKINS""]","["""", ""DEMOCRAT"", ""LIBERTARIAN"", ""PACIFIC GREEN"", ""REPUBLICAN""]","[""2321249.0""]",2321249,2321249,0,"[""False""]",election_date_unavailable;round_definition_unverified;missing_candidate_name
medsl-v8-group-063,2020,RI,US SENATE,statewide,gen,false,total,3589;3590;3591,3,2,"[""ALLEN R. WATERS"", ""JOHN F. REED""]","["""", ""DEMOCRAT"", ""REPUBLICAN""]","[""494262.0""]",494262,494262,0,"[""False""]",election_date_unavailable;round_definition_unverified;missing_candidate_name
medsl-v8-group-064,2020,SC,US SENATE,statewide,gen,false,total,3592;3593;3594;3595,4,3,"[""BILL BLEDSOE"", ""JAIME HARRISON"", ""LINDSEY GRAHAM""]","["""", ""CONSTITUTION PARTY"", ""DEMOCRAT"", ""REPUBLICAN""]","[""2515104.0""]",2515104,2515104,0,"[""False""]",election_date_unavailable;round_definition_unverified;missing_candidate_name
medsl-v8-group-065,2020,SD,US SENATE,statewide,gen,false,total,3596;3597,2,2,"[""DAN AHLERS"", ""MIKE ROUNDS""]","[""DEMOCRAT"", ""REPUBLICAN""]","[""420219.0""]",420219,420219,0,"[""True""]",election_date_unavailable;round_definition_unverified;unofficial_return
medsl-v8-group-066,2020,TN,US SENATE,statewide,gen,false,total,3598;3599;3600;3601;3602;3603;3604;3605;3606;3607;3608;3609,12,12,"[""AARON JAMES"", ""BILL HAGERTY"", ""ELIZABETH MCLEOD"", ""ERIC WILLIAM STANSBERRY"", ""G. DEAN HILL"", ""JEFFREY ALAN GRUNAU"", ""JOHN A. GENTRY"", ""KACEY MORGAN"", ""MARQUITA BRADSHAW"", ""RONNIE HENLEY"", ""STEVEN J. HOOPER"", ""YOMI \""FAPAS\"" FAPARUSI SR.""]","["""", ""DEMOCRAT"", ""INDEPENDENT"", ""REPUBLICAN""]","[""2959761.0""]",2959761,2959761,0,"[""False""]",election_date_unavailable;round_definition_unverified
medsl-v8-group-067,2020,TX,US SENATE,statewide,gen,false,total,3610;3611;3612;3613;3614,5,5,"[""DAVID B. COLLINS"", ""JOHN CORNYN"", ""KERRY DOUGLAS MCKENNON"", ""MARY \""MJ\"" HEGAR"", ""RICARDO TURULLOLS-BONILLA""]","["""", ""DEMOCRAT"", ""GREEN"", ""LIBERTARIAN"", ""REPUBLICAN""]","[""11144040.0""]",11144040,11144040,0,"[""False""]",election_date_unavailable;round_definition_unverified
medsl-v8-group-068,2020,VA,US SENATE,statewide,gen,false,total,3615;3616;3617,3,2,"[""DANIEL M. GADE"", ""MARK R. WARNER""]","["""", ""DEMOCRAT"", ""REPUBLICAN""]","[""4405087.0""]",4405087,4405087,0,"[""False""]",election_date_unavailable;round_definition_unverified;missing_candidate_name
medsl-v8-group-069,2020,WV,US SENATE,statewide,gen,false,total,3618;3619;3620,3,3,"[""DAVID MORAN"", ""PAULA JEAN SWEARENGIN"", ""SHELLEY MOORE CAPITO""]","[""DEMOCRAT"", ""LIBERTARIAN"", ""REPUBLICAN""]","[""778918.0""]",778918,778918,0,"[""False""]",election_date_unavailable;round_definition_unverified
medsl-v8-group-070,2020,WY,US SENATE,statewide,gen,false,total,3621;3622;3623;3624;3625,5,4,"[""CYNTHIA M. LUMMIS"", ""MERAV BEN DAVID"", ""OVER VOTES"", ""UNDER VOTES""]","[""""]","[""278503.0""]",278503,278503,0,"[""False""]",election_date_unavailable;round_definition_unverified;noncandidate_vote_category;missing_candidate_name
medsl-v8-group-071,2021,GA,US SENATE,statewide,runoff,false,total,3626;3627,2,2,"[""DAVID A. PERDUE"", ""JON OSSOFF""]","[""DEMOCRAT"", ""REPUBLICAN""]","[""4483241.0""]",4483241,4483241,0,"[""True""]",election_date_unavailable;round_definition_unverified;unofficial_return;supplemental_2021_runoff_cycle_unassigned
medsl-v8-group-072,2021,GA,US SENATE,statewide,runoff,true,total,3628;3629,2,2,"[""KELLY LOEFFLER"", ""RAPHAEL WARNOCK""]","[""DEMOCRAT"", ""REPUBLICAN""]","[""4483294.0""]",4483294,4483294,0,"[""True""]",election_date_unavailable;round_definition_unverified;unofficial_return;supplemental_2021_runoff_cycle_unassigned
medsl-v8-group-073,2024,AZ,US SENATE,statewide,gen,false,total,3798;3799;3800,3,3,"[""EDUARDO QUINTANA"", ""KARI LAKE"", ""RUBEN GALLEGO""]","[""DEMOCRAT"", ""GREEN"", ""REPUBLICAN""]","[""3347964.0""]",3347964,3347964,0,"[""True""]",election_date_unavailable;round_definition_unverified;unofficial_return
medsl-v8-group-074,2024,CA,US SENATE,statewide,gen,false,total,3801;3802,2,2,"[""ADAM B. SCHIFF"", ""STEVE GARVEY""]","[""DEMOCRAT"", ""REPUBLICAN""]","[""15348846.0""]",15348846,15348846,0,"[""False""]",election_date_unavailable;round_definition_unverified
medsl-v8-group-075,2024,CA,US SENATE,statewide,gen,true,total,3803;3804,2,2,"[""ADAM B. SCHIFF"", ""STEVE GARVEY""]","[""DEMOCRAT"", ""REPUBLICAN""]","[""15041688.0""]",15041688,15041688,0,"[""True""]",election_date_unavailable;round_definition_unverified;unofficial_return
medsl-v8-group-076,2024,CT,US SENATE,statewide,gen,false,total,3805;3806;3807;3808;3809;3810,6,5,"[""CHRISTOPHER S. MURPHY"", ""JUSTIN C. PAGLINO"", ""MATTHEW M. COREY"", ""OTHER"", ""ROBERT FINLEY HYDE""]","[""CHEAPER GAS GROCERIES"", ""DEMOCRATIC"", ""GREEN"", ""OTHER"", ""REPUBLICAN"", ""WORKING FAMILIES""]","[""1708259.0""]",1708259,1708259,0,"[""False""]",election_date_unavailable;round_definition_unverified;repeated_candidate_name_review_ballot_lines
medsl-v8-group-077,2024,DE,US SENATE,statewide,gen,false,total,3811;3812;3813,3,3,"[""ERIC HANSEN"", ""LISA BLUNT ROCHESTER"", ""MICHAEL \""DR. MIKE\"" KATZ""]","[""DEMOCRATIC"", ""INDEPENDENT PARTY OF DELAWARE"", ""REPUBLICAN""]","[""500606.0""]",500606,500606,0,"[""False""]",election_date_unavailable;round_definition_unverified
medsl-v8-group-078,2024,FL,US SENATE,statewide,gen,false,total,3814;3815;3816;3817;3818;3819,6,6,"[""BEN EVERIDGE"", ""DEBBIE MUCARSEL-POWELL"", ""FEENA BONOAN"", ""OTHER"", ""RICK SCOTT"", ""TUAN NGUYEN""]","[""DEMOCRAT"", ""LIBERTARIAN PARTY OF FLORIDA"", ""NO PARTY AFFILIATION"", ""OTHER"", ""REPUBLICAN""]","[""10757428.0""]",10757428,10757428,0,"[""False""]",election_date_unavailable;round_definition_unverified
medsl-v8-group-079,2024,HI,US SENATE,statewide,gen,false,total,3820;3821;3822;3823,4,4,"[""BOB MCDERMOTT"", ""EMMA JANE AVILA POHLMAN"", ""MAZIE K. HIRONO"", ""SHELBY PIKACHU BILLIONAIRE""]","[""DEMOCRAT"", ""GREEN"", ""REPUBLICAN"", ""WE THE PEOPLE""]","[""501763.0""]",501763,501763,0,"[""False""]",election_date_unavailable;round_definition_unverified
medsl-v8-group-080,2024,IN,US SENATE,statewide,gen,false,total,3824;3825;3826;3827,4,4,"[""ANDREW HORNING"", ""JIM BANKS"", ""OTHER"", ""VALERIE MCCRAY""]","[""DEMOCRATIC"", ""LIBERTARIAN"", ""OTHER"", ""REPUBLICAN""]","[""2829897.0""]",2829897,2829897,0,"[""False""]",election_date_unavailable;round_definition_unverified
medsl-v8-group-081,2024,MA,US SENATE,statewide,gen,false,total,3837;3838;3839;3840,4,4,"[""ELIZABETH ANN WARREN"", ""JOHN DEATON"", ""OTHER"", ""UNDERVOTES""]","["""", ""DEMOCRATIC"", ""OTHER"", ""REPUBLICAN""]","[""3512930.0""]",3512930,3512930,0,"[""False""]",election_date_unavailable;round_definition_unverified
medsl-v8-group-082,2024,MD,US SENATE,statewide,gen,false,total,3833;3834;3835;3836,4,4,"[""ANGELA ALSOBROOKS"", ""LARRY HOGAN"", ""MIKE SCOTT"", ""OTHER""]","[""DEMOCRATIC"", ""LIBERTARIAN"", ""OTHER"", ""REPUBLICAN""]","[""3021378.0""]",3021378,3021378,0,"[""False""]",election_date_unavailable;round_definition_unverified
medsl-v8-group-083,2024,ME,US SENATE,statewide,gen,false,total,3828;3829;3830;3831;3832,5,5,"[""ANGUS S. KING JR."", ""DAVID ALLEN COSTELLO"", ""DEMI KOUZOUNAS"", ""JASON S. CHERRY"", ""UNDERVOTES""]","["""", ""DEMOCRATIC"", ""INDEPENDENT"", ""REPUBLICAN""]","[""842447.0""]",842447,842447,0,"[""False""]",election_date_unavailable;round_definition_unverified
medsl-v8-group-084,2024,MI,US SENATE,statewide,gen,false,total,3841;3842;3843;3844;3845;3846;3847,7,7,"[""DAVE STEIN"", ""DOUG DERN"", ""DOUGLAS P. MARSH"", ""ELISSA SLOTKIN"", ""JOSEPH SOLIS-MULLEN"", ""MIKE ROGERS"", ""OTHER""]","[""DEMOCRATIC"", ""GREEN"", ""LIBERTARIAN"", ""NATURAL LAW"", ""OTHER"", ""REPUBLICAN"", ""U.S. TAXPAYERS""]","[""5577187.0""]",5577187,5577187,0,"[""False""]",election_date_unavailable;round_definition_unverified
medsl-v8-group-085,2024,MN,US SENATE,statewide,gen,false,total,3848;3849;3850;3851;3852,5,5,"[""AMY KLOBUCHAR"", ""JOYCE LYNNE LACEY"", ""OTHER"", ""REBECCA WHITING"", ""ROYCE WHITE""]","[""DEMOCRATIC-FARMER-LABOR"", ""INDEPENDENCE-ALLIANCE"", ""LIBERTARIAN"", ""OTHER"", ""REPUBLICAN""]","[""3189323.0""]",3189323,3189323,0,"[""False""]",election_date_unavailable;round_definition_unverified
medsl-v8-group-086,2024,MO,US SENATE,statewide,gen,false,total,3855;3856;3857;3858;3859;3860,6,6,"[""JARED YOUNG"", ""JOSH HAWLEY"", ""LUCAS KUNCE"", ""NATHAN KLINE"", ""OTHER"", ""W. C. YOUNG""]","[""BETTER"", ""DEMOCRATIC"", ""GREEN"", ""LIBERTARIAN"", ""OTHER"", ""REPUBLICAN""]","[""2972559.0""]",2972559,2972559,0,"[""False""]",election_date_unavailable;round_definition_unverified
medsl-v8-group-087,2024,MS,US SENATE,statewide,gen,false,total,3853;3854,2,2,"[""ROGER F. WICKER"", ""TY PINKINS""]","[""""]","[""1215401.0""]",1215401,1215401,0,"[""False""]",election_date_unavailable;round_definition_unverified
medsl-v8-group-088,2024,MT,US SENATE,statewide,gen,false,total,3861;3862;3863;3864,4,4,"[""JON TESTER"", ""ROBERT BARB"", ""SID DAOUD"", ""TIM SHEEHY""]","[""DEMOCRAT"", ""GREEN"", ""LIBERTARIAN"", ""REPUBLICAN""]","[""607262.0""]",607262,607262,0,"[""False""]",election_date_unavailable;round_definition_unverified
medsl-v8-group-089,2024,ND,US SENATE,statewide,gen,false,total,3889;3890;3891,3,3,"[""KATRINA CHRISTIANSEN"", ""KEVIN CRAMER"", ""OTHER""]","[""DEMOCRATIC-NPL"", ""OTHER"", ""REPUBLICAN""]","[""364327.0""]",364327,364327,0,"[""False""]",election_date_unavailable;round_definition_unverified
medsl-v8-group-090,2024,NE,US SENATE,statewide,gen,false,total,3865;3866;3867,3,3,"[""DAN OSBORN"", ""DEB FISCHER"", ""OTHER""]","[""BY PETITION"", ""OTHER"", ""REPUBLICAN""]","[""938336.0""]",938336,938336,0,"[""False""]",election_date_unavailable;round_definition_unverified
medsl-v8-group-091,2024,NE,US SENATE,statewide,gen,true,total,3868;3869,2,2,"[""PETE RICKETTS"", ""PRESTON LOVE JR.""]","[""DEMOCRAT"", ""REPUBLICAN""]","[""935005.0""]",935005,935005,0,"[""True""]",election_date_unavailable;round_definition_unverified;unofficial_return
medsl-v8-group-092,2024,NJ,US SENATE,statewide,gen,false,total,3875;3876;3877;3878;3879;3880,6,6,"[""ANDY KIM"", ""CHRISTINA KHALIL"", ""CURTIS BASHAW"", ""JOANNE KUNIANSKY"", ""KENNETH R. KAPLAN"", ""PATRICIA G. MOONEYHAM""]","[""DEMOCRATIC"", ""GREEN"", ""LIBERTARIAN"", ""REPUBLICAN"", ""SOCIALIST WORKERS PARTY"", ""VOTE BETTER""]","[""4031795.0""]",4031795,4031795,0,"[""False""]",election_date_unavailable;round_definition_unverified
medsl-v8-group-093,2024,NM,US SENATE,statewide,gen,false,total,3881;3882,2,2,"[""MARTIN HEINRICH"", ""NELLA LOUISE DOMENICI""]","[""DEMOCRATIC"", ""REPUBLICAN""]","[""903311.0""]",903311,903311,0,"[""False""]",election_date_unavailable;round_definition_unverified
medsl-v8-group-094,2024,NV,US SENATE,statewide,gen,false,total,3870;3871;3872;3873;3874,5,5,"[""CHRIS CUNNINGHAM"", ""JACKY S. ROSEN"", ""JANINE HANSEN"", ""NONE OF THESE CANDIDATES"", ""SAM BROWN""]","[""""]","[""1464728.0""]",1464728,1464728,0,"[""False""]",election_date_unavailable;round_definition_unverified
medsl-v8-group-095,2024,NY,US SENATE,statewide,gen,false,total,3883;3884;3885;3886;3887;3888,6,6,"[""DIANE SARE"", ""KIRSTEN E. GILLIBRAND"", ""MICHAEL D. SAPRAICONE"", ""OTHER"", ""UNDERVOTES"", ""VOID""]","["""", ""DEMOCRATIC/WORKING FAMILIES"", ""LAROUCHE"", ""OTHER"", ""REPUBLICAN/CONSERVATIVE""]","[""8381397.0""]",8381397,8381397,0,"[""False""]",election_date_unavailable;round_definition_unverified
medsl-v8-group-096,2024,OH,US SENATE,statewide,gen,false,total,3892;3893;3894;3895,4,4,"[""BERNIE MORENO"", ""DON KISSICK"", ""OTHER"", ""SHERROD BROWN""]","[""DEMOCRATIC"", ""LIBERTARIAN"", ""OTHER"", ""REPUBLICAN""]","[""5704620.0""]",5704620,5704620,0,"[""False""]",election_date_unavailable;round_definition_unverified
medsl-v8-group-097,2024,PA,US SENATE,statewide,gen,false,total,3896;3897;3898;3899;3900,5,5,"[""DAVE MCCORMICK"", ""JOHN C THOMAS"", ""LEILA HAZOU"", ""MARTY SELKER"", ""ROBERT P CASEY JR""]","[""CONSTITUTION"", ""DEMOCRATIC"", ""GREEN"", ""LIBERTARIAN"", ""REPUBLICAN""]","[""6963137.0""]",6963137,6963137,0,"[""False""]",election_date_unavailable;round_definition_unverified
medsl-v8-group-098,2024,RI,US SENATE,statewide,gen,false,total,3901;3902;3903,3,3,"[""OTHER"", ""PATRICIA MORGAN"", ""SHELDON WHITEHOUSE""]","[""DEMOCRATIC"", ""OTHER"", ""REPUBLICAN""]","[""491948.0""]",491948,491948,0,"[""False""]",election_date_unavailable;round_definition_unverified
medsl-v8-group-099,2024,TN,US SENATE,statewide,gen,false,total,3904;3905;3906;3907;3908,5,5,"[""GLORIA JOHNSON"", ""HASTINA ROBINSON"", ""MARSHA BLACKBURN"", ""PAMELA JEANINE \""P.\"" MOSES"", ""THARON CHANDLER""]","[""DEMOCRATIC"", ""INDEPENDENT"", ""REPUBLICAN""]","[""3007608.0""]",3007608,3007608,0,"[""False""]",election_date_unavailable;round_definition_unverified
medsl-v8-group-100,2024,TX,US SENATE,statewide,gen,false,total,3909;3910;3911;3912,4,4,"[""COLIN ALLRED"", ""OTHER"", ""TED BROWN"", ""TED CRUZ""]","[""DEMOCRATIC"", ""LIBERTARIAN"", ""OTHER"", ""REPUBLICAN""]","[""11291854.0""]",11291854,11291854,0,"[""False""]",election_date_unavailable;round_definition_unverified
medsl-v8-group-101,2024,UT,US SENATE,statewide,gen,false,total,3913;3914;3915;3916,4,4,"[""CARLTON E. BOWEN"", ""CAROLINE GLEICH"", ""JOHN CURTIS"", ""OTHER""]","[""DEMOCRATIC"", ""INDEPENDENT AMERICAN"", ""OTHER"", ""REPUBLICAN""]","[""1463509.0""]",1463509,1463509,0,"[""False""]",election_date_unavailable;round_definition_unverified
medsl-v8-group-102,2024,VA,US SENATE,statewide,gen,false,total,3926;3927;3928,3,3,"[""HUNG CAO"", ""OTHER"", ""TIMOTHY M. KAINE""]","[""DEMOCRATIC"", ""OTHER"", ""REPUBLICAN""]","[""4445535.0""]",4445535,4445535,0,"[""False""]",election_date_unavailable;round_definition_unverified
medsl-v8-group-103,2024,VT,US SENATE,statewide,gen,false,total,3917;3918;3919;3920;3921;3922;3923;3924;3925,9,9,"[""BERNIE SANDERS"", ""GERALD MALLOY"", ""JUSTIN SCHOVILLE"", ""MARK STEWART GREENSTEIN"", ""MATT HILL"", ""OTHER"", ""SPOILED"", ""STEVE BERRY"", ""UNDERVOTES""]","["""", ""EPIC"", ""INDEPENDENT"", ""LIBERTARIAN"", ""OTHER"", ""PEACE AND JUSTICE"", ""REPUBLICAN""]","[""372885.0""]",372885,372885,0,"[""False""]",election_date_unavailable;round_definition_unverified
medsl-v8-group-104,2024,WA,US SENATE,statewide,gen,false,total,3929;3930;3931,3,3,"[""DR RAUL GARCIA"", ""MARIA CANTWELL"", ""OTHER""]","[""DEMOCRATIC"", ""GOP"", ""OTHER""]","[""3812391.0""]",3812391,3812391,0,"[""True""]",election_date_unavailable;round_definition_unverified;unofficial_return
medsl-v8-group-105,2024,WI,US SENATE,statewide,gen,false,total,3936;3937;3938;3939;3940,5,5,"[""ERIC HOVDE"", ""OTHER"", ""PHIL ANDERSON"", ""TAMMY BALDWIN"", ""THOMAS LEAGER""]","[""DEMOCRATIC"", ""INDEPENDENT"", ""OTHER"", ""REPUBLICAN""]","[""3390787.0""]",3390787,3390787,0,"[""False""]",election_date_unavailable;round_definition_unverified
medsl-v8-group-106,2024,WV,US SENATE,statewide,gen,false,total,3932;3933;3934;3935,4,4,"[""DAVID MORAN"", ""GLENN ELLIOTT"", ""JIM JUSTICE"", ""OTHER""]","[""DEMOCRATIC"", ""LIBERTARIAN"", ""OTHER"", ""REPUBLICAN""]","[""747717.0""]",747717,747717,0,"[""False""]",election_date_unavailable;round_definition_unverified
medsl-v8-group-107,2024,WY,US SENATE,statewide,gen,false,total,3941;3942;3943;3944;3945,5,5,"[""JOHN BARRASSO"", ""OTHER"", ""OVERVOTES"", ""SCOTT D MORROW"", ""UNDERVOTES""]","["""", ""DEMOCRATIC"", ""OTHER"", ""REPUBLICAN""]","[""271123.0""]",271123,271123,0,"[""False""]",election_date_unavailable;round_definition_unverified
