source_row,selection_basis,inventory_id,year,state,state_po,state_fips,state_cen,state_ic,office,district,stage,special,candidate,party_detailed,writein,mode,candidatevotes,totalvotes,unofficial,version,party_simplified,flags
3422,requested_source_year,medsl-v8-group-037,2020,ALABAMA,AL,1,63.0,41,US SENATE,statewide,gen,False,DOUG JONES,DEMOCRAT,False,total,920478.0,2316445.0,False,20210114,DEMOCRAT,
3423,requested_source_year,medsl-v8-group-037,2020,ALABAMA,AL,1,63.0,41,US SENATE,statewide,gen,False,TOMMY TUBERVILLE,REPUBLICAN,False,total,1392076.0,2316445.0,False,20210114,REPUBLICAN,
3424,requested_source_year,medsl-v8-group-037,2020,ALABAMA,AL,1,63.0,41,US SENATE,statewide,gen,False,,,True,total,3891.0,2316445.0,False,20210114,OTHER,missing_candidate_name
3425,requested_source_year,medsl-v8-group-036,2020,ALASKA,AK,2,94.0,81,US SENATE,statewide,gen,False,AL GROSS,DEMOCRAT,False,total,146068.0,354587.0,False,20210114,DEMOCRAT,
3426,requested_source_year,medsl-v8-group-036,2020,ALASKA,AK,2,94.0,81,US SENATE,statewide,gen,False,DAN SULLIVAN,REPUBLICAN,False,total,191112.0,354587.0,False,20210114,REPUBLICAN,
3427,requested_source_year,medsl-v8-group-036,2020,ALASKA,AK,2,94.0,81,US SENATE,statewide,gen,False,JOHN WAYNE HOWE,ALASKAN INDEPENDENCE PARTY,False,total,16806.0,354587.0,False,20210114,OTHER,
3428,requested_source_year,medsl-v8-group-036,2020,ALASKA,AK,2,94.0,81,US SENATE,statewide,gen,False,,,True,total,601.0,354587.0,False,20210114,OTHER,missing_candidate_name
3429,requested_source_year,medsl-v8-group-039,2020,ARIZONA,AZ,4,86.0,61,US SENATE,statewide,gen,True,ADAM CHILTON,DEMOCRAT,True,total,19.0,3355307.0,False,20210114,DEMOCRAT,
3430,requested_source_year,medsl-v8-group-039,2020,ARIZONA,AZ,4,86.0,61,US SENATE,statewide,gen,True,BENJAMIN RODRIGUEZ,INDEPENDENT,True,total,17.0,3355307.0,False,20210114,OTHER,
3431,requested_source_year,medsl-v8-group-039,2020,ARIZONA,AZ,4,86.0,61,US SENATE,statewide,gen,True,BUZZ STEWART,DEMOCRAT,True,total,22.0,3355307.0,False,20210114,DEMOCRAT,
3432,requested_source_year,medsl-v8-group-039,2020,ARIZONA,AZ,4,86.0,61,US SENATE,statewide,gen,True,CHRISTOPHER BECKETT,INDEPENDENT,True,total,59.0,3355307.0,False,20210114,OTHER,
3433,requested_source_year,medsl-v8-group-039,2020,ARIZONA,AZ,4,86.0,61,US SENATE,statewide,gen,True,DEBBIE SIMMONS,REPUBLICAN,True,total,98.0,3355307.0,False,20210114,REPUBLICAN,
3434,requested_source_year,medsl-v8-group-039,2020,ARIZONA,AZ,4,86.0,61,US SENATE,statewide,gen,True,EDWARD DAVIDA,REPUBLICAN,True,total,28.0,3355307.0,False,20210114,REPUBLICAN,
3435,requested_source_year,medsl-v8-group-039,2020,ARIZONA,AZ,4,86.0,61,US SENATE,statewide,gen,True,FRANK SEENZ,INDEPENDENT,True,total,8.0,3355307.0,False,20210114,OTHER,
3436,requested_source_year,medsl-v8-group-039,2020,ARIZONA,AZ,4,86.0,61,US SENATE,statewide,gen,True,JIM STEVENS,NON-AFFILIATED,True,total,23.0,3355307.0,False,20210114,OTHER,
3437,requested_source_year,medsl-v8-group-039,2020,ARIZONA,AZ,4,86.0,61,US SENATE,statewide,gen,True,JOHN SCHIESS,REPUBLICAN,True,total,92.0,3355307.0,False,20210114,REPUBLICAN,
3438,requested_source_year,medsl-v8-group-039,2020,ARIZONA,AZ,4,86.0,61,US SENATE,statewide,gen,True,JOSHUA RODRIGUEZ,UNITY PARTY,True,total,69.0,3355307.0,False,20210114,OTHER,
3439,requested_source_year,medsl-v8-group-039,2020,ARIZONA,AZ,4,86.0,61,US SENATE,statewide,gen,True,MARK KELLY,DEMOCRAT,False,total,1716467.0,3355307.0,False,20210114,DEMOCRAT,
3440,requested_source_year,medsl-v8-group-039,2020,ARIZONA,AZ,4,86.0,61,US SENATE,statewide,gen,True,MARTHA MCSALLY,REPUBLICAN,False,total,1637661.0,3355307.0,False,20210114,REPUBLICAN,
3441,requested_source_year,medsl-v8-group-039,2020,ARIZONA,AZ,4,86.0,61,US SENATE,statewide,gen,True,"MATTHEW ""DOC"" DORCHESTER",LIBERTARIAN,True,total,379.0,3355307.0,False,20210114,LIBERTARIAN,
3442,requested_source_year,medsl-v8-group-039,2020,ARIZONA,AZ,4,86.0,61,US SENATE,statewide,gen,True,MATTHEW HAUPT,INDEPENDENT,True,total,37.0,3355307.0,False,20210114,OTHER,
3443,requested_source_year,medsl-v8-group-039,2020,ARIZONA,AZ,4,86.0,61,US SENATE,statewide,gen,True,"MOHAMMAD ""MIKE OBAMA"" ARIF",DEMOCRAT,True,total,68.0,3355307.0,False,20210114,DEMOCRAT,
3444,requested_source_year,medsl-v8-group-039,2020,ARIZONA,AZ,4,86.0,61,US SENATE,statewide,gen,True,NICHOLAS N. GLENN,INDEPENDENT REPUBLICAN PARTY,True,total,152.0,3355307.0,False,20210114,OTHER,
3445,requested_source_year,medsl-v8-group-039,2020,ARIZONA,AZ,4,86.0,61,US SENATE,statewide,gen,True,"PATRICK ""PAT"" THOMAS",REPUBLICAN,True,total,29.0,3355307.0,False,20210114,REPUBLICAN,
3446,requested_source_year,medsl-v8-group-039,2020,ARIZONA,AZ,4,86.0,61,US SENATE,statewide,gen,True,PERRY KAPADIA,DEMOCRAT,True,total,58.0,3355307.0,False,20210114,DEMOCRAT,
3447,requested_source_year,medsl-v8-group-039,2020,ARIZONA,AZ,4,86.0,61,US SENATE,statewide,gen,True,"WILLIAM ""WILL"" DECKER",INDEPENDENT,True,total,21.0,3355307.0,False,20210114,OTHER,
3448,requested_source_year,medsl-v8-group-038,2020,ARKANSAS,AR,5,71.0,42,US SENATE,statewide,gen,False,RICKY DALE HARRINGTON JR.,LIBERTARIAN,False,total,399390.0,1193261.0,False,20210114,LIBERTARIAN,
3449,requested_source_year,medsl-v8-group-038,2020,ARKANSAS,AR,5,71.0,42,US SENATE,statewide,gen,False,TOM COTTON,REPUBLICAN,False,total,793871.0,1193261.0,False,20210114,REPUBLICAN,
3450,requested_source_year,medsl-v8-group-040,2020,COLORADO,CO,8,84.0,62,US SENATE,statewide,gen,False,BRUCE LOHMILLER,GREEN,False,total,71.0,3235790.0,False,20210114,OTHER,
3451,requested_source_year,medsl-v8-group-040,2020,COLORADO,CO,8,84.0,62,US SENATE,statewide,gen,False,CORY GARDNER,REPUBLICAN,False,total,1429492.0,3235790.0,False,20210114,REPUBLICAN,
3452,requested_source_year,medsl-v8-group-040,2020,COLORADO,CO,8,84.0,62,US SENATE,statewide,gen,False,DANIEL DOYLE,APPROVAL VOTING PARTY,False,total,9820.0,3235790.0,False,20210114,OTHER,
3453,requested_source_year,medsl-v8-group-040,2020,COLORADO,CO,8,84.0,62,US SENATE,statewide,gen,False,DANNY SKELLY,UNAFFILIATED,False,total,55.0,3235790.0,False,20210114,OTHER,
3454,requested_source_year,medsl-v8-group-040,2020,COLORADO,CO,8,84.0,62,US SENATE,statewide,gen,False,JOHN W. HICKENLOOPER,DEMOCRAT,False,total,1731114.0,3235790.0,False,20210114,DEMOCRAT,
3455,requested_source_year,medsl-v8-group-040,2020,COLORADO,CO,8,84.0,62,US SENATE,statewide,gen,False,MICHAEL SANCHEZ,UNAFFILIATED,False,total,5.0,3235790.0,False,20210114,OTHER,
3456,requested_source_year,medsl-v8-group-040,2020,COLORADO,CO,8,84.0,62,US SENATE,statewide,gen,False,RAYMON ANTHONY DOANE,LIBERTARIAN,False,total,56262.0,3235790.0,False,20210114,LIBERTARIAN,
3457,requested_source_year,medsl-v8-group-040,2020,COLORADO,CO,8,84.0,62,US SENATE,statewide,gen,False,"STEPHAN ""SEKU"" EVANS",UNITY PARTY,False,total,8971.0,3235790.0,False,20210114,OTHER,
3458,requested_source_year,medsl-v8-group-041,2020,DELAWARE,DE,10,51.0,11,US SENATE,statewide,gen,False,CHRISTOPHER A. COONS,DEMOCRAT,False,total,291804.0,490935.0,False,20210114,DEMOCRAT,
3459,requested_source_year,medsl-v8-group-041,2020,DELAWARE,DE,10,51.0,11,US SENATE,statewide,gen,False,LAUREN WITZKE,REPUBLICAN,False,total,186054.0,490935.0,False,20210114,REPUBLICAN,
3460,requested_source_year,medsl-v8-group-041,2020,DELAWARE,DE,10,51.0,11,US SENATE,statewide,gen,False,MARK W. TURLEY,INDEPENDENT PARTY OF DELAWARE,False,total,7833.0,490935.0,False,20210114,OTHER,
3461,requested_source_year,medsl-v8-group-041,2020,DELAWARE,DE,10,51.0,11,US SENATE,statewide,gen,False,NADINE M. FROST,LIBERTARIAN,False,total,5244.0,490935.0,False,20210114,LIBERTARIAN,
3462,requested_source_year,medsl-v8-group-042,2020,GEORGIA,GA,13,58.0,44,US SENATE,statewide,gen,False,DAVID A. PERDUE,REPUBLICAN,False,total,2462617.0,4952175.0,False,20210114,REPUBLICAN,
3463,requested_source_year,medsl-v8-group-042,2020,GEORGIA,GA,13,58.0,44,US SENATE,statewide,gen,False,JON OSSOFF,DEMOCRAT,False,total,2374519.0,4952175.0,False,20210114,DEMOCRAT,
3464,requested_source_year,medsl-v8-group-042,2020,GEORGIA,GA,13,58.0,44,US SENATE,statewide,gen,False,SHANE HAZEL,LIBERTARIAN,False,total,115039.0,4952175.0,False,20210114,LIBERTARIAN,
3465,requested_source_year,medsl-v8-group-043,2020,GEORGIA,GA,13,58.0,44,US SENATE,statewide,gen,True,A. WAYNE JOHNSON,REPUBLICAN,False,total,36176.0,4914361.0,False,20210114,REPUBLICAN,
3466,requested_source_year,medsl-v8-group-043,2020,GEORGIA,GA,13,58.0,44,US SENATE,statewide,gen,True,AL BARTELL,INDEPENDENT,False,total,14640.0,4914361.0,False,20210114,OTHER,
3467,requested_source_year,medsl-v8-group-043,2020,GEORGIA,GA,13,58.0,44,US SENATE,statewide,gen,True,ALLEN BUCKLEY,INDEPENDENT,False,total,17954.0,4914361.0,False,20210114,OTHER,
3468,requested_source_year,medsl-v8-group-043,2020,GEORGIA,GA,13,58.0,44,US SENATE,statewide,gen,True,ANNETTE DAVIS JACKSON,REPUBLICAN,False,total,44335.0,4914361.0,False,20210114,REPUBLICAN,
3469,requested_source_year,medsl-v8-group-043,2020,GEORGIA,GA,13,58.0,44,US SENATE,statewide,gen,True,BRIAN SLOWINSKI,LIBERTARIAN,False,total,35431.0,4914361.0,False,20210114,LIBERTARIAN,
3470,requested_source_year,medsl-v8-group-043,2020,GEORGIA,GA,13,58.0,44,US SENATE,statewide,gen,True,DEBORAH JACKSON,DEMOCRAT,False,total,324118.0,4914361.0,False,20210114,DEMOCRAT,
3471,requested_source_year,medsl-v8-group-043,2020,GEORGIA,GA,13,58.0,44,US SENATE,statewide,gen,True,DERRICK E. GRAYSON,REPUBLICAN,False,total,51592.0,4914361.0,False,20210114,REPUBLICAN,
3472,requested_source_year,medsl-v8-group-043,2020,GEORGIA,GA,13,58.0,44,US SENATE,statewide,gen,True,DOUG COLLINS,REPUBLICAN,False,total,980454.0,4914361.0,False,20210114,REPUBLICAN,
3473,requested_source_year,medsl-v8-group-043,2020,GEORGIA,GA,13,58.0,44,US SENATE,statewide,gen,True,ED TARVER,DEMOCRAT,False,total,26333.0,4914361.0,False,20210114,DEMOCRAT,
3474,requested_source_year,medsl-v8-group-043,2020,GEORGIA,GA,13,58.0,44,US SENATE,statewide,gen,True,JAMESIA JAMES,DEMOCRAT,False,total,94406.0,4914361.0,False,20210114,DEMOCRAT,
3475,requested_source_year,medsl-v8-group-043,2020,GEORGIA,GA,13,58.0,44,US SENATE,statewide,gen,True,JOHN FORTUIN,GREEN,False,total,15293.0,4914361.0,False,20210114,OTHER,
3476,requested_source_year,medsl-v8-group-043,2020,GEORGIA,GA,13,58.0,44,US SENATE,statewide,gen,True,JOY FELICIA SLADE,DEMOCRAT,False,total,44945.0,4914361.0,False,20210114,DEMOCRAT,
3477,requested_source_year,medsl-v8-group-043,2020,GEORGIA,GA,13,58.0,44,US SENATE,statewide,gen,True,KANDISS TAYLOR,REPUBLICAN,False,total,40349.0,4914361.0,False,20210114,REPUBLICAN,
3478,requested_source_year,medsl-v8-group-043,2020,GEORGIA,GA,13,58.0,44,US SENATE,statewide,gen,True,KELLY LOEFFLER,REPUBLICAN,False,total,1273214.0,4914361.0,False,20210114,REPUBLICAN,
3479,requested_source_year,medsl-v8-group-043,2020,GEORGIA,GA,13,58.0,44,US SENATE,statewide,gen,True,MATT LIEBERMAN,DEMOCRAT,False,total,136021.0,4914361.0,False,20210114,DEMOCRAT,
3480,requested_source_year,medsl-v8-group-043,2020,GEORGIA,GA,13,58.0,44,US SENATE,statewide,gen,True,MICHAEL TODD GREENE,INDEPENDENT,False,total,13293.0,4914361.0,False,20210114,OTHER,
3481,requested_source_year,medsl-v8-group-043,2020,GEORGIA,GA,13,58.0,44,US SENATE,statewide,gen,True,RAPHAEL WARNOCK,DEMOCRAT,False,total,1617035.0,4914361.0,False,20210114,DEMOCRAT,
3482,requested_source_year,medsl-v8-group-043,2020,GEORGIA,GA,13,58.0,44,US SENATE,statewide,gen,True,RICHARD DIEN WINFIELD,DEMOCRAT,False,total,28687.0,4914361.0,False,20210114,DEMOCRAT,
3483,requested_source_year,medsl-v8-group-043,2020,GEORGIA,GA,13,58.0,44,US SENATE,statewide,gen,True,TAMARA JOHNSON-SHEALEY,DEMOCRAT,False,total,106767.0,4914361.0,False,20210114,DEMOCRAT,
3484,requested_source_year,medsl-v8-group-043,2020,GEORGIA,GA,13,58.0,44,US SENATE,statewide,gen,True,VALENCIA STOVALL,INDEPENDENT,False,total,13318.0,4914361.0,False,20210114,OTHER,
3485,requested_source_year,medsl-v8-group-045,2020,IDAHO,ID,16,82.0,63,US SENATE,statewide,gen,False,JIM RISCH,REPUBLICAN,False,total,538446.0,859827.0,False,20210114,REPUBLICAN,
3486,requested_source_year,medsl-v8-group-045,2020,IDAHO,ID,16,82.0,63,US SENATE,statewide,gen,False,NATALIE M FLEMING,INDEPENDENT,False,total,25329.0,859827.0,False,20210114,OTHER,
3487,requested_source_year,medsl-v8-group-045,2020,IDAHO,ID,16,82.0,63,US SENATE,statewide,gen,False,PAULETTE JORDAN,DEMOCRAT,False,total,285864.0,859827.0,False,20210114,DEMOCRAT,
3488,requested_source_year,medsl-v8-group-045,2020,IDAHO,ID,16,82.0,63,US SENATE,statewide,gen,False,RAY J. WRITZ,CONSTITUTION PARTY,False,total,10188.0,859827.0,False,20210114,OTHER,
3489,requested_source_year,medsl-v8-group-046,2020,ILLINOIS,IL,17,33.0,21,US SENATE,statewide,gen,False,ALBERT A. SCHAAL,,True,total,2.0,5968901.0,False,20210114,OTHER,
3490,requested_source_year,medsl-v8-group-046,2020,ILLINOIS,IL,17,33.0,21,US SENATE,statewide,gen,False,DANNY MALOUF ,LIBERTARIAN,False,total,75673.0,5968901.0,False,20210114,LIBERTARIAN,candidate_whitespace
3491,requested_source_year,medsl-v8-group-046,2020,ILLINOIS,IL,17,33.0,21,US SENATE,statewide,gen,False,DAVID F. BLACK,GREEN,False,total,56711.0,5968901.0,False,20210114,OTHER,
3492,requested_source_year,medsl-v8-group-046,2020,ILLINOIS,IL,17,33.0,21,US SENATE,statewide,gen,False,KEVIN KEELY,,True,total,10.0,5968901.0,False,20210114,OTHER,
3493,requested_source_year,medsl-v8-group-046,2020,ILLINOIS,IL,17,33.0,21,US SENATE,statewide,gen,False,LOWELL MARTIN SEIDA,,True,total,6.0,5968901.0,False,20210114,OTHER,
3494,requested_source_year,medsl-v8-group-046,2020,ILLINOIS,IL,17,33.0,21,US SENATE,statewide,gen,False,MARK C. CURRAN JR.,REPUBLICAN,False,total,2319870.0,5968901.0,False,20210114,REPUBLICAN,
3495,requested_source_year,medsl-v8-group-046,2020,ILLINOIS,IL,17,33.0,21,US SENATE,statewide,gen,False,RICHARD J. DURBIN,DEMOCRAT,False,total,3278930.0,5968901.0,False,20210114,DEMOCRAT,
3496,requested_source_year,medsl-v8-group-046,2020,ILLINOIS,IL,17,33.0,21,US SENATE,statewide,gen,False,WILLIE L. WILSON,WILLIE WILSON PARTY,False,total,237699.0,5968901.0,False,20210114,OTHER,
3497,requested_source_year,medsl-v8-group-044,2020,IOWA,IA,19,42.0,31,US SENATE,statewide,gen,False,JONI ERNST,REPUBLICAN,False,total,864997.0,1700130.0,False,20210114,REPUBLICAN,
3498,requested_source_year,medsl-v8-group-044,2020,IOWA,IA,19,42.0,31,US SENATE,statewide,gen,False,OVER VOTES,,False,total,864.0,1700130.0,False,20210114,OTHER,noncandidate_vote_category
3499,requested_source_year,medsl-v8-group-044,2020,IOWA,IA,19,42.0,31,US SENATE,statewide,gen,False,RICK STEWART,LIBERTARIAN,False,total,36961.0,1700130.0,False,20210114,LIBERTARIAN,
3500,requested_source_year,medsl-v8-group-044,2020,IOWA,IA,19,42.0,31,US SENATE,statewide,gen,False,SUZANNE HERZOG,,False,total,13800.0,1700130.0,False,20210114,OTHER,
3501,requested_source_year,medsl-v8-group-044,2020,IOWA,IA,19,42.0,31,US SENATE,statewide,gen,False,THERESA GREENFIELD,DEMOCRAT,False,total,754859.0,1700130.0,False,20210114,DEMOCRAT,
3502,requested_source_year,medsl-v8-group-044,2020,IOWA,IA,19,42.0,31,US SENATE,statewide,gen,False,UNDER VOTES,,False,total,27438.0,1700130.0,False,20210114,OTHER,noncandidate_vote_category
3503,requested_source_year,medsl-v8-group-044,2020,IOWA,IA,19,42.0,31,US SENATE,statewide,gen,False,,,True,total,1211.0,1700130.0,False,20210114,OTHER,missing_candidate_name
3504,requested_source_year,medsl-v8-group-047,2020,KANSAS,KS,20,47.0,32,US SENATE,statewide,gen,False,BARBARA BOLLIER,DEMOCRAT,False,total,571530.0,1367755.0,False,20210114,DEMOCRAT,
3505,requested_source_year,medsl-v8-group-047,2020,KANSAS,KS,20,47.0,32,US SENATE,statewide,gen,False,JASON BUCKLEY,LIBERTARIAN,False,total,68263.0,1367755.0,False,20210114,LIBERTARIAN,
3506,requested_source_year,medsl-v8-group-047,2020,KANSAS,KS,20,47.0,32,US SENATE,statewide,gen,False,ROGER MARSHALL,REPUBLICAN,False,total,727962.0,1367755.0,False,20210114,REPUBLICAN,
3507,requested_source_year,medsl-v8-group-048,2020,KENTUCKY,KY,21,61.0,51,US SENATE,statewide,gen,False,AMY MCGRATH,DEMOCRAT,False,total,816257.0,2135057.0,False,20210114,DEMOCRAT,
3508,requested_source_year,medsl-v8-group-048,2020,KENTUCKY,KY,21,61.0,51,US SENATE,statewide,gen,False,BRAD BARRON,LIBERTARIAN,False,total,85386.0,2135057.0,False,20210114,LIBERTARIAN,
3509,requested_source_year,medsl-v8-group-048,2020,KENTUCKY,KY,21,61.0,51,US SENATE,statewide,gen,False,DANIEL COBBLE,,True,total,18.0,2135057.0,False,20210114,OTHER,
3510,requested_source_year,medsl-v8-group-048,2020,KENTUCKY,KY,21,61.0,51,US SENATE,statewide,gen,False,DEMETRA WYSINGER,,True,total,1.0,2135057.0,False,20210114,OTHER,
3511,requested_source_year,medsl-v8-group-048,2020,KENTUCKY,KY,21,61.0,51,US SENATE,statewide,gen,False,HAROLD H. FITZPATRICK,,True,total,1.0,2135057.0,False,20210114,OTHER,
3512,requested_source_year,medsl-v8-group-048,2020,KENTUCKY,KY,21,61.0,51,US SENATE,statewide,gen,False,MITCH MCCONNELL,REPUBLICAN,False,total,1233315.0,2135057.0,False,20210114,REPUBLICAN,
3513,requested_source_year,medsl-v8-group-048,2020,KENTUCKY,KY,21,61.0,51,US SENATE,statewide,gen,False,PAUL JOHN FRANGEDAKIS,,True,total,70.0,2135057.0,False,20210114,OTHER,
3514,requested_source_year,medsl-v8-group-048,2020,KENTUCKY,KY,21,61.0,51,US SENATE,statewide,gen,False,RANDALL LEE TEEGARGEN,,True,total,9.0,2135057.0,False,20210114,OTHER,
3515,requested_source_year,medsl-v8-group-049,2020,LOUISIANA,LA,22,72.0,45,US SENATE,statewide,gen,False,"""BILL"" CASSIDY",REPUBLICAN,False,total,1228908.0,2071543.0,False,20210114,REPUBLICAN,
3516,requested_source_year,medsl-v8-group-049,2020,LOUISIANA,LA,22,72.0,45,US SENATE,statewide,gen,False,"""XAN"" JOHN",OTHER,False,total,2813.0,2071543.0,False,20210114,OTHER,
3517,requested_source_year,medsl-v8-group-049,2020,LOUISIANA,LA,22,72.0,45,US SENATE,statewide,gen,False,AARON C. SIGLER,LIBERTARIAN,False,total,11321.0,2071543.0,False,20210114,LIBERTARIAN,
3518,requested_source_year,medsl-v8-group-049,2020,LOUISIANA,LA,22,72.0,45,US SENATE,statewide,gen,False,ADRIAN PERKINS,DEMOCRAT,False,total,394049.0,2071543.0,False,20210114,DEMOCRAT,
3519,requested_source_year,medsl-v8-group-049,2020,LOUISIANA,LA,22,72.0,45,US SENATE,statewide,gen,False,ANTOINE PIERCE,DEMOCRAT,False,total,55710.0,2071543.0,False,20210114,DEMOCRAT,
3520,requested_source_year,medsl-v8-group-049,2020,LOUISIANA,LA,22,72.0,45,US SENATE,statewide,gen,False,BERYL BILLIOT,UNAFFILIATED,False,total,17362.0,2071543.0,False,20210114,OTHER,
3521,requested_source_year,medsl-v8-group-049,2020,LOUISIANA,LA,22,72.0,45,US SENATE,statewide,gen,False,DAVID DREW KNIGHT,DEMOCRAT,False,total,36962.0,2071543.0,False,20210114,DEMOCRAT,
3522,requested_source_year,medsl-v8-group-049,2020,LOUISIANA,LA,22,72.0,45,US SENATE,statewide,gen,False,"DERRICK ""CHAMP"" EDWARDS",DEMOCRAT,False,total,229814.0,2071543.0,False,20210114,DEMOCRAT,
3523,requested_source_year,medsl-v8-group-049,2020,LOUISIANA,LA,22,72.0,45,US SENATE,statewide,gen,False,DUSTIN MURPHY,REPUBLICAN,False,total,38383.0,2071543.0,False,20210114,REPUBLICAN,
3524,requested_source_year,medsl-v8-group-049,2020,LOUISIANA,LA,22,72.0,45,US SENATE,statewide,gen,False,JAMAR MONTGOMERY,UNAFFILIATED,False,total,5804.0,2071543.0,False,20210114,OTHER,
3525,requested_source_year,medsl-v8-group-049,2020,LOUISIANA,LA,22,72.0,45,US SENATE,statewide,gen,False,JOHN PAUL BOURGEOIS,UNAFFILIATED,False,total,16518.0,2071543.0,False,20210114,OTHER,
3526,requested_source_year,medsl-v8-group-049,2020,LOUISIANA,LA,22,72.0,45,US SENATE,statewide,gen,False,"M.V. ""VINNY"" MENDOZA",INDEPENDENT,False,total,7811.0,2071543.0,False,20210114,OTHER,
3527,requested_source_year,medsl-v8-group-049,2020,LOUISIANA,LA,22,72.0,45,US SENATE,statewide,gen,False,MELINDA MARY PRICE,OTHER,False,total,7680.0,2071543.0,False,20210114,OTHER,
3528,requested_source_year,medsl-v8-group-049,2020,LOUISIANA,LA,22,72.0,45,US SENATE,statewide,gen,False,PETER WENSTRUP,DEMOCRAT,False,total,14454.0,2071543.0,False,20210114,DEMOCRAT,
3529,requested_source_year,medsl-v8-group-049,2020,LOUISIANA,LA,22,72.0,45,US SENATE,statewide,gen,False,RENO JEAN DARET III,UNAFFILIATED,False,total,3954.0,2071543.0,False,20210114,OTHER,
3530,requested_source_year,medsl-v8-group-051,2020,MAINE,ME,23,11.0,2,US SENATE,statewide,gen,False,BLANK VOTES,,False,total,9122.0,828305.0,False,20210114,OTHER,noncandidate_vote_category
3531,requested_source_year,medsl-v8-group-051,2020,MAINE,ME,23,11.0,2,US SENATE,statewide,gen,False,LISA SAVAGE,INDEPENDENT,False,total,40579.0,828305.0,False,20210114,OTHER,
3532,requested_source_year,medsl-v8-group-051,2020,MAINE,ME,23,11.0,2,US SENATE,statewide,gen,False,MAX PATRICK LINN,INDEPENDENT,False,total,13508.0,828305.0,False,20210114,OTHER,
3533,requested_source_year,medsl-v8-group-051,2020,MAINE,ME,23,11.0,2,US SENATE,statewide,gen,False,SARA I. GIDEON,DEMOCRAT,False,total,347223.0,828305.0,False,20210114,DEMOCRAT,
3534,requested_source_year,medsl-v8-group-051,2020,MAINE,ME,23,11.0,2,US SENATE,statewide,gen,False,SUSAN MARGARET COLLINS,REPUBLICAN,False,total,417645.0,828305.0,False,20210114,REPUBLICAN,
3535,requested_source_year,medsl-v8-group-051,2020,MAINE,ME,23,11.0,2,US SENATE,statewide,gen,False,,,True,total,228.0,828305.0,False,20210114,OTHER,missing_candidate_name
3536,requested_source_year,medsl-v8-group-050,2020,MASSACHUSETTS,MA,25,14.0,3,US SENATE,statewide,gen,False,BLANK VOTES,,False,total,93869.0,3658005.0,False,20210114,OTHER,noncandidate_vote_category
3537,requested_source_year,medsl-v8-group-050,2020,MASSACHUSETTS,MA,25,14.0,3,US SENATE,statewide,gen,False,EDWARD J. MARKEY,DEMOCRAT,False,total,2357809.0,3658005.0,False,20210114,DEMOCRAT,
3538,requested_source_year,medsl-v8-group-050,2020,MASSACHUSETTS,MA,25,14.0,3,US SENATE,statewide,gen,False,KEVIN J. O'CONNER,REPUBLICAN,False,total,1177765.0,3658005.0,False,20210114,REPUBLICAN,
3539,requested_source_year,medsl-v8-group-050,2020,MASSACHUSETTS,MA,25,14.0,3,US SENATE,statewide,gen,False,SHIVA AYYADURAI,,False,total,21134.0,3658005.0,False,20210114,OTHER,
3540,requested_source_year,medsl-v8-group-050,2020,MASSACHUSETTS,MA,25,14.0,3,US SENATE,statewide,gen,False,,,True,total,7428.0,3658005.0,False,20210114,OTHER,missing_candidate_name
3541,requested_source_year,medsl-v8-group-052,2020,MICHIGAN,MI,26,34.0,23,US SENATE,statewide,gen,False,DOUG DERN,NATURAL LAW,False,total,13093.0,5479720.0,False,20210114,OTHER,
3542,requested_source_year,medsl-v8-group-052,2020,MICHIGAN,MI,26,34.0,23,US SENATE,statewide,gen,False,GARY PETERS,DEMOCRAT,False,total,2734568.0,5479720.0,False,20210114,DEMOCRAT,
3543,requested_source_year,medsl-v8-group-052,2020,MICHIGAN,MI,26,34.0,23,US SENATE,statewide,gen,False,JOHN JAMES,REPUBLICAN,False,total,2642233.0,5479720.0,False,20210114,REPUBLICAN,
3544,requested_source_year,medsl-v8-group-052,2020,MICHIGAN,MI,26,34.0,23,US SENATE,statewide,gen,False,LEONARD PAUL GADZINSKI,,True,total,7.0,5479720.0,False,20210114,OTHER,
3545,requested_source_year,medsl-v8-group-052,2020,MICHIGAN,MI,26,34.0,23,US SENATE,statewide,gen,False,MARCIA SQUIER,GREEN,False,total,39217.0,5479720.0,False,20210114,OTHER,
3546,requested_source_year,medsl-v8-group-052,2020,MICHIGAN,MI,26,34.0,23,US SENATE,statewide,gen,False,ROBERT WILLIAM CARR,,True,total,5.0,5479720.0,False,20210114,OTHER,
3547,requested_source_year,medsl-v8-group-052,2020,MICHIGAN,MI,26,34.0,23,US SENATE,statewide,gen,False,VALERIE L. WILLIS,US TAXPAYERS,False,total,50597.0,5479720.0,False,20210114,OTHER,
3548,requested_source_year,medsl-v8-group-053,2020,MINNESOTA,MN,27,41.0,33,US SENATE,statewide,gen,False,JASON LEWIS,REPUBLICAN,False,total,1398145.0,3214256.0,False,20210114,REPUBLICAN,
3549,requested_source_year,medsl-v8-group-053,2020,MINNESOTA,MN,27,41.0,33,US SENATE,statewide,gen,False,KEVIN O'CONNOR,LEGAL MARIJUANA NOW,False,total,190154.0,3214256.0,False,20210114,OTHER,
3550,requested_source_year,medsl-v8-group-053,2020,MINNESOTA,MN,27,41.0,33,US SENATE,statewide,gen,False,OLIVER STEINBERG,GRASSROOTS,False,total,57174.0,3214256.0,False,20210114,OTHER,
3551,requested_source_year,medsl-v8-group-053,2020,MINNESOTA,MN,27,41.0,33,US SENATE,statewide,gen,False,TINA SMITH,DEMOCRAT,False,total,1566522.0,3214256.0,False,20210114,DEMOCRAT,
3552,requested_source_year,medsl-v8-group-053,2020,MINNESOTA,MN,27,41.0,33,US SENATE,statewide,gen,False,,,True,total,2261.0,3214256.0,False,20210114,OTHER,missing_candidate_name
3553,requested_source_year,medsl-v8-group-054,2020,MISSISSIPPI,MS,28,64.0,46,US SENATE,statewide,gen,False,CINDY HYDE-SMITH,REPUBLICAN,False,total,709511.0,1311354.0,False,20210114,REPUBLICAN,
3554,requested_source_year,medsl-v8-group-054,2020,MISSISSIPPI,MS,28,64.0,46,US SENATE,statewide,gen,False,JIMMY L. EDWARDS,LIBERTARIAN,False,total,23152.0,1311354.0,False,20210114,LIBERTARIAN,
3555,requested_source_year,medsl-v8-group-054,2020,MISSISSIPPI,MS,28,64.0,46,US SENATE,statewide,gen,False,MIKE ESPY,DEMOCRAT,False,total,578691.0,1311354.0,False,20210114,DEMOCRAT,
3556,requested_source_year,medsl-v8-group-055,2020,MONTANA,MT,30,81.0,64,US SENATE,statewide,gen,False,STEVE BULLOCK,DEMOCRAT,False,total,272463.0,605637.0,False,20210114,DEMOCRAT,
3557,requested_source_year,medsl-v8-group-055,2020,MONTANA,MT,30,81.0,64,US SENATE,statewide,gen,False,STEVE DAINES,REPUBLICAN,False,total,333174.0,605637.0,False,20210114,REPUBLICAN,
3558,requested_source_year,medsl-v8-group-057,2020,NEBRASKA,NE,31,46.0,35,US SENATE,statewide,gen,False,BEN SASSE,REPUBLICAN,False,total,583507.0,930012.0,False,20210114,REPUBLICAN,
3559,requested_source_year,medsl-v8-group-057,2020,NEBRASKA,NE,31,46.0,35,US SENATE,statewide,gen,False,CHRIS JANICEK,DEMOCRAT,False,total,227191.0,930012.0,False,20210114,DEMOCRAT,
3560,requested_source_year,medsl-v8-group-057,2020,NEBRASKA,NE,31,46.0,35,US SENATE,statewide,gen,False,GENE SIADEK,LIBERTARIAN,False,total,55115.0,930012.0,False,20210114,LIBERTARIAN,
3561,requested_source_year,medsl-v8-group-057,2020,NEBRASKA,NE,31,46.0,35,US SENATE,statewide,gen,False,PRESTON LOVE JR.,,True,total,58411.0,930012.0,False,20210114,OTHER,
3562,requested_source_year,medsl-v8-group-057,2020,NEBRASKA,NE,31,46.0,35,US SENATE,statewide,gen,False,,,True,total,5788.0,930012.0,False,20210114,OTHER,missing_candidate_name
3563,requested_source_year,medsl-v8-group-058,2020,NEW HAMPSHIRE,NH,33,12.0,4,US SENATE,statewide,gen,False,CORKY MESSNER,REPUBLICAN,False,total,326229.0,795914.0,False,20210114,REPUBLICAN,
3564,requested_source_year,medsl-v8-group-058,2020,NEW HAMPSHIRE,NH,33,12.0,4,US SENATE,statewide,gen,False,JEANNE SHAHEEN,DEMOCRAT,False,total,450778.0,795914.0,False,20210114,DEMOCRAT,
3565,requested_source_year,medsl-v8-group-058,2020,NEW HAMPSHIRE,NH,33,12.0,4,US SENATE,statewide,gen,False,JUSTIN O'DONNELL,LIBERTARIAN,False,total,18421.0,795914.0,False,20210114,LIBERTARIAN,
3566,requested_source_year,medsl-v8-group-058,2020,NEW HAMPSHIRE,NH,33,12.0,4,US SENATE,statewide,gen,False,,,True,total,486.0,795914.0,False,20210114,OTHER,missing_candidate_name
3567,requested_source_year,medsl-v8-group-059,2020,NEW JERSEY,NJ,34,22.0,12,US SENATE,statewide,gen,False,CORY BOOKER,DEMOCRAT,False,total,2541178.0,4440440.0,False,20210114,DEMOCRAT,
3568,requested_source_year,medsl-v8-group-059,2020,NEW JERSEY,NJ,34,22.0,12,US SENATE,statewide,gen,False,DANIEL BURKE,LAROUCHE WAS RIGHT,False,total,11632.0,4440440.0,False,20210114,OTHER,
3569,requested_source_year,medsl-v8-group-059,2020,NEW JERSEY,NJ,34,22.0,12,US SENATE,statewide,gen,False,MADELYN R. HOFFMAN,GREEN,False,total,38288.0,4440440.0,False,20210114,OTHER,
3570,requested_source_year,medsl-v8-group-059,2020,NEW JERSEY,NJ,34,22.0,12,US SENATE,statewide,gen,False,"RIKIN ""RIK"" MEHTA",REPUBLICAN,False,total,1817052.0,4440440.0,False,20210114,REPUBLICAN,
3571,requested_source_year,medsl-v8-group-059,2020,NEW JERSEY,NJ,34,22.0,12,US SENATE,statewide,gen,False,VERONICA FERNANDEZ,"OF, BY, FOR!",False,total,32290.0,4440440.0,False,20210114,OTHER,
3572,requested_source_year,medsl-v8-group-060,2020,NEW MEXICO,NM,35,85.0,66,US SENATE,statewide,gen,False,BEN R. LUJAN,DEMOCRAT,False,total,474483.0,917237.0,False,20210114,DEMOCRAT,
3573,requested_source_year,medsl-v8-group-060,2020,NEW MEXICO,NM,35,85.0,66,US SENATE,statewide,gen,False,BOB WALSH,LIBERTARIAN,False,total,24271.0,917237.0,False,20210114,LIBERTARIAN,
3574,requested_source_year,medsl-v8-group-060,2020,NEW MEXICO,NM,35,85.0,66,US SENATE,statewide,gen,False,MARK V. RONCHETTI,REPUBLICAN,False,total,418483.0,917237.0,False,20210114,REPUBLICAN,
3575,requested_source_year,medsl-v8-group-056,2020,NORTH CAROLINA,NC,37,56.0,47,US SENATE,statewide,gen,False,CAL CUNNINGHAM,DEMOCRAT,False,total,2569965.0,5474952.0,False,20210114,DEMOCRAT,
3576,requested_source_year,medsl-v8-group-056,2020,NORTH CAROLINA,NC,37,56.0,47,US SENATE,statewide,gen,False,KEVIN E. HAYES,CONSTITUTION PARTY,False,total,67818.0,5474952.0,False,20210114,OTHER,
3577,requested_source_year,medsl-v8-group-056,2020,NORTH CAROLINA,NC,37,56.0,47,US SENATE,statewide,gen,False,SHANNON W. BRAY,LIBERTARIAN,False,total,171571.0,5474952.0,False,20210114,LIBERTARIAN,
3578,requested_source_year,medsl-v8-group-056,2020,NORTH CAROLINA,NC,37,56.0,47,US SENATE,statewide,gen,False,THOM TILLIS,REPUBLICAN,False,total,2665598.0,5474952.0,False,20210114,REPUBLICAN,
3579,requested_source_year,medsl-v8-group-061,2020,OKLAHOMA,OK,40,73.0,53,US SENATE,statewide,gen,False,A. D. NESBIT,INDEPENDENT,False,total,11371.0,1556361.0,False,20210114,OTHER,
3580,requested_source_year,medsl-v8-group-061,2020,OKLAHOMA,OK,40,73.0,53,US SENATE,statewide,gen,False,ABBY BROYLES,DEMOCRAT,False,total,509763.0,1556361.0,False,20210114,DEMOCRAT,
3581,requested_source_year,medsl-v8-group-061,2020,OKLAHOMA,OK,40,73.0,53,US SENATE,statewide,gen,False,JIM INHOFE ,REPUBLICAN,False,total,979140.0,1556361.0,False,20210114,REPUBLICAN,candidate_whitespace
3582,requested_source_year,medsl-v8-group-061,2020,OKLAHOMA,OK,40,73.0,53,US SENATE,statewide,gen,False,JOAN FARR,INDEPENDENT,False,total,21652.0,1556361.0,False,20210114,OTHER,
3583,requested_source_year,medsl-v8-group-061,2020,OKLAHOMA,OK,40,73.0,53,US SENATE,statewide,gen,False,ROBERT MURPHY,LIBERTARIAN,False,total,34435.0,1556361.0,False,20210114,LIBERTARIAN,
3584,requested_source_year,medsl-v8-group-062,2020,OREGON,OR,41,92.0,72,US SENATE,statewide,gen,False,GARY DYE,LIBERTARIAN,False,total,42747.0,2321249.0,False,20210114,LIBERTARIAN,
3585,requested_source_year,medsl-v8-group-062,2020,OREGON,OR,41,92.0,72,US SENATE,statewide,gen,False,IBRAHIM A TAHER,PACIFIC GREEN,False,total,42239.0,2321249.0,False,20210114,OTHER,
3586,requested_source_year,medsl-v8-group-062,2020,OREGON,OR,41,92.0,72,US SENATE,statewide,gen,False,JEFF MERKLEY,DEMOCRAT,False,total,1321047.0,2321249.0,False,20210114,DEMOCRAT,
3587,requested_source_year,medsl-v8-group-062,2020,OREGON,OR,41,92.0,72,US SENATE,statewide,gen,False,JO RAE PERKINS,REPUBLICAN,False,total,912814.0,2321249.0,False,20210114,REPUBLICAN,
3588,requested_source_year,medsl-v8-group-062,2020,OREGON,OR,41,92.0,72,US SENATE,statewide,gen,False,,,True,total,2402.0,2321249.0,False,20210114,OTHER,missing_candidate_name
3589,requested_source_year,medsl-v8-group-063,2020,RHODE ISLAND,RI,44,15.0,5,US SENATE,statewide,gen,False,ALLEN R. WATERS,REPUBLICAN,False,total,164855.0,494262.0,False,20210114,REPUBLICAN,
3590,requested_source_year,medsl-v8-group-063,2020,RHODE ISLAND,RI,44,15.0,5,US SENATE,statewide,gen,False,JOHN F. REED,DEMOCRAT,False,total,328574.0,494262.0,False,20210114,DEMOCRAT,
3591,requested_source_year,medsl-v8-group-063,2020,RHODE ISLAND,RI,44,15.0,5,US SENATE,statewide,gen,False,,,True,total,833.0,494262.0,False,20210114,OTHER,missing_candidate_name
3592,requested_source_year,medsl-v8-group-064,2020,SOUTH CAROLINA,SC,45,57.0,48,US SENATE,statewide,gen,False,BILL BLEDSOE,CONSTITUTION PARTY,False,total,32845.0,2515104.0,False,20210114,OTHER,
3593,requested_source_year,medsl-v8-group-064,2020,SOUTH CAROLINA,SC,45,57.0,48,US SENATE,statewide,gen,False,JAIME HARRISON,DEMOCRAT,False,total,1110828.0,2515104.0,False,20210114,DEMOCRAT,
3594,requested_source_year,medsl-v8-group-064,2020,SOUTH CAROLINA,SC,45,57.0,48,US SENATE,statewide,gen,False,LINDSEY GRAHAM,REPUBLICAN,False,total,1369137.0,2515104.0,False,20210114,REPUBLICAN,
3595,requested_source_year,medsl-v8-group-064,2020,SOUTH CAROLINA,SC,45,57.0,48,US SENATE,statewide,gen,False,,,True,total,2294.0,2515104.0,False,20210114,OTHER,missing_candidate_name
3596,requested_source_year,medsl-v8-group-065,2020,SOUTH DAKOTA,SD,46,45.0,37,US SENATE,statewide,gen,False,DAN AHLERS,DEMOCRAT,False,total,143987.0,420219.0,True,20210114,DEMOCRAT,unofficial_return
3597,requested_source_year,medsl-v8-group-065,2020,SOUTH DAKOTA,SD,46,45.0,37,US SENATE,statewide,gen,False,MIKE ROUNDS,REPUBLICAN,False,total,276232.0,420219.0,True,20210114,REPUBLICAN,unofficial_return
3598,requested_source_year,medsl-v8-group-066,2020,TENNESSEE,TN,47,62.0,54,US SENATE,statewide,gen,False,AARON JAMES,INDEPENDENT,False,total,7203.0,2959761.0,False,20210114,OTHER,
3599,requested_source_year,medsl-v8-group-066,2020,TENNESSEE,TN,47,62.0,54,US SENATE,statewide,gen,False,BILL HAGERTY,REPUBLICAN,False,total,1840926.0,2959761.0,False,20210114,REPUBLICAN,
3600,requested_source_year,medsl-v8-group-066,2020,TENNESSEE,TN,47,62.0,54,US SENATE,statewide,gen,False,ELIZABETH MCLEOD,INDEPENDENT,False,total,16652.0,2959761.0,False,20210114,OTHER,
3601,requested_source_year,medsl-v8-group-066,2020,TENNESSEE,TN,47,62.0,54,US SENATE,statewide,gen,False,ERIC WILLIAM STANSBERRY,INDEPENDENT,False,total,6781.0,2959761.0,False,20210114,OTHER,
3602,requested_source_year,medsl-v8-group-066,2020,TENNESSEE,TN,47,62.0,54,US SENATE,statewide,gen,False,G. DEAN HILL,INDEPENDENT,False,total,4872.0,2959761.0,False,20210114,OTHER,
3603,requested_source_year,medsl-v8-group-066,2020,TENNESSEE,TN,47,62.0,54,US SENATE,statewide,gen,False,JEFFREY ALAN GRUNAU,INDEPENDENT,False,total,4160.0,2959761.0,False,20210114,OTHER,
3604,requested_source_year,medsl-v8-group-066,2020,TENNESSEE,TN,47,62.0,54,US SENATE,statewide,gen,False,JOHN A. GENTRY,,True,total,64.0,2959761.0,False,20210114,OTHER,
3605,requested_source_year,medsl-v8-group-066,2020,TENNESSEE,TN,47,62.0,54,US SENATE,statewide,gen,False,KACEY MORGAN,INDEPENDENT,False,total,9598.0,2959761.0,False,20210114,OTHER,
3606,requested_source_year,medsl-v8-group-066,2020,TENNESSEE,TN,47,62.0,54,US SENATE,statewide,gen,False,MARQUITA BRADSHAW,DEMOCRAT,False,total,1040691.0,2959761.0,False,20210114,DEMOCRAT,
3607,requested_source_year,medsl-v8-group-066,2020,TENNESSEE,TN,47,62.0,54,US SENATE,statewide,gen,False,RONNIE HENLEY,INDEPENDENT,False,total,8478.0,2959761.0,False,20210114,OTHER,
3608,requested_source_year,medsl-v8-group-066,2020,TENNESSEE,TN,47,62.0,54,US SENATE,statewide,gen,False,STEVEN J. HOOPER,INDEPENDENT,False,total,9609.0,2959761.0,False,20210114,OTHER,
3609,requested_source_year,medsl-v8-group-066,2020,TENNESSEE,TN,47,62.0,54,US SENATE,statewide,gen,False,"YOMI ""FAPAS"" FAPARUSI SR.",INDEPENDENT,False,total,10727.0,2959761.0,False,20210114,OTHER,
3610,requested_source_year,medsl-v8-group-067,2020,TEXAS,TX,48,74.0,49,US SENATE,statewide,gen,False,DAVID B. COLLINS,GREEN,False,total,81893.0,11144040.0,False,20210114,OTHER,
3611,requested_source_year,medsl-v8-group-067,2020,TEXAS,TX,48,74.0,49,US SENATE,statewide,gen,False,JOHN CORNYN,REPUBLICAN,False,total,5962983.0,11144040.0,False,20210114,REPUBLICAN,
3612,requested_source_year,medsl-v8-group-067,2020,TEXAS,TX,48,74.0,49,US SENATE,statewide,gen,False,KERRY DOUGLAS MCKENNON,LIBERTARIAN,False,total,209722.0,11144040.0,False,20210114,LIBERTARIAN,
3613,requested_source_year,medsl-v8-group-067,2020,TEXAS,TX,48,74.0,49,US SENATE,statewide,gen,False,"MARY ""MJ"" HEGAR",DEMOCRAT,False,total,4888764.0,11144040.0,False,20210114,DEMOCRAT,
3614,requested_source_year,medsl-v8-group-067,2020,TEXAS,TX,48,74.0,49,US SENATE,statewide,gen,False,RICARDO TURULLOLS-BONILLA,,True,total,678.0,11144040.0,False,20210114,OTHER,
3615,requested_source_year,medsl-v8-group-068,2020,VIRGINIA,VA,51,54.0,40,US SENATE,statewide,gen,False,DANIEL M. GADE,REPUBLICAN,False,total,1934199.0,4405087.0,False,20210114,REPUBLICAN,
3616,requested_source_year,medsl-v8-group-068,2020,VIRGINIA,VA,51,54.0,40,US SENATE,statewide,gen,False,MARK R. WARNER,DEMOCRAT,False,total,2466500.0,4405087.0,False,20210114,DEMOCRAT,
3617,requested_source_year,medsl-v8-group-068,2020,VIRGINIA,VA,51,54.0,40,US SENATE,statewide,gen,False,,,True,total,4388.0,4405087.0,False,20210114,OTHER,missing_candidate_name
3618,requested_source_year,medsl-v8-group-069,2020,WEST VIRGINIA,WV,54,55.0,56,US SENATE,statewide,gen,False,DAVID MORAN,LIBERTARIAN,False,total,21155.0,778918.0,False,20210114,LIBERTARIAN,
3619,requested_source_year,medsl-v8-group-069,2020,WEST VIRGINIA,WV,54,55.0,56,US SENATE,statewide,gen,False,PAULA JEAN SWEARENGIN,DEMOCRAT,False,total,210309.0,778918.0,False,20210114,DEMOCRAT,
3620,requested_source_year,medsl-v8-group-069,2020,WEST VIRGINIA,WV,54,55.0,56,US SENATE,statewide,gen,False,SHELLEY MOORE CAPITO,REPUBLICAN,False,total,547454.0,778918.0,False,20210114,REPUBLICAN,
3621,requested_source_year,medsl-v8-group-070,2020,WYOMING,WY,56,83.0,68,US SENATE,statewide,gen,False,CYNTHIA M. LUMMIS,,False,total,198100.0,278503.0,False,20210114,OTHER,
3622,requested_source_year,medsl-v8-group-070,2020,WYOMING,WY,56,83.0,68,US SENATE,statewide,gen,False,MERAV BEN DAVID,,False,total,72766.0,278503.0,False,20210114,OTHER,
3623,requested_source_year,medsl-v8-group-070,2020,WYOMING,WY,56,83.0,68,US SENATE,statewide,gen,False,OVER VOTES,,False,total,165.0,278503.0,False,20210114,OTHER,noncandidate_vote_category
3624,requested_source_year,medsl-v8-group-070,2020,WYOMING,WY,56,83.0,68,US SENATE,statewide,gen,False,UNDER VOTES,,False,total,6401.0,278503.0,False,20210114,OTHER,noncandidate_vote_category
3625,requested_source_year,medsl-v8-group-070,2020,WYOMING,WY,56,83.0,68,US SENATE,statewide,gen,False,,,True,total,1071.0,278503.0,False,20210114,OTHER,missing_candidate_name
