Poll,Field Dates,Sample Size,Sample Type,MOE,Paxton,Talarico,Other,Spread,tracker_row,release_url
NPR/Marist,9/17 - 9/20,1139,RV,+/-4.4%,44,50,Other 2; Undecided 4,Talarico +6,1,https://data.ddhq.io/polls/2026/09/23/Marist-College-Texas
TSU/YouGov,9/15 - 9/19,1800,LV,+/-2.31%,46,47,Brown 3; Unsure 4,Talarico +1,2,https://static1.squarespace.com/static/67aa7aa3e284b002cd6a420e/t/6ab15cb39e4cc420b9ef07f5/1790008500236/TSUSept2026_TXStatewideRaces.pdf?utm_source=newsletter&utm_medium=email&utm_campaign=newsletter_axioslocal_houston&stream=top
Emerson College/Nexstar,9/12 - 9/14,1000,LV,+/-3.0%,46,47,Brown 2; Undecided 4.,Talarico +1,3,https://emersoncollegepolling.com/texas-2026-poll-talarico-and-paxton-in-dead-heat-abbott-maintains-edge/
Recon MR,9/8 - 9/11,614,LV,+/-4.3%,43,49,Someone else 3; Wouldn't vote 1; DK 4,Talarico +6,4,https://reconmr.com/wp-content/uploads/2026/09/ReconMR-Texas-Poll-September-Crosstabs.pdf
NBC News/Mason-Dixon,9/8-9/10,625,LV,+/- 4.0,43,46,other/undecided 11,Talarico + 3,5,https://www.nbcnews.com/politics/2026-election/texas-poll-james-talarico-holds-narrow-advantage-senate-greg-abbott-le-rcna598432
AARP Texas Voter Survey,8/30 - 9/1,895,LV,+/-3.0%,44,49,Other 0; Undecided 8,Talarico +4,6,https://data.ddhq.io/polls/2026/09/10/Fabrizio-Ward/Impact-Research/AARP-Texas-2026-08-30-2026-09-01
Televisa/Univision,8/27 - 9/4,1000,RV,+/- 3.6%,43,48,Other 1; DK 7,Talarico +5,7,https://st1.uvnimg.com/3f/4b/1bfa5e5a4df9b60581e66d97973b/univision-texas-poll-crosstabs-base.pdf
UT/Texas Politics Project,8/5 - 8/13,1200,RV,+/-2.8%,39,42,Brown 3; someone else/dk 15,Talarico +3,8,https://texaspolitics.utexas.edu/blog/new-ut-texas-politics-project-poll-finds-talarico-leading-paxton-abbott-leading-hinojosa-continued-resistance-to-data-centers-2
Emerson College,8/9 - 8/10,1000,LV,+/-3.0%,47,46,Someone else 2; Unsure 5.,Paxton +1,9,https://emersoncollegepolling.com/texas-2026-poll-paxton-and-talarico/
Bush School/Recon MR,7/27 - 7/30,619,LV,+/-4.7%,43,47,Unsure/someone else 10,Talarico +4,10,https://reconmr.com/wp-content/uploads/2026/08/TXP002-Texas-Pulse-Texas-AM-Bush-School-Crosstabs.pdf
TSU/YouGov,7/27 - 7/30,1200,LV,+/-2.8%,45,47,"Brown 2, unsure/someone else 6",Talarico +2,11,https://static1.squarespace.com/static/67aa7aa3e284b002cd6a420e/t/6a713767d4ed824b91ea090d/1785804647961/Texas+Statewide+August2026.pdf
FOX News,7/23 - 7/27,1006,RV,+/-3.0%,48,51,Unsure/someone else 1,Talarico +3,12,https://www.foxnews.com/politics/fox-news-poll-gop-divisions-shape-texas-senate-race
NY Times/Siena,6/19 - 6/27,656,LV,+/-4.5%,47,47,Unsure/someone else 7,Even,13,https://www.nytimes.com/interactive/2026/07/01/polls/times-siena-texas-poll-crosstabs.html
UT/Texas Politics Project,6/5 - 6/12,1200,RV,+/-2.8%,43,42,"Brown 3, Unsure/someone else 7",Paxton +1,14,https://texaspolitics.utexas.edu/blog/june-poll-finds-a-competitive-u-s-senate-race-in-texas-amid-continuing-economic-concerns-data-center-backlash
Quantus Insights,6/3 - 6/4,800,LV,+/-3.5%,45,43,"Someone else 4, unsure 7",Paxton +2,15,https://quantusinsights.org/f/texas-republicans-lead-statewide-senate-race-starts-close
Bush School/Recon MR,6/1 - 6/4,807,LV,+/-4.0%,46,46,Someone else/unsure 9,Even,16,https://reconmr.com/wp-content/uploads/2026/06/TXPLV-Crosstabs-1.pdf
