source,cycle,source_rows,poll_id,question_id,election_date_before,election_date_after,election_date_basis,partisan_raw,internal_raw,partisan_status,partisan_party,partisanship_basis,action,reason
538_archive,2020,135;136,72774,136577,2020-11-03,2020-11-03,538 archive election_date,,false,not_flagged_partisan,,538 partisan blank and internal false,kept,
538_archive,2020,185;186;187;188,72583,136217,2020-11-03,2020-11-03,538 archive election_date,,false,not_flagged_partisan,,538 partisan blank and internal false,kept,
538_archive,2020,267;268,72518,136088,2020-11-03,2020-11-03,538 archive election_date,,false,not_flagged_partisan,,538 partisan blank and internal false,kept,
538_archive,2020,281;282,72614,136276,2020-11-03,2020-11-03,538 archive election_date,,false,not_flagged_partisan,,538 partisan blank and internal false,kept,
538_archive,2020,361;362,72229,135688,2020-11-03,2020-11-03,538 archive election_date,,false,not_flagged_partisan,,538 partisan blank and internal false,kept,
538_archive,2020,369;370,72498,136057,2020-11-03,2020-11-03,538 archive election_date,,false,not_flagged_partisan,,538 partisan blank and internal false,kept,
538_archive,2020,522;523,72308,135652,2020-11-03,2020-11-03,538 archive election_date,,false,not_flagged_partisan,,538 partisan blank and internal false,kept,
538_archive,2020,528;529,72206,135451,2020-11-03,2020-11-03,538 archive election_date,,false,not_flagged_partisan,,538 partisan blank and internal false,kept,
538_archive,2020,538;539;540;541,71957,134886,2020-11-03,2020-11-03,538 archive election_date,DEM,false,partisan,DEM,538 partisan flag,kept,
538_archive,2020,554;555;556,71967,134908,2020-11-03,2020-11-03,538 archive election_date,,false,not_flagged_partisan,,538 partisan blank and internal false,kept,
538_archive,2020,563;564,72149,135279,2020-11-03,2020-11-03,538 archive election_date,,false,not_flagged_partisan,,538 partisan blank and internal false,kept,
538_archive,2020,667;668,72186,135401,2020-11-03,2020-11-03,538 archive election_date,,false,not_flagged_partisan,,538 partisan blank and internal false,kept,
538_archive,2020,682;683;684;685,71884,134739,2020-11-03,2020-11-03,538 archive election_date,,false,not_flagged_partisan,,538 partisan blank and internal false,kept,
538_archive,2020,686;687;688;689,71884,134740,2020-11-03,2020-11-03,538 archive election_date,,false,not_flagged_partisan,,538 partisan blank and internal false,kept,
538_archive,2020,690;691;692;693,71955,134883,2020-11-03,2020-11-03,538 archive election_date,,false,not_flagged_partisan,,538 partisan blank and internal false,kept,
538_archive,2020,706;707,71647,134232,2020-11-03,2020-11-03,538 archive election_date,,false,not_flagged_partisan,,538 partisan blank and internal false,kept,
538_archive,2020,708;709;710;711,71458,133839,2020-11-03,2020-11-03,538 archive election_date,REP,false,partisan,REP,538 partisan flag,kept,
538_archive,2020,735;736,71556,134044,2020-11-03,2020-11-03,538 archive election_date,,false,not_flagged_partisan,,538 partisan blank and internal false,kept,
538_archive,2020,776;777;778;779,71437,133786,2020-11-03,2020-11-03,538 archive election_date,DEM,false,partisan,DEM,538 partisan flag,kept,
538_archive,2020,808;809,71169,133244,2020-11-03,2020-11-03,538 archive election_date,,false,not_flagged_partisan,,538 partisan blank and internal false,kept,
538_archive,2020,966;967,70762,132382,2020-11-03,2020-11-03,538 archive election_date,,false,not_flagged_partisan,,538 partisan blank and internal false,kept,
538_archive,2020,1022;1023,70682,132201,2020-11-03,2020-11-03,538 archive election_date,,false,not_flagged_partisan,,538 partisan blank and internal false,kept,
538_archive,2020,1028;1029;1030;1031,70630,132069,2020-11-03,2020-11-03,538 archive election_date,,false,not_flagged_partisan,,538 partisan blank and internal false,kept,
538_archive,2020,1079;1080;1081;1082,70658,132129,2020-11-03,2020-11-03,538 archive election_date,DEM,false,partisan,DEM,538 partisan flag,kept,
538_archive,2020,1111;1112;1113,70694,132240,2020-11-03,2020-11-03,538 archive election_date,,false,not_flagged_partisan,,538 partisan blank and internal false,kept,
538_archive,2020,1244;1245,70046,130476,2020-11-03,2020-11-03,538 archive election_date,,false,not_flagged_partisan,,538 partisan blank and internal false,kept,
538_archive,2020,1289;1290;1291,69711,129986,2020-11-03,2020-11-03,538 archive election_date,,false,not_flagged_partisan,,538 partisan blank and internal false,kept,
538_archive,2020,1294;1295,69975,130315,2020-11-03,2020-11-03,538 archive election_date,,false,not_flagged_partisan,,538 partisan blank and internal false,kept,
538_archive,2020,1325;1326,69955,130272,2020-11-03,2020-11-03,538 archive election_date,,false,not_flagged_partisan,,538 partisan blank and internal false,kept,
538_archive,2020,1374;1375,69642,129835,2020-11-03,2020-11-03,538 archive election_date,,false,not_flagged_partisan,,538 partisan blank and internal false,kept,
538_archive,2020,1420;1421,69565,129608,2020-11-03,2020-11-03,538 archive election_date,,false,not_flagged_partisan,,538 partisan blank and internal false,kept,
538_archive,2020,1440;1441,70770,132389,2020-11-03,2020-11-03,538 archive election_date,,false,not_flagged_partisan,,538 partisan blank and internal false,kept,
538_archive,2020,1601;1602,68513,128273,2020-11-03,2020-11-03,538 archive election_date,DEM,false,partisan,DEM,538 partisan flag,kept,
538_archive,2020,1618;1619;1620;1621,68492,128224,2020-11-03,2020-11-03,538 archive election_date,,false,not_flagged_partisan,,538 partisan blank and internal false,kept,
538_archive,2020,1622;1623;1624;1625,68492,128225,2020-11-03,2020-11-03,538 archive election_date,,false,not_flagged_partisan,,538 partisan blank and internal false,kept,
538_archive,2020,1685;1686,68480,128199,2020-11-03,2020-11-03,538 archive election_date,,false,not_flagged_partisan,,538 partisan blank and internal false,kept,
538_archive,2020,1687;1688,69578,129667,2020-11-03,2020-11-03,538 archive election_date,,false,not_flagged_partisan,,538 partisan blank and internal false,kept,
538_archive,2020,1721;1722;1723;1724,68082,127527,2020-11-03,2020-11-03,538 archive election_date,,false,not_flagged_partisan,,538 partisan blank and internal false,kept,
538_archive,2020,1801;1802,67882,127096,2020-11-03,2020-11-03,538 archive election_date,,false,not_flagged_partisan,,538 partisan blank and internal false,kept,
538_archive,2020,1836;1837,67883,127097,2020-11-03,2020-11-03,538 archive election_date,DEM,true,partisan,DEM,538 partisan flag,kept,
538_archive,2020,1922;1923,67617,126514,2020-11-03,2020-11-03,538 archive election_date,,false,not_flagged_partisan,,538 partisan blank and internal false,kept,
538_archive,2020,1924;1925,67629,126539,2020-11-03,2020-11-03,538 archive election_date,REP,false,partisan,REP,538 partisan flag,kept,
538_archive,2020,1977;1978,67057,125293,2020-11-03,2020-11-03,538 archive election_date,,false,not_flagged_partisan,,538 partisan blank and internal false,kept,
538_archive,2020,1979;1980,67057,125294,2020-11-03,2020-11-03,538 archive election_date,,false,not_flagged_partisan,,538 partisan blank and internal false,excluded,2020 hypothetical Democratic challenger instead of M.J. Hegar
538_archive,2020,2001;2002,67054,125285,2020-11-03,2020-11-03,538 archive election_date,,false,not_flagged_partisan,,538 partisan blank and internal false,kept,
538_archive,2020,2003;2004,67054,125286,2020-11-03,2020-11-03,538 archive election_date,,false,not_flagged_partisan,,538 partisan blank and internal false,kept,
538_archive,2020,2005;2006,67054,125287,2020-11-03,2020-11-03,538 archive election_date,,false,not_flagged_partisan,,538 partisan blank and internal false,excluded,2020 hypothetical Democratic challenger instead of M.J. Hegar
538_archive,2020,2007;2008,67054,125288,2020-11-03,2020-11-03,538 archive election_date,,false,not_flagged_partisan,,538 partisan blank and internal false,excluded,2020 hypothetical Democratic challenger instead of M.J. Hegar
538_archive,2020,2059;2060,66979,125103,2020-11-03,2020-11-03,538 archive election_date,DEM,false,partisan,DEM,538 partisan flag,kept,
538_archive,2020,2077;2078,66919,124959,2020-11-03,2020-11-03,538 archive election_date,,false,not_flagged_partisan,,538 partisan blank and internal false,kept,
538_archive,2020,2079;2080,66919,124960,2020-11-03,2020-11-03,538 archive election_date,,false,not_flagged_partisan,,538 partisan blank and internal false,excluded,2020 hypothetical Democratic challenger instead of M.J. Hegar
538_archive,2020,2251;2252,66043,122510,2020-11-03,2020-11-03,538 archive election_date,,false,not_flagged_partisan,,538 partisan blank and internal false,kept,
538_archive,2020,2253;2254,66043,122511,2020-11-03,2020-11-03,538 archive election_date,,false,not_flagged_partisan,,538 partisan blank and internal false,excluded,2020 hypothetical Democratic challenger instead of M.J. Hegar
538_archive,2020,2362;2363,64640,119337,2020-11-03,2020-11-03,538 archive election_date,,false,not_flagged_partisan,,538 partisan blank and internal false,kept,
538_archive,2020,2448;2449,62992,114141,2020-11-03,2020-11-03,538 archive election_date,DEM,false,partisan,DEM,538 partisan flag,excluded,2020 hypothetical Democratic challenger instead of M.J. Hegar
538_archive,2020,2450;2451,62992,114142,2020-11-03,2020-11-03,538 archive election_date,DEM,false,partisan,DEM,538 partisan flag,excluded,2020 hypothetical Democratic challenger instead of M.J. Hegar
538_archive,2020,2452;2453,62992,114143,2020-11-03,2020-11-03,538 archive election_date,DEM,false,partisan,DEM,538 partisan flag,kept,
538_archive,2020,2454;2455,62992,114144,2020-11-03,2020-11-03,538 archive election_date,DEM,false,partisan,DEM,538 partisan flag,excluded,2020 hypothetical Democratic challenger instead of M.J. Hegar
538_archive,2020,2456;2457,62992,114145,2020-11-03,2020-11-03,538 archive election_date,DEM,false,partisan,DEM,538 partisan flag,excluded,2020 hypothetical Democratic challenger instead of M.J. Hegar
538_archive,2020,2547;2548,57962,100825,2020-11-03,2020-11-03,538 archive election_date,,false,not_flagged_partisan,,538 partisan blank and internal false,kept,
538_archive,2020,2559;2560,57601,100819,2020-11-03,2020-11-03,538 archive election_date,,false,not_flagged_partisan,,538 partisan blank and internal false,excluded,2020 hypothetical Democratic challenger instead of M.J. Hegar
538_archive,2020,2567;2568,57528,100817,2020-11-03,2020-11-03,538 archive election_date,DEM,false,partisan,DEM,538 partisan flag,excluded,2020 hypothetical Democratic challenger instead of M.J. Hegar
538_archive,2020,2573;2574,57419,100814,2020-11-03,2020-11-03,538 archive election_date,REP,false,partisan,REP,538 partisan flag,excluded,2020 hypothetical Democratic challenger instead of M.J. Hegar
538_archive,2018,2585;2586,56817,91571,2018-11-06,2018-11-06,538 archive election_date,REP,false,partisan,REP,538 partisan flag,kept,
538_archive,2018,2716;2717;2718,56702,91332,2018-11-06,2018-11-06,538 archive election_date,DEM,false,partisan,DEM,538 partisan flag,kept,
538_archive,2018,2849;2850;2851,56632,91196,2018-11-06,2018-11-06,538 archive election_date,,false,not_flagged_partisan,,538 partisan blank and internal false,kept,
538_archive,2018,2972;2973,56513,90915,2018-11-06,2018-11-06,538 archive election_date,,false,not_flagged_partisan,,538 partisan blank and internal false,kept,
538_archive,2018,2982;2983,56590,91092,2018-11-06,2018-11-06,538 archive election_date,,false,not_flagged_partisan,,538 partisan blank and internal false,kept,
538_archive,2018,2984;2985,56590,91093,2018-11-06,2018-11-06,538 archive election_date,,false,not_flagged_partisan,,538 partisan blank and internal false,kept,
538_archive,2018,3025;3026,56562,91001,2018-11-06,2018-11-06,538 archive election_date,,false,not_flagged_partisan,,538 partisan blank and internal false,kept,
538_archive,2018,3097;3098;3099,56386,90645,2018-11-06,2018-11-06,538 archive election_date,DEM,false,partisan,DEM,538 partisan flag,kept,
538_archive,2018,3104;3105;3106,56481,90848,2018-11-06,2018-11-06,538 archive election_date,,false,not_flagged_partisan,,538 partisan blank and internal false,kept,
538_archive,2018,3181;3182,56413,90683,2018-11-06,2018-11-06,538 archive election_date,,false,not_flagged_partisan,,538 partisan blank and internal false,kept,
538_archive,2018,3183;3184,56413,90697,2018-11-06,2018-11-06,538 archive election_date,,false,not_flagged_partisan,,538 partisan blank and internal false,kept,
538_archive,2018,3248;3249;3250,56232,90312,2018-11-06,2018-11-06,538 archive election_date,DEM,false,partisan,DEM,538 partisan flag,kept,
538_archive,2018,3274;3275,56237,90327,2018-11-06,2018-11-06,538 archive election_date,,false,not_flagged_partisan,,538 partisan blank and internal false,kept,
538_archive,2018,3276;3277,56237,90328,2018-11-06,2018-11-06,538 archive election_date,,false,not_flagged_partisan,,538 partisan blank and internal false,kept,
538_archive,2018,3278;3279;3280,56208,90274,2018-11-06,2018-11-06,538 archive election_date,REP,false,partisan,REP,538 partisan flag,kept,
538_archive,2018,3294;3295,56090,89955,2018-11-06,2018-11-06,538 archive election_date,,false,not_flagged_partisan,,538 partisan blank and internal false,kept,
538_archive,2018,3296;3297,56090,89956,2018-11-06,2018-11-06,538 archive election_date,,false,not_flagged_partisan,,538 partisan blank and internal false,kept,
538_archive,2018,3326;3327,56154,90142,2018-11-06,2018-11-06,538 archive election_date,,false,not_flagged_partisan,,538 partisan blank and internal false,kept,
538_archive,2018,3385;3386,56077,89936,2018-11-06,2018-11-06,538 archive election_date,,false,not_flagged_partisan,,538 partisan blank and internal false,kept,
538_archive,2018,3387;3388,56079,89940,2018-11-06,2018-11-06,538 archive election_date,,false,not_flagged_partisan,,538 partisan blank and internal false,kept,
538_archive,2018,3581;3582,54134,87618,2018-11-06,2018-11-06,538 archive election_date,DEM,false,partisan,DEM,538 partisan flag,kept,
538_archive,2018,3583;3584,54134,87638,2018-11-06,2018-11-06,538 archive election_date,DEM,false,partisan,DEM,538 partisan flag,kept,
538_archive,2018,3634;3635,54114,87471,2018-11-06,2018-11-06,538 archive election_date,,false,not_flagged_partisan,,538 partisan blank and internal false,kept,
538_archive,2018,3650;3651,54073,87278,2018-11-06,2018-11-06,538 archive election_date,,false,not_flagged_partisan,,538 partisan blank and internal false,kept,
538_archive,2018,3694;3695,54091,87435,2018-11-06,2018-11-06,538 archive election_date,,false,not_flagged_partisan,,538 partisan blank and internal false,kept,
538_archive,2018,3696;3697,54091,90202,2018-11-06,2018-11-06,538 archive election_date,,false,not_flagged_partisan,,538 partisan blank and internal false,kept,
538_archive,2018,3719;3720,54167,87696,2018-11-06,2018-11-06,538 archive election_date,DEM,false,partisan,DEM,538 partisan flag,kept,
538_archive,2018,3780;3781,53956,86823,2018-11-06,2018-11-06,538 archive election_date,,false,not_flagged_partisan,,538 partisan blank and internal false,kept,
538_archive,2018,3794;3795;3796,53971,86858,2018-11-06,2018-11-06,538 archive election_date,,false,not_flagged_partisan,,538 partisan blank and internal false,kept,
538_archive,2018,3876;3877,53776,86415,2018-11-06,2018-11-06,538 archive election_date,,false,not_flagged_partisan,,538 partisan blank and internal false,kept,
538_archive,2018,3912;3913,53736,86236,2018-11-06,2018-11-06,538 archive election_date,,false,not_flagged_partisan,,538 partisan blank and internal false,kept,
538_archive,2018,3935;3936,72925,136809,2018-11-06,2018-11-06,538 archive election_date,,false,not_flagged_partisan,,538 partisan blank and internal false,kept,
538_archive,2018,3962;3963,53476,85660,2018-11-06,2018-11-06,538 archive election_date,DEM,false,partisan,DEM,538 partisan flag,kept,
538_archive,2018,3979;3980,53463,84641,2018-11-06,2018-11-06,538 archive election_date,,false,not_flagged_partisan,,538 partisan blank and internal false,kept,
538_archive,2018,4006;4007;4008,53466,84648,2018-11-06,2018-11-06,538 archive election_date,,false,not_flagged_partisan,,538 partisan blank and internal false,kept,
538_archive,2018,4009;4010;4011,53466,84649,2018-11-06,2018-11-06,538 archive election_date,,false,not_flagged_partisan,,538 partisan blank and internal false,kept,
538_archive,2018,4050;4051,52801,83444,2018-11-06,2018-11-06,538 archive election_date,,false,not_flagged_partisan,,538 partisan blank and internal false,kept,
538_archive,2018,4256;4257,52737,83322,2018-11-06,2018-11-06,538 archive election_date,,false,not_flagged_partisan,,538 partisan blank and internal false,kept,
538_archive,2018,4258;4259,52737,83323,2018-11-06,2018-11-06,538 archive election_date,,false,not_flagged_partisan,,538 partisan blank and internal false,kept,
538_archive,2018,4305;4306;4307,52735,83318,2018-11-06,2018-11-06,538 archive election_date,,false,not_flagged_partisan,,538 partisan blank and internal false,kept,
538_archive,2018,4340;4341,53682,86145,2018-11-06,2018-11-06,538 archive election_date,DEM,false,partisan,DEM,538 partisan flag,kept,
538_archive,2018,4354;4355,52597,83157,2018-11-06,2018-11-06,538 archive election_date,,false,not_flagged_partisan,,538 partisan blank and internal false,kept,
538_archive,2018,4356;4357,52776,83388,2018-11-06,2018-11-06,538 archive election_date,REP,false,partisan,REP,538 partisan flag,kept,
538_archive,2018,4370;4371,52632,83161,2018-11-06,2018-11-06,538 archive election_date,DEM,false,partisan,DEM,538 partisan flag,kept,
538_archive,2018,4372;4373;4374,52596,83156,2018-11-06,2018-11-06,538 archive election_date,REP,false,partisan,REP,538 partisan flag,kept,
538_archive,2018,4426;4427,52598,83158,2018-11-06,2018-11-06,538 archive election_date,,false,not_flagged_partisan,,538 partisan blank and internal false,kept,
538_archive,2018,4534;4535,53681,86144,2018-11-06,2018-11-06,538 archive election_date,DEM,false,partisan,DEM,538 partisan flag,kept,
538_archive,2018,4548;4549,52631,83160,2018-11-06,2018-11-06,538 archive election_date,REP,true,partisan,REP,538 partisan flag,kept,
538_archive,2018,4590;4591,52630,83159,2018-11-06,2018-11-06,538 archive election_date,,false,not_flagged_partisan,,538 partisan blank and internal false,kept,
ut_tracker_2024,2024,1,,,,2024-11-05,Rahan-confirmed general-election date (2026-10-05),,,unknown,,Source does not supply partisan/internal classifications,kept,
ut_tracker_2024,2024,2,,,,2024-11-05,Rahan-confirmed general-election date (2026-10-05),,,unknown,,Source does not supply partisan/internal classifications,kept,
ut_tracker_2024,2024,3,,,,2024-11-05,Rahan-confirmed general-election date (2026-10-05),,,unknown,,Source does not supply partisan/internal classifications,kept,
ut_tracker_2024,2024,4,,,,2024-11-05,Rahan-confirmed general-election date (2026-10-05),,,unknown,,Source does not supply partisan/internal classifications,kept,
ut_tracker_2024,2024,5,,,,2024-11-05,Rahan-confirmed general-election date (2026-10-05),,,unknown,,Source does not supply partisan/internal classifications,kept,
ut_tracker_2024,2024,6,,,,2024-11-05,Rahan-confirmed general-election date (2026-10-05),,,unknown,,Source does not supply partisan/internal classifications,kept,
ut_tracker_2024,2024,7,,,,2024-11-05,Rahan-confirmed general-election date (2026-10-05),,,unknown,,Source does not supply partisan/internal classifications,kept,
ut_tracker_2024,2024,8,,,,2024-11-05,Rahan-confirmed general-election date (2026-10-05),,,unknown,,Source does not supply partisan/internal classifications,kept,
ut_tracker_2024,2024,9,,,,2024-11-05,Rahan-confirmed general-election date (2026-10-05),,,unknown,,Source does not supply partisan/internal classifications,kept,
ut_tracker_2024,2024,10,,,,2024-11-05,Rahan-confirmed general-election date (2026-10-05),,,unknown,,Source does not supply partisan/internal classifications,kept,
ut_tracker_2024,2024,11,,,,2024-11-05,Rahan-confirmed general-election date (2026-10-05),,,unknown,,Source does not supply partisan/internal classifications,kept,
ut_tracker_2024,2024,12,,,,2024-11-05,Rahan-confirmed general-election date (2026-10-05),,,unknown,,Source does not supply partisan/internal classifications,kept,
ut_tracker_2024,2024,13,,,,2024-11-05,Rahan-confirmed general-election date (2026-10-05),,,unknown,,Source does not supply partisan/internal classifications,kept,
ut_tracker_2024,2024,14,,,,2024-11-05,Rahan-confirmed general-election date (2026-10-05),,,unknown,,Source does not supply partisan/internal classifications,kept,
ut_tracker_2024,2024,15,,,,2024-11-05,Rahan-confirmed general-election date (2026-10-05),,,unknown,,Source does not supply partisan/internal classifications,kept,
ut_tracker_2024,2024,16,,,,2024-11-05,Rahan-confirmed general-election date (2026-10-05),,,unknown,,Source does not supply partisan/internal classifications,kept,
ut_tracker_2024,2024,17,,,,2024-11-05,Rahan-confirmed general-election date (2026-10-05),,,unknown,,Source does not supply partisan/internal classifications,kept,
ut_tracker_2024,2024,18,,,,2024-11-05,Rahan-confirmed general-election date (2026-10-05),,,unknown,,Source does not supply partisan/internal classifications,kept,
ut_tracker_2024,2024,19,,,,2024-11-05,Rahan-confirmed general-election date (2026-10-05),,,unknown,,Source does not supply partisan/internal classifications,kept,
ut_tracker_2024,2024,20,,,,2024-11-05,Rahan-confirmed general-election date (2026-10-05),,,unknown,,Source does not supply partisan/internal classifications,kept,
ut_tracker_2024,2024,21,,,,2024-11-05,Rahan-confirmed general-election date (2026-10-05),,,unknown,,Source does not supply partisan/internal classifications,kept,
ut_tracker_2024,2024,22,,,,2024-11-05,Rahan-confirmed general-election date (2026-10-05),,,unknown,,Source does not supply partisan/internal classifications,kept,
ut_tracker_2024,2024,23,,,,2024-11-05,Rahan-confirmed general-election date (2026-10-05),,,unknown,,Source does not supply partisan/internal classifications,kept,
ut_tracker_2024,2024,24,,,,2024-11-05,Rahan-confirmed general-election date (2026-10-05),,,unknown,,Source does not supply partisan/internal classifications,kept,
ut_tracker_2024,2024,25,,,,2024-11-05,Rahan-confirmed general-election date (2026-10-05),,,unknown,,Source does not supply partisan/internal classifications,kept,
ut_tracker_2024,2024,26,,,,2024-11-05,Rahan-confirmed general-election date (2026-10-05),,,unknown,,Source does not supply partisan/internal classifications,kept,
ut_tracker_2024,2024,27,,,,2024-11-05,Rahan-confirmed general-election date (2026-10-05),,,unknown,,Source does not supply partisan/internal classifications,kept,
ut_tracker_2024,2024,28,,,,2024-11-05,Rahan-confirmed general-election date (2026-10-05),,,unknown,,Source does not supply partisan/internal classifications,kept,
ut_tracker_2024,2024,29,,,,2024-11-05,Rahan-confirmed general-election date (2026-10-05),,,unknown,,Source does not supply partisan/internal classifications,kept,
ut_tracker_2024,2024,30,,,,2024-11-05,Rahan-confirmed general-election date (2026-10-05),,,unknown,,Source does not supply partisan/internal classifications,kept,
ut_tracker_2024,2024,31,,,,2024-11-05,Rahan-confirmed general-election date (2026-10-05),,,unknown,,Source does not supply partisan/internal classifications,kept,
ut_tracker_2024,2024,32,,,,2024-11-05,Rahan-confirmed general-election date (2026-10-05),,,unknown,,Source does not supply partisan/internal classifications,kept,
ut_tracker_2024,2024,33,,,,2024-11-05,Rahan-confirmed general-election date (2026-10-05),,,unknown,,Source does not supply partisan/internal classifications,kept,
ut_tracker_2024,2024,34,,,,2024-11-05,Rahan-confirmed general-election date (2026-10-05),,,unknown,,Source does not supply partisan/internal classifications,kept,
ut_tracker_2024,2024,35,,,,2024-11-05,Rahan-confirmed general-election date (2026-10-05),,,unknown,,Source does not supply partisan/internal classifications,kept,
ut_tracker_2024,2024,36,,,,2024-11-05,Rahan-confirmed general-election date (2026-10-05),,,unknown,,Source does not supply partisan/internal classifications,kept,
ut_tracker_2024,2024,37,,,,2024-11-05,Rahan-confirmed general-election date (2026-10-05),,,unknown,,Source does not supply partisan/internal classifications,kept,
