source,source_rows,cycle,race_id,poll_id,question_id,poll_label,pollster_id,sponsors,start_date,end_date,election_date,sample_size,population,population_raw,population_full,dem_candidate,rep_candidate,dem_pct,rep_pct,candidate_answers_json,field_dates_raw,moe_raw,spread_raw,release_url,created_at_raw,notes,methodology,tracking,internal,partisan,primary_verification,flags,election_date_basis,partisan_status,partisan_party,partisanship_basis,exclusion_reason
538_archive,1979;1980,2020,6295,67057,125294,YouGov,568,CBS News,2020-07-07,2020-07-10,2020-11-03,1182,LV,lv,lv,Royce West,John Cornyn,37.0,43.0,"[{""candidate_id"": ""13602"", ""candidate_name"": ""Royce West"", ""party"": ""DEM"", ""pct"": ""37.0""}, {""candidate_id"": ""13444"", ""candidate_name"": ""John Cornyn"", ""party"": ""REP"", ""pct"": ""43.0""}]",,,,https://drive.google.com/file/d/18HFC79lmRr1KVcbrUysfJd6XpLZxZxaP/view,7/12/20 10:34,,Online,,false,,pending,mirror_not_verified_against_original;publication_date_unverified;hypothetical_or_unexpected_matchup;multiple_questions_same_poll,538 archive election_date,not_flagged_partisan,,538 partisan blank and internal false,2020 hypothetical Democratic challenger instead of M.J. Hegar
538_archive,2005;2006,2020,6295,67054,125287,University of Texas at Tyler,1474,Dallas Morning News,2020-06-29,2020-07-07,2020-11-03,1909,RV,rv,rv,Royce West,John Cornyn,25.0,37.0,"[{""candidate_id"": ""13602"", ""candidate_name"": ""Royce West"", ""party"": ""DEM"", ""pct"": ""25.0""}, {""candidate_id"": ""13444"", ""candidate_name"": ""John Cornyn"", ""party"": ""REP"", ""pct"": ""37.0""}]",,,,https://www.uttyler.edu/politicalscience/files/codebook-dmn-uttyler-poll-july-2020-RV.pdf,7/12/20 07:43,,Live Phone/Online,,false,,pending,mirror_not_verified_against_original;publication_date_unverified;hypothetical_or_unexpected_matchup;multiple_questions_same_poll,538 archive election_date,not_flagged_partisan,,538 partisan blank and internal false,2020 hypothetical Democratic challenger instead of M.J. Hegar
538_archive,2007;2008,2020,6295,67054,125288,University of Texas at Tyler,1474,Dallas Morning News,2020-06-29,2020-07-07,2020-11-03,1677,LV,lv,lv,Royce West,John Cornyn,28.0,43.0,"[{""candidate_id"": ""13602"", ""candidate_name"": ""Royce West"", ""party"": ""DEM"", ""pct"": ""28.0""}, {""candidate_id"": ""13444"", ""candidate_name"": ""John Cornyn"", ""party"": ""REP"", ""pct"": ""43.0""}]",,,,https://projects.fivethirtyeight.com/polls/20200712_TX.pdf,7/12/20 07:43,,Live Phone/Online,,false,,pending,mirror_not_verified_against_original;publication_date_unverified;hypothetical_or_unexpected_matchup;multiple_questions_same_poll,538 archive election_date,not_flagged_partisan,,538 partisan blank and internal false,2020 hypothetical Democratic challenger instead of M.J. Hegar
538_archive,2079;2080,2020,6295,66919,124960,Beacon Research/Shaw & Company Research,1597,FOX News,2020-06-20,2020-06-23,2020-11-03,1001,RV,rv,rv,Royce West,John Cornyn,37.0,47.0,"[{""candidate_id"": ""13602"", ""candidate_name"": ""Royce West"", ""party"": ""DEM"", ""pct"": ""37.0""}, {""candidate_id"": ""13444"", ""candidate_name"": ""John Cornyn"", ""party"": ""REP"", ""pct"": ""47.0""}]",,,,https://static.foxnews.com/foxnews.com/content/uploads/2020/06/Fox_June-20-23-2020_Complete_Texas_Topline_June-25-Release.pdf,6/25/20 18:08,,Live Phone,,false,,pending,mirror_not_verified_against_original;publication_date_unverified;hypothetical_or_unexpected_matchup;multiple_questions_same_poll,538 archive election_date,not_flagged_partisan,,538 partisan blank and internal false,2020 hypothetical Democratic challenger instead of M.J. Hegar
538_archive,2253;2254,2020,6295,66043,122511,University of Texas at Tyler,1474,Dallas Morning News,2020-04-18,2020-04-27,2020-11-03,1183,RV,rv,rv,Royce West,John Cornyn,24.0,35.0,"[{""candidate_id"": ""13602"", ""candidate_name"": ""Royce West"", ""party"": ""DEM"", ""pct"": ""24.0""}, {""candidate_id"": ""13444"", ""candidate_name"": ""John Cornyn"", ""party"": ""REP"", ""pct"": ""35.0""}]",,,,https://projects.fivethirtyeight.com/polls/20200502_TX.pdf,5/2/20 16:43,,Live Phone/Online,,false,,pending,mirror_not_verified_against_original;publication_date_unverified;hypothetical_or_unexpected_matchup;multiple_questions_same_poll,538 archive election_date,not_flagged_partisan,,538 partisan blank and internal false,2020 hypothetical Democratic challenger instead of M.J. Hegar
538_archive,2448;2449,2020,6295,62992,114141,Beacon Research,1523,Democratic Policy Institute,2019-11-09,2019-11-21,2020-11-03,1000,RV,rv,rv,Beto O'Rourke,John Cornyn,42.0,46.0,"[{""candidate_id"": ""13443"", ""candidate_name"": ""Beto O'Rourke"", ""party"": ""DEM"", ""pct"": ""42.0""}, {""candidate_id"": ""13444"", ""candidate_name"": ""John Cornyn"", ""party"": ""REP"", ""pct"": ""46.0""}]",,,,http://democraticpolicyinstitute.com/wp-content/uploads/2019/12/12.2.19-Texas-Senate-Poll-Beto-v-Cornyn.pdf,12/2/19 20:38,,Live Phone/Online,,false,DEM,pending,mirror_not_verified_against_original;publication_date_unverified;hypothetical_or_unexpected_matchup;multiple_questions_same_poll,538 archive election_date,partisan,DEM,538 partisan flag,2020 hypothetical Democratic challenger instead of M.J. Hegar
538_archive,2450;2451,2020,6295,62992,114142,Beacon Research,1523,Democratic Policy Institute,2019-11-09,2019-11-21,2020-11-03,601,RV,rv,rv,Royce West,John Cornyn,33.0,45.0,"[{""candidate_id"": ""13602"", ""candidate_name"": ""Royce West"", ""party"": ""DEM"", ""pct"": ""33.0""}, {""candidate_id"": ""13444"", ""candidate_name"": ""John Cornyn"", ""party"": ""REP"", ""pct"": ""45.0""}]",,,,http://democraticpolicyinstitute.com/wp-content/uploads/2019/12/12.2.19-Texas-Senate-Poll-Beto-v-Cornyn.pdf,12/2/19 20:39,,Live Phone/Online,,false,DEM,pending,mirror_not_verified_against_original;publication_date_unverified;hypothetical_or_unexpected_matchup;multiple_questions_same_poll,538 archive election_date,partisan,DEM,538 partisan flag,2020 hypothetical Democratic challenger instead of M.J. Hegar
538_archive,2454;2455,2020,6295,62992,114144,Beacon Research,1523,Democratic Policy Institute,2019-11-09,2019-11-21,2020-11-03,601,RV,rv,rv,Chris Bell,John Cornyn,30.0,45.0,"[{""candidate_id"": ""13603"", ""candidate_name"": ""Chris Bell"", ""party"": ""DEM"", ""pct"": ""30.0""}, {""candidate_id"": ""13444"", ""candidate_name"": ""John Cornyn"", ""party"": ""REP"", ""pct"": ""45.0""}]",,,,http://democraticpolicyinstitute.com/wp-content/uploads/2019/12/12.2.19-Texas-Senate-Poll-Beto-v-Cornyn.pdf,12/2/19 20:39,,Live Phone/Online,,false,DEM,pending,mirror_not_verified_against_original;publication_date_unverified;hypothetical_or_unexpected_matchup;multiple_questions_same_poll,538 archive election_date,partisan,DEM,538 partisan flag,2020 hypothetical Democratic challenger instead of M.J. Hegar
538_archive,2456;2457,2020,6295,62992,114145,Beacon Research,1523,Democratic Policy Institute,2019-11-09,2019-11-21,2020-11-03,601,RV,rv,rv,Sema Hernandez,John Cornyn,29.0,45.0,"[{""candidate_id"": ""13604"", ""candidate_name"": ""Sema Hernandez"", ""party"": ""DEM"", ""pct"": ""29.0""}, {""candidate_id"": ""13444"", ""candidate_name"": ""John Cornyn"", ""party"": ""REP"", ""pct"": ""45.0""}]",,,,http://democraticpolicyinstitute.com/wp-content/uploads/2019/12/12.2.19-Texas-Senate-Poll-Beto-v-Cornyn.pdf,12/2/19 20:39,,Live Phone/Online,,false,DEM,pending,mirror_not_verified_against_original;publication_date_unverified;hypothetical_or_unexpected_matchup;multiple_questions_same_poll,538 archive election_date,partisan,DEM,538 partisan flag,2020 hypothetical Democratic challenger instead of M.J. Hegar
538_archive,2559;2560,2020,6295,57601,100819,Quinnipiac University,396,,2019-02-20,2019-02-25,2020-11-03,1222,RV,rv,rv,Beto O'Rourke,John Cornyn,46.0,46.0,"[{""candidate_id"": ""13443"", ""candidate_name"": ""Beto O'Rourke"", ""party"": ""DEM"", ""pct"": ""46.0""}, {""candidate_id"": ""13444"", ""candidate_name"": ""John Cornyn"", ""party"": ""REP"", ""pct"": ""46.0""}]",,,,https://poll.qu.edu/poll-release-legacy?releaseid=2602,8/20/19 16:30,,Live Phone,,false,,pending,mirror_not_verified_against_original;publication_date_unverified;hypothetical_or_unexpected_matchup,538 archive election_date,not_flagged_partisan,,538 partisan blank and internal false,2020 hypothetical Democratic challenger instead of M.J. Hegar
538_archive,2567;2568,2020,6295,57528,100817,Public Policy Polling,383,Democracy Toolbox,2019-02-13,2019-02-14,2020-11-03,743,RV,rv,rv,Beto O'Rourke,John Cornyn,45.0,47.0,"[{""candidate_id"": ""13443"", ""candidate_name"": ""Beto O'Rourke"", ""party"": ""DEM"", ""pct"": ""45.0""}, {""candidate_id"": ""13444"", ""candidate_name"": ""John Cornyn"", ""party"": ""REP"", ""pct"": ""47.0""}]",,,,https://twitter.com/PatrickSvitek/status/1096513104677097472,8/20/19 16:30,,IVR,,false,DEM,pending,mirror_not_verified_against_original;publication_date_unverified;hypothetical_or_unexpected_matchup,538 archive election_date,partisan,DEM,538 partisan flag,2020 hypothetical Democratic challenger instead of M.J. Hegar
538_archive,2573;2574,2020,6295,57419,100814,Atlantic Media and Research,1412,Courageous Conservatives PAC,2019-01-05,2019-01-11,2020-11-03,504,LV,lv,lv,Beto O'Rourke,John Cornyn,37.0,50.0,"[{""candidate_id"": ""13443"", ""candidate_name"": ""Beto O'Rourke"", ""party"": ""DEM"", ""pct"": ""37.0""}, {""candidate_id"": ""13444"", ""candidate_name"": ""John Cornyn"", ""party"": ""REP"", ""pct"": ""50.0""}]",,,,http://politicselections.com/new-poll-beto-not-liked-in-texas/,8/20/19 16:30,,Live Phone,,false,REP,pending,mirror_not_verified_against_original;publication_date_unverified;hypothetical_or_unexpected_matchup,538 archive election_date,partisan,REP,538 partisan flag,2020 hypothetical Democratic challenger instead of M.J. Hegar
