source,source_rows,cycle,race_id,poll_id,question_id,poll_label,pollster_id,sponsors,start_date,end_date,election_date,sample_size,population,population_raw,population_full,dem_candidate,rep_candidate,dem_pct,rep_pct,candidate_answers_json,field_dates_raw,moe_raw,spread_raw,release_url,created_at_raw,notes,methodology,tracking,internal,partisan,primary_verification,flags,election_date_basis,partisan_status,partisan_party,partisanship_basis
538_archive,135;136,2020,6295,72774,136577,Swayable,1522,,2020-10-27,2020-11-02,2020-11-03,1042,LV,lv,lv,Mary Jennings Hegar,John Cornyn,43.5,56.5,"[{""candidate_id"": ""13459"", ""candidate_name"": ""Mary Jennings Hegar"", ""party"": ""DEM"", ""pct"": ""43.5""}, {""candidate_id"": ""13444"", ""candidate_name"": ""John Cornyn"", ""party"": ""REP"", ""pct"": ""56.5""}]",,,,https://www.swayable.com/polls/2020-11-02-large.html,11/2/20 22:16,,Online,,false,,pending,mirror_not_verified_against_original;publication_date_unverified,538 archive election_date,not_flagged_partisan,,538 partisan blank and internal false
538_archive,185;186;187;188,2020,6295,72583,136217,Data for Progress,1515,,2020-10-27,2020-11-01,2020-11-03,926,LV,lv,lv,Mary Jennings Hegar,John Cornyn,47.0,50.0,"[{""candidate_id"": ""13459"", ""candidate_name"": ""Mary Jennings Hegar"", ""party"": ""DEM"", ""pct"": ""47.0""}, {""candidate_id"": ""13444"", ""candidate_name"": ""John Cornyn"", ""party"": ""REP"", ""pct"": ""50.0""}, {""candidate_id"": ""15683"", ""candidate_name"": ""Ricardo Turullols-Bonilla"", ""party"": ""IND"", ""pct"": ""2.0""}, {""candidate_id"": ""15835"", ""candidate_name"": ""Kerry Douglas McKennon"", ""party"": ""LIB"", ""pct"": ""1.0""}]",,,,https://filesforprogress.org/datasets/2020/11/2020-election-polls/toplines/dfp_tx_11.1.20.pdf,11/1/20 21:26,,Online/Text,,false,,pending,mirror_not_verified_against_original;publication_date_unverified,538 archive election_date,not_flagged_partisan,,538 partisan blank and internal false
538_archive,267;268,2020,6295,72518,136088,Emerson College,1102,,2020-10-29,2020-10-31,2020-11-03,763,LV,lv,lv,Mary Jennings Hegar,John Cornyn,47.0,51.0,"[{""candidate_id"": ""13459"", ""candidate_name"": ""Mary Jennings Hegar"", ""party"": ""DEM"", ""pct"": ""47.0""}, {""candidate_id"": ""13444"", ""candidate_name"": ""John Cornyn"", ""party"": ""REP"", ""pct"": ""51.0""}]",,,,https://emersonpolling.reportablenews.com/pr/super-poll-sunday-democrats-within-striking-distance-in-key-southern-states,11/1/20 17:15,,IVR/Online/Text,,false,,pending,mirror_not_verified_against_original;publication_date_unverified,538 archive election_date,not_flagged_partisan,,538 partisan blank and internal false
538_archive,281;282,2020,6295,72614,136276,Morning Consult,1189,,2020-10-22,2020-10-31,2020-11-03,3267,LV,lv,lv,Mary Jennings Hegar,John Cornyn,42.5,46.7,"[{""candidate_id"": ""13459"", ""candidate_name"": ""Mary Jennings Hegar"", ""party"": ""DEM"", ""pct"": ""42.5""}, {""candidate_id"": ""13444"", ""candidate_name"": ""John Cornyn"", ""party"": ""REP"", ""pct"": ""46.7""}]",,,,https://morningconsult.com/form/2020-u-s-election-tracker/,11/2/20 07:20,,Online,TRUE,false,,pending,mirror_not_verified_against_original;publication_date_unverified,538 archive election_date,not_flagged_partisan,,538 partisan blank and internal false
538_archive,361;362,2020,6295,72229,135688,RMG Research,1554,PoliticalIQ,2020-10-27,2020-10-28,2020-11-03,800,LV,lv,lv,Mary Jennings Hegar,John Cornyn,42.0,48.0,"[{""candidate_id"": ""13459"", ""candidate_name"": ""Mary Jennings Hegar"", ""party"": ""DEM"", ""pct"": ""42.0""}, {""candidate_id"": ""13444"", ""candidate_name"": ""John Cornyn"", ""party"": ""REP"", ""pct"": ""48.0""}]",,,,http://politicaliq.com/2020/10/30/tx-senate-cornyn-r-48-hegar-d-42/,10/30/20 10:47,,IVR/Text,,false,,pending,mirror_not_verified_against_original;publication_date_unverified,538 archive election_date,not_flagged_partisan,,538 partisan blank and internal false
538_archive,369;370,2020,6295,72498,136057,Gravis Marketing,801,,2020-10-27,2020-10-28,2020-11-03,670,LV,lv,lv,Mary Jennings Hegar,John Cornyn,43.0,49.0,"[{""candidate_id"": ""13459"", ""candidate_name"": ""Mary Jennings Hegar"", ""party"": ""DEM"", ""pct"": ""43.0""}, {""candidate_id"": ""13444"", ""candidate_name"": ""John Cornyn"", ""party"": ""REP"", ""pct"": ""49.0""}]",,,,https://gravismarketing.com/texas-poll/,11/1/20 13:21,,IVR/Online,,false,,pending,mirror_not_verified_against_original;publication_date_unverified,538 archive election_date,not_flagged_partisan,,538 partisan blank and internal false
538_archive,522;523,2020,6295,72308,135652,Swayable,1522,,2020-10-23,2020-10-26,2020-11-03,492,LV,lv,lv,Mary Jennings Hegar,John Cornyn,47.6,52.4,"[{""candidate_id"": ""13459"", ""candidate_name"": ""Mary Jennings Hegar"", ""party"": ""DEM"", ""pct"": ""47.6""}, {""candidate_id"": ""13444"", ""candidate_name"": ""John Cornyn"", ""party"": ""REP"", ""pct"": ""52.4""}]",,,,https://www.swayable.com/polls/2020-10-28.html,10/30/20 07:55,,Online,,false,,pending,mirror_not_verified_against_original;publication_date_unverified,538 archive election_date,not_flagged_partisan,,538 partisan blank and internal false
538_archive,528;529,2020,6295,72206,135451,University of Massachusetts Lowell,1234,,2020-10-20,2020-10-26,2020-11-03,873,LV,lv,lv,Mary Jennings Hegar,John Cornyn,44.0,49.0,"[{""candidate_id"": ""13459"", ""candidate_name"": ""Mary Jennings Hegar"", ""party"": ""DEM"", ""pct"": ""44.0""}, {""candidate_id"": ""13444"", ""candidate_name"": ""John Cornyn"", ""party"": ""REP"", ""pct"": ""49.0""}]",,,,https://www.uml.edu/docs/2020-Texas-Oct-Topline_tcm18-331627.pdf,10/29/20 12:46,,Online,,false,,pending,mirror_not_verified_against_original;publication_date_unverified,538 archive election_date,not_flagged_partisan,,538 partisan blank and internal false
538_archive,538;539;540;541,2020,6295,71957,134886,Data for Progress,1515,Crooked Media | Indivisible,2020-10-22,2020-10-25,2020-11-03,1018,LV,lv,lv,Mary Jennings Hegar,John Cornyn,46.0,48.0,"[{""candidate_id"": ""13459"", ""candidate_name"": ""Mary Jennings Hegar"", ""party"": ""DEM"", ""pct"": ""46.0""}, {""candidate_id"": ""13444"", ""candidate_name"": ""John Cornyn"", ""party"": ""REP"", ""pct"": ""48.0""}, {""candidate_id"": ""15683"", ""candidate_name"": ""Ricardo Turullols-Bonilla"", ""party"": ""IND"", ""pct"": ""1.0""}, {""candidate_id"": ""15835"", ""candidate_name"": ""Kerry Douglas McKennon"", ""party"": ""LIB"", ""pct"": ""1.0""}]",,,,https://filesforprogress.org/memos/2020-senate-project/week-6/dfp_psp_tx_10.26.pdf,10/26/20 11:53,,Online,,false,DEM,pending,mirror_not_verified_against_original;publication_date_unverified,538 archive election_date,partisan,DEM,538 partisan flag
538_archive,554;555;556,2020,6295,71967,134908,Siena College/The New York Times Upshot,1424,,2020-10-20,2020-10-25,2020-11-03,802,LV,lv,lv,Mary Jennings Hegar,John Cornyn,38.0,48.0,"[{""candidate_id"": ""13459"", ""candidate_name"": ""Mary Jennings Hegar"", ""party"": ""DEM"", ""pct"": ""38.0""}, {""candidate_id"": ""13444"", ""candidate_name"": ""John Cornyn"", ""party"": ""REP"", ""pct"": ""48.0""}, {""candidate_id"": ""15835"", ""candidate_name"": ""Kerry Douglas McKennon"", ""party"": ""LIB"", ""pct"": ""4.0""}]",,,,https://int.nyt.com/data/documenttools/tx102020-crosstabs-1/a1e2440aa9de6f2e/full.pdf,10/26/20 13:03,,Live Phone,,false,,pending,mirror_not_verified_against_original;publication_date_unverified,538 archive election_date,not_flagged_partisan,,538 partisan blank and internal false
538_archive,563;564,2020,6295,72149,135279,University of Houston/Latino Decisions/North Star Opinion Research,1499,Univision | University of Houston,2020-10-17,2020-10-25,2020-11-03,758,RV,rv,rv,Mary Jennings Hegar,John Cornyn,40.0,45.0,"[{""candidate_id"": ""13459"", ""candidate_name"": ""Mary Jennings Hegar"", ""party"": ""DEM"", ""pct"": ""40.0""}, {""candidate_id"": ""13444"", ""candidate_name"": ""John Cornyn"", ""party"": ""REP"", ""pct"": ""45.0""}]",,,,https://st1.uvnimg.com/33/8f/ed1016da4a5fb16ec7e34cd5568a/univision-crosstabs-october-final.pdf,10/28/20 13:00,,Live Phone/Online,,false,,pending,mirror_not_verified_against_original;publication_date_unverified,538 archive election_date,not_flagged_partisan,,538 partisan blank and internal false
538_archive,667;668,2020,6295,72186,135401,Citizen Data,1620,,2020-10-17,2020-10-20,2020-11-03,1000,LV,lv,lv,Mary Jennings Hegar,John Cornyn,40.62,40.82,"[{""candidate_id"": ""13459"", ""candidate_name"": ""Mary Jennings Hegar"", ""party"": ""DEM"", ""pct"": ""40.62""}, {""candidate_id"": ""13444"", ""candidate_name"": ""John Cornyn"", ""party"": ""REP"", ""pct"": ""40.82""}]",,,,https://github.com/GetCitizenData/VoteByMail/blob/master/VoteByMail-Texas/Modeling/October/Corrected%20Texas%20VBM%20Toplines%2010_29_20.pdf,10/29/20 08:18,,IVR/Online,,false,,pending,mirror_not_verified_against_original;publication_date_unverified,538 archive election_date,not_flagged_partisan,,538 partisan blank and internal false
538_archive,682;683;684;685,2020,6295,71884,134739,University of Texas at Tyler,1474,Dallas Morning News,2020-10-13,2020-10-20,2020-11-03,1012,RV,rv,rv,Mary Jennings Hegar,John Cornyn,32.0,40.0,"[{""candidate_id"": ""13459"", ""candidate_name"": ""Mary Jennings Hegar"", ""party"": ""DEM"", ""pct"": ""32.0""}, {""candidate_id"": ""13444"", ""candidate_name"": ""John Cornyn"", ""party"": ""REP"", ""pct"": ""40.0""}, {""candidate_id"": ""15835"", ""candidate_name"": ""Kerry Douglas McKennon"", ""party"": ""LIB"", ""pct"": ""4.0""}, {""candidate_id"": ""15852"", ""candidate_name"": ""David B. Collins"", ""party"": ""GRE"", ""pct"": ""2.0""}]",,,,https://www.uttyler.edu/politicalscience/files/oct2020-rv-codebook-dmn-uttyler-poll.pdf,10/25/20 07:34,,Live Phone/Online,,false,,pending,mirror_not_verified_against_original;publication_date_unverified;multiple_questions_same_poll,538 archive election_date,not_flagged_partisan,,538 partisan blank and internal false
538_archive,686;687;688;689,2020,6295,71884,134740,University of Texas at Tyler,1474,Dallas Morning News,2020-10-13,2020-10-20,2020-11-03,925,LV,lv,lv,Mary Jennings Hegar,John Cornyn,34.0,42.0,"[{""candidate_id"": ""13459"", ""candidate_name"": ""Mary Jennings Hegar"", ""party"": ""DEM"", ""pct"": ""34.0""}, {""candidate_id"": ""13444"", ""candidate_name"": ""John Cornyn"", ""party"": ""REP"", ""pct"": ""42.0""}, {""candidate_id"": ""15835"", ""candidate_name"": ""Kerry Douglas McKennon"", ""party"": ""LIB"", ""pct"": ""3.0""}, {""candidate_id"": ""15852"", ""candidate_name"": ""David B. Collins"", ""party"": ""GRE"", ""pct"": ""2.0""}]",,,,https://www.uttyler.edu/politicalscience/files/oct2020-lv-codebook-dmn-uttyler-poll.pdf,10/25/20 07:34,,Live Phone/Online,,false,,pending,mirror_not_verified_against_original;publication_date_unverified;multiple_questions_same_poll,538 archive election_date,not_flagged_partisan,,538 partisan blank and internal false
538_archive,690;691;692;693,2020,6295,71955,134883,YouGov,568,University of Houston,2020-10-13,2020-10-20,2020-11-03,1000,LV,lv,lv,Mary Jennings Hegar,John Cornyn,41.6,48.9,"[{""candidate_id"": ""13459"", ""candidate_name"": ""Mary Jennings Hegar"", ""party"": ""DEM"", ""pct"": ""41.6""}, {""candidate_id"": ""13444"", ""candidate_name"": ""John Cornyn"", ""party"": ""REP"", ""pct"": ""48.9""}, {""candidate_id"": ""15835"", ""candidate_name"": ""Kerry Douglas McKennon"", ""party"": ""LIB"", ""pct"": ""2.8""}, {""candidate_id"": ""15852"", ""candidate_name"": ""David B. Collins"", ""party"": ""GRE"", ""pct"": ""1.1""}]",,,,https://uh.edu/hobby/election2020/texas2020.pdf,10/26/20 10:44,,Online,,false,,pending,mirror_not_verified_against_original;publication_date_unverified,538 archive election_date,not_flagged_partisan,,538 partisan blank and internal false
538_archive,706;707,2020,6295,71647,134232,Morning Consult,1189,,2020-10-11,2020-10-20,2020-11-03,3347,LV,lv,lv,Mary Jennings Hegar,John Cornyn,41.0,46.0,"[{""candidate_id"": ""13459"", ""candidate_name"": ""Mary Jennings Hegar"", ""party"": ""DEM"", ""pct"": ""41.0""}, {""candidate_id"": ""13444"", ""candidate_name"": ""John Cornyn"", ""party"": ""REP"", ""pct"": ""46.0""}]",,,,https://morningconsult.com/form/2020-u-s-election-tracker/,10/22/20 07:35,,Online,TRUE,false,,pending,mirror_not_verified_against_original;publication_date_unverified,538 archive election_date,not_flagged_partisan,,538 partisan blank and internal false
538_archive,708;709;710;711,2020,6295,71458,133839,Cygnal,1347,Ready Education Network,2020-10-18,2020-10-19,2020-11-03,600,LV,lv,lv,Mary Jennings Hegar,John Cornyn,40.8,48.9,"[{""candidate_id"": ""13459"", ""candidate_name"": ""Mary Jennings Hegar"", ""party"": ""DEM"", ""pct"": ""40.8""}, {""candidate_id"": ""13444"", ""candidate_name"": ""John Cornyn"", ""party"": ""REP"", ""pct"": ""48.9""}, {""candidate_id"": ""15835"", ""candidate_name"": ""Kerry Douglas McKennon"", ""party"": ""LIB"", ""pct"": ""2.8""}, {""candidate_id"": ""15852"", ""candidate_name"": ""David B. Collins"", ""party"": ""GRE"", ""pct"": ""0.6""}]",,,,https://www.cygn.al/cygnal-poll-cornyn-leads-hegar-by-eight-points/,10/20/20 13:39,,IVR/Live Phone/Text,,false,REP,pending,mirror_not_verified_against_original;publication_date_unverified,538 archive election_date,partisan,REP,538 partisan flag
538_archive,735;736,2020,6295,71556,134044,Quinnipiac University,396,,2020-10-16,2020-10-19,2020-11-03,1145,LV,lv,lv,Mary Jennings Hegar,John Cornyn,43.0,49.0,"[{""candidate_id"": ""13459"", ""candidate_name"": ""Mary Jennings Hegar"", ""party"": ""DEM"", ""pct"": ""43.0""}, {""candidate_id"": ""13444"", ""candidate_name"": ""John Cornyn"", ""party"": ""REP"", ""pct"": ""49.0""}]",,,,https://poll.qu.edu/Poll-Release?releaseid=3742,10/21/20 14:02,,Live Phone,,false,,pending,mirror_not_verified_against_original;publication_date_unverified,538 archive election_date,not_flagged_partisan,,538 partisan blank and internal false
538_archive,776;777;778;779,2020,6295,71437,133786,Data for Progress,1515,Crooked Media | Indivisible,2020-10-15,2020-10-18,2020-11-03,933,LV,lv,lv,Mary Jennings Hegar,John Cornyn,41.0,44.0,"[{""candidate_id"": ""13459"", ""candidate_name"": ""Mary Jennings Hegar"", ""party"": ""DEM"", ""pct"": ""41.0""}, {""candidate_id"": ""13444"", ""candidate_name"": ""John Cornyn"", ""party"": ""REP"", ""pct"": ""44.0""}, {""candidate_id"": ""15683"", ""candidate_name"": ""Ricardo Turullols-Bonilla"", ""party"": ""IND"", ""pct"": ""1.0""}, {""candidate_id"": ""15835"", ""candidate_name"": ""Kerry Douglas McKennon"", ""party"": ""LIB"", ""pct"": ""2.0""}]",,,,https://filesforprogress.org/memos/2020-senate-project/week-5/toplines/tx.pdf,10/19/20 21:53,,Online/Text,,false,DEM,pending,mirror_not_verified_against_original;publication_date_unverified,538 archive election_date,partisan,DEM,538 partisan flag
538_archive,808;809,2020,6295,71169,133244,Public Policy Polling,383,,2020-10-14,2020-10-15,2020-11-03,712,V,v,v,Mary Jennings Hegar,John Cornyn,46.0,49.0,"[{""candidate_id"": ""13459"", ""candidate_name"": ""Mary Jennings Hegar"", ""party"": ""DEM"", ""pct"": ""46.0""}, {""candidate_id"": ""13444"", ""candidate_name"": ""John Cornyn"", ""party"": ""REP"", ""pct"": ""49.0""}]",,,,https://www.publicpolicypolling.com/wp-content/uploads/2020/10/TexasSenatePollOctober2020-1.pdf,10/16/20 09:20,,IVR/Text,,false,,pending,mirror_not_verified_against_original;publication_date_unverified;nonstandard_population,538 archive election_date,not_flagged_partisan,,538 partisan blank and internal false
538_archive,966;967,2020,6295,70762,132382,Morning Consult,1189,,2020-10-02,2020-10-11,2020-11-03,3455,LV,lv,lv,Mary Jennings Hegar,John Cornyn,38.0,47.0,"[{""candidate_id"": ""13459"", ""candidate_name"": ""Mary Jennings Hegar"", ""party"": ""DEM"", ""pct"": ""38.0""}, {""candidate_id"": ""13444"", ""candidate_name"": ""John Cornyn"", ""party"": ""REP"", ""pct"": ""47.0""}]",,,,https://morningconsult.com/form/2020-u-s-election-tracker/,10/13/20 07:47,,Online,TRUE,false,,pending,mirror_not_verified_against_original;publication_date_unverified,538 archive election_date,not_flagged_partisan,,538 partisan blank and internal false
538_archive,1022;1023,2020,6295,70682,132201,Crosswind Media & Public Relations,1226,,2020-10-05,2020-10-06,2020-11-03,1000,LV,lv,lv,Mary Jennings Hegar,John Cornyn,39.0,48.0,"[{""candidate_id"": ""13459"", ""candidate_name"": ""Mary Jennings Hegar"", ""party"": ""DEM"", ""pct"": ""39.0""}, {""candidate_id"": ""13444"", ""candidate_name"": ""John Cornyn"", ""party"": ""REP"", ""pct"": ""48.0""}]",,,,https://crosswindpr.com/texas-statewide-poll-shows-trump-leading-biden-7-among-likely-voters/,10/8/20 15:04,,IVR,,false,,pending,mirror_not_verified_against_original;publication_date_unverified,538 archive election_date,not_flagged_partisan,,538 partisan blank and internal false
538_archive,1028;1029;1030;1031,2020,6295,70630,132069,Civiqs,1447,Daily Kos,2020-10-03,2020-10-06,2020-11-03,895,LV,lv,lv,Mary Jennings Hegar,John Cornyn,46.0,47.0,"[{""candidate_id"": ""13459"", ""candidate_name"": ""Mary Jennings Hegar"", ""party"": ""DEM"", ""pct"": ""46.0""}, {""candidate_id"": ""13444"", ""candidate_name"": ""John Cornyn"", ""party"": ""REP"", ""pct"": ""47.0""}, {""candidate_id"": ""15835"", ""candidate_name"": ""Kerry Douglas McKennon"", ""party"": ""LIB"", ""pct"": ""2.0""}, {""candidate_id"": ""15852"", ""candidate_name"": ""David B. Collins"", ""party"": ""GRE"", ""pct"": ""1.0""}]",,,,https://civiqs.com/documents/Civiqs_DailyKos_TX_banner_book_2020_10_cm5k3s.pdf,10/7/20 08:26,,Online,,false,,pending,mirror_not_verified_against_original;publication_date_unverified,538 archive election_date,not_flagged_partisan,,538 partisan blank and internal false
538_archive,1079;1080;1081;1082,2020,6295,70658,132129,Data for Progress,1515,Crooked Media | Indivisible,2020-09-30,2020-10-05,2020-11-03,1949,LV,lv,lv,Mary Jennings Hegar,John Cornyn,42.0,45.0,"[{""candidate_id"": ""13459"", ""candidate_name"": ""Mary Jennings Hegar"", ""party"": ""DEM"", ""pct"": ""42.0""}, {""candidate_id"": ""13444"", ""candidate_name"": ""John Cornyn"", ""party"": ""REP"", ""pct"": ""45.0""}, {""candidate_id"": ""15835"", ""candidate_name"": ""Kerry Douglas McKennon"", ""party"": ""LIB"", ""pct"": ""2.0""}, {""candidate_id"": ""15683"", ""candidate_name"": ""Ricardo Turullols-Bonilla"", ""party"": ""IND"", ""pct"": ""1.0""}]",,,,https://filesforprogress.org/memos/2020-senate-project/week-3/TX.pdf,10/7/20 18:23,,Online/Text,,false,DEM,pending,mirror_not_verified_against_original;publication_date_unverified,538 archive election_date,partisan,DEM,538 partisan flag
538_archive,1111;1112;1113,2020,6295,70694,132240,YouGov,568,Texas Tribune | University of Texas,2020-09-25,2020-10-04,2020-11-03,908,LV,lv,lv,Mary Jennings Hegar,John Cornyn,42.0,50.0,"[{""candidate_id"": ""13459"", ""candidate_name"": ""Mary Jennings Hegar"", ""party"": ""DEM"", ""pct"": ""42.0""}, {""candidate_id"": ""13444"", ""candidate_name"": ""John Cornyn"", ""party"": ""REP"", ""pct"": ""50.0""}, {""candidate_id"": ""15835"", ""candidate_name"": ""Kerry Douglas McKennon"", ""party"": ""LIB"", ""pct"": ""3.0""}]",,,,https://static.texastribune.org/media/files/922524cf3ab155eb04b70075f96948ab/uttt-2020-10-day1topline.pdf?_ga=2.167788513.1578857801.1602243186-1274457702.1602243185,10/9/20 07:55,,Online,,false,,pending,mirror_not_verified_against_original;publication_date_unverified,538 archive election_date,not_flagged_partisan,,538 partisan blank and internal false
538_archive,1244;1245,2020,6295,70046,130476,University of Massachusetts Lowell,1234,,2020-09-18,2020-09-25,2020-11-03,882,LV,lv,lv,Mary Jennings Hegar,John Cornyn,40.0,50.0,"[{""candidate_id"": ""13459"", ""candidate_name"": ""Mary Jennings Hegar"", ""party"": ""DEM"", ""pct"": ""40.0""}, {""candidate_id"": ""13444"", ""candidate_name"": ""John Cornyn"", ""party"": ""REP"", ""pct"": ""50.0""}]",,,,https://www.uml.edu/docs/2020-Texas-Sept-Topline_tcm18-330588.pdf,9/29/20 13:51,,Online,,false,,pending,mirror_not_verified_against_original;publication_date_unverified,538 archive election_date,not_flagged_partisan,,538 partisan blank and internal false
538_archive,1289;1290;1291,2020,6295,69711,129986,Siena College/The New York Times Upshot,1424,,2020-09-16,2020-09-22,2020-11-03,653,LV,lv,lv,Mary Jennings Hegar,John Cornyn,37.0,43.0,"[{""candidate_id"": ""13459"", ""candidate_name"": ""Mary Jennings Hegar"", ""party"": ""DEM"", ""pct"": ""37.0""}, {""candidate_id"": ""13444"", ""candidate_name"": ""John Cornyn"", ""party"": ""REP"", ""pct"": ""43.0""}, {""candidate_id"": ""15835"", ""candidate_name"": ""Kerry Douglas McKennon"", ""party"": ""LIB"", ""pct"": ""4.0""}]",,,,https://int.nyt.com/data/documenttools/ga-ia-tx-crosstabs/ca61e64eaef883ac/full.pdf,9/24/20 05:06,,Live Phone,,false,,pending,mirror_not_verified_against_original;publication_date_unverified,538 archive election_date,not_flagged_partisan,,538 partisan blank and internal false
538_archive,1294;1295,2020,6295,69975,130315,Data for Progress,1515,Defend Students Action Fund,2020-09-15,2020-09-22,2020-11-03,726,LV,lv,lv,Mary Jennings Hegar,John Cornyn,38.0,40.0,"[{""candidate_id"": ""13459"", ""candidate_name"": ""Mary Jennings Hegar"", ""party"": ""DEM"", ""pct"": ""38.0""}, {""candidate_id"": ""13444"", ""candidate_name"": ""John Cornyn"", ""party"": ""REP"", ""pct"": ""40.0""}]",,,,https://filesforprogress.org/memos/student-debt-project-electoral.pdf,9/25/20 10:13,,Online,,false,,pending,mirror_not_verified_against_original;publication_date_unverified,538 archive election_date,not_flagged_partisan,,538 partisan blank and internal false
538_archive,1325;1326,2020,6295,69955,130272,Quinnipiac University,396,,2020-09-17,2020-09-21,2020-11-03,1078,LV,lv,lv,Mary Jennings Hegar,John Cornyn,42.0,50.0,"[{""candidate_id"": ""13459"", ""candidate_name"": ""Mary Jennings Hegar"", ""party"": ""DEM"", ""pct"": ""42.0""}, {""candidate_id"": ""13444"", ""candidate_name"": ""John Cornyn"", ""party"": ""REP"", ""pct"": ""50.0""}]",,,,https://poll.qu.edu/Poll-Release?releaseid=3754,9/24/20 14:02,,Live Phone,,false,,pending,mirror_not_verified_against_original;publication_date_unverified,538 archive election_date,not_flagged_partisan,,538 partisan blank and internal false
538_archive,1374;1375,2020,6295,69642,129835,Morning Consult,1189,,2020-09-11,2020-09-20,2020-11-03,2616,LV,lv,lv,Mary Jennings Hegar,John Cornyn,39.0,45.0,"[{""candidate_id"": ""13459"", ""candidate_name"": ""Mary Jennings Hegar"", ""party"": ""DEM"", ""pct"": ""39.0""}, {""candidate_id"": ""13444"", ""candidate_name"": ""John Cornyn"", ""party"": ""REP"", ""pct"": ""45.0""}]",,,,https://morningconsult.com/2020/09/22/majority-makers-south-carolina-senate-harrison-graham/,9/22/20 06:03,,Online,TRUE,false,,pending,mirror_not_verified_against_original;publication_date_unverified,538 archive election_date,not_flagged_partisan,,538 partisan blank and internal false
538_archive,1420;1421,2020,6295,69565,129608,YouGov,568,CBS News,2020-09-15,2020-09-18,2020-11-03,1129,LV,lv,lv,Mary Jennings Hegar,John Cornyn,41.0,46.0,"[{""candidate_id"": ""13459"", ""candidate_name"": ""Mary Jennings Hegar"", ""party"": ""DEM"", ""pct"": ""41.0""}, {""candidate_id"": ""13444"", ""candidate_name"": ""John Cornyn"", ""party"": ""REP"", ""pct"": ""46.0""}]",,,,https://drive.google.com/file/d/1ZsMPYa9d2L2vg4YYk-DFcwlXosTMmMYP/view,9/20/20 10:33,,Online,,false,,pending,mirror_not_verified_against_original;publication_date_unverified,538 archive election_date,not_flagged_partisan,,538 partisan blank and internal false
538_archive,1440;1441,2020,6295,70770,132389,Morning Consult,1189,,2020-09-08,2020-09-17,2020-11-03,2555,LV,lv,lv,Mary Jennings Hegar,John Cornyn,38.45,44.95,"[{""candidate_id"": ""13459"", ""candidate_name"": ""Mary Jennings Hegar"", ""party"": ""DEM"", ""pct"": ""38.45""}, {""candidate_id"": ""13444"", ""candidate_name"": ""John Cornyn"", ""party"": ""REP"", ""pct"": ""44.95""}]",,,,https://morningconsult.com/2020/10/13/senate-graham-harrison-supreme-court-polling/,10/13/20 08:02,,Online,TRUE,false,,pending,mirror_not_verified_against_original;publication_date_unverified,538 archive election_date,not_flagged_partisan,,538 partisan blank and internal false
538_archive,1601;1602,2020,6295,68513,128273,Public Policy Polling,383,Giffords,2020-09-01,2020-09-02,2020-11-03,743,V,v,v,Mary Jennings Hegar,John Cornyn,40.0,44.0,"[{""candidate_id"": ""13459"", ""candidate_name"": ""Mary Jennings Hegar"", ""party"": ""DEM"", ""pct"": ""40.0""}, {""candidate_id"": ""13444"", ""candidate_name"": ""John Cornyn"", ""party"": ""REP"", ""pct"": ""44.0""}]",,,,https://giffords.org/wp-content/uploads/2020/09/TexasResults1.pdf,9/8/20 13:44,,IVR/Text,,false,DEM,pending,mirror_not_verified_against_original;publication_date_unverified;nonstandard_population,538 archive election_date,partisan,DEM,538 partisan flag
538_archive,1618;1619;1620;1621,2020,6295,68492,128224,University of Texas at Tyler,1474,Dallas Morning News,2020-08-28,2020-09-02,2020-11-03,1176,RV,rv,rv,Mary Jennings Hegar,John Cornyn,24.0,34.0,"[{""candidate_id"": ""13459"", ""candidate_name"": ""Mary Jennings Hegar"", ""party"": ""DEM"", ""pct"": ""24.0""}, {""candidate_id"": ""13444"", ""candidate_name"": ""John Cornyn"", ""party"": ""REP"", ""pct"": ""34.0""}, {""candidate_id"": ""15835"", ""candidate_name"": ""Kerry Douglas McKennon"", ""party"": ""LIB"", ""pct"": ""3.0""}, {""candidate_id"": ""15852"", ""candidate_name"": ""David B. Collins"", ""party"": ""GRE"", ""pct"": ""3.0""}]",,,,https://www.scribd.com/document/475037655/Aug28-Sept2-DMN-UTTyler-2020-Poll-Codebook-4,9/6/20 05:46,,Live Phone/Online,,false,,pending,mirror_not_verified_against_original;publication_date_unverified;multiple_questions_same_poll,538 archive election_date,not_flagged_partisan,,538 partisan blank and internal false
538_archive,1622;1623;1624;1625,2020,6295,68492,128225,University of Texas at Tyler,1474,Dallas Morning News,2020-08-28,2020-09-02,2020-11-03,901,LV,lv,lv,Mary Jennings Hegar,John Cornyn,28.0,39.0,"[{""candidate_id"": ""13459"", ""candidate_name"": ""Mary Jennings Hegar"", ""party"": ""DEM"", ""pct"": ""28.0""}, {""candidate_id"": ""13444"", ""candidate_name"": ""John Cornyn"", ""party"": ""REP"", ""pct"": ""39.0""}, {""candidate_id"": ""15835"", ""candidate_name"": ""Kerry Douglas McKennon"", ""party"": ""LIB"", ""pct"": ""3.0""}, {""candidate_id"": ""15852"", ""candidate_name"": ""David B. Collins"", ""party"": ""GRE"", ""pct"": ""2.0""}]",,,,https://www.scribd.com/document/475037655/Aug28-Sept2-DMN-UTTyler-2020-Poll-Codebook-4,9/6/20 05:46,,Live Phone/Online,,false,,pending,mirror_not_verified_against_original;publication_date_unverified;multiple_questions_same_poll,538 archive election_date,not_flagged_partisan,,538 partisan blank and internal false
538_archive,1685;1686,2020,6295,68480,128199,Data for Progress,1515,Jolt Initiative | MOVE Texas | Texas Rising,2020-08-20,2020-08-25,2020-11-03,2295,LV,lv,lv,Mary Jennings Hegar,John Cornyn,40.0,46.0,"[{""candidate_id"": ""13459"", ""candidate_name"": ""Mary Jennings Hegar"", ""party"": ""DEM"", ""pct"": ""40.0""}, {""candidate_id"": ""13444"", ""candidate_name"": ""John Cornyn"", ""party"": ""REP"", ""pct"": ""46.0""}]",,,,https://filesforprogress.org/datasets/2020/9/dfp_tx_survey_key_findings_sept4.pdf,9/4/20 13:42,,Online,,false,,pending,mirror_not_verified_against_original;publication_date_unverified,538 archive election_date,not_flagged_partisan,,538 partisan blank and internal false
538_archive,1687;1688,2020,6295,69578,129667,The Tyson Group,1571,Consumer Energy Alliance,2020-08-20,2020-08-25,2020-11-03,906,LV,lv,lv,Mary Jennings Hegar,John Cornyn,42.0,44.0,"[{""candidate_id"": ""13459"", ""candidate_name"": ""Mary Jennings Hegar"", ""party"": ""DEM"", ""pct"": ""42.0""}, {""candidate_id"": ""13444"", ""candidate_name"": ""John Cornyn"", ""party"": ""REP"", ""pct"": ""44.0""}]",,,,https://projects.fivethirtyeight.com/polls/20200921_TX.pdf,9/21/20 09:19,,Live Phone,,false,,pending,mirror_not_verified_against_original;publication_date_unverified,538 archive election_date,not_flagged_partisan,,538 partisan blank and internal false
538_archive,1721;1722;1723;1724,2020,6295,68082,127527,YouGov,568,Dallas Morning News | Texas Hispanic Policy Foundation | Rice University,2020-08-04,2020-08-13,2020-11-03,846,RV,rv,rv,Mary Jennings Hegar,John Cornyn,37.4,44.4,"[{""candidate_id"": ""13459"", ""candidate_name"": ""Mary Jennings Hegar"", ""party"": ""DEM"", ""pct"": ""37.4""}, {""candidate_id"": ""13444"", ""candidate_name"": ""John Cornyn"", ""party"": ""REP"", ""pct"": ""44.4""}, {""candidate_id"": ""15835"", ""candidate_name"": ""Kerry Douglas McKennon"", ""party"": ""LIB"", ""pct"": ""3.3""}, {""candidate_id"": ""15852"", ""candidate_name"": ""David B. Collins"", ""party"": ""GRE"", ""pct"": ""2.0""}]",,,,https://www.txhpf.org/wp-content/uploads/2020/08/THPFFinalAug17.pdf,8/17/20 09:32,,Online,,false,,pending,mirror_not_verified_against_original;publication_date_unverified,538 archive election_date,not_flagged_partisan,,538 partisan blank and internal false
538_archive,1801;1802,2020,6295,67882,127096,Morning Consult,1189,,2020-07-24,2020-08-02,2020-11-03,2576,LV,lv,lv,Mary Jennings Hegar,John Cornyn,38.0,44.0,"[{""candidate_id"": ""13459"", ""candidate_name"": ""Mary Jennings Hegar"", ""party"": ""DEM"", ""pct"": ""38.0""}, {""candidate_id"": ""13444"", ""candidate_name"": ""John Cornyn"", ""party"": ""REP"", ""pct"": ""44.0""}]",,,,https://morningconsult.com/2020/08/04/senate-presidential-polling-alabama-kentucky-sc-texas/,8/4/20 06:21,,Online,TRUE,false,,pending,mirror_not_verified_against_original;publication_date_unverified,538 archive election_date,not_flagged_partisan,,538 partisan blank and internal false
538_archive,1836;1837,2020,6295,67883,127097,Global Strategy Group/Latino Decisions,1598,DSCC,2020-07-25,2020-07-29,2020-11-03,700,LV,lv,lv,Mary Jennings Hegar,John Cornyn,42.0,43.0,"[{""candidate_id"": ""13459"", ""candidate_name"": ""Mary Jennings Hegar"", ""party"": ""DEM"", ""pct"": ""42.0""}, {""candidate_id"": ""13444"", ""candidate_name"": ""John Cornyn"", ""party"": ""REP"", ""pct"": ""43.0""}]",,,,https://www.politico.com/f/?id=00000173-b621-d8c4-a7f7-f76173a60000,8/4/20 06:24,,Live Phone/Online,,true,DEM,pending,mirror_not_verified_against_original;publication_date_unverified,538 archive election_date,partisan,DEM,538 partisan flag
538_archive,1922;1923,2020,6295,67617,126514,Quinnipiac University,396,,2020-07-16,2020-07-20,2020-11-03,880,RV,rv,rv,Mary Jennings Hegar,John Cornyn,38.0,47.0,"[{""candidate_id"": ""13459"", ""candidate_name"": ""Mary Jennings Hegar"", ""party"": ""DEM"", ""pct"": ""38.0""}, {""candidate_id"": ""13444"", ""candidate_name"": ""John Cornyn"", ""party"": ""REP"", ""pct"": ""47.0""}]",,,,https://poll.qu.edu/Poll-Release?releaseid=3782,7/22/20 14:01,,Live Phone,,false,,pending,mirror_not_verified_against_original;publication_date_unverified,538 archive election_date,not_flagged_partisan,,538 partisan blank and internal false
538_archive,1924;1925,2020,6295,67629,126539,Spry Strategies,1488,American Principles Project,2020-07-16,2020-07-20,2020-11-03,750,LV,lv,lv,Mary Jennings Hegar,John Cornyn,37.27,47.44,"[{""candidate_id"": ""13459"", ""candidate_name"": ""Mary Jennings Hegar"", ""party"": ""DEM"", ""pct"": ""37.27""}, {""candidate_id"": ""13444"", ""candidate_name"": ""John Cornyn"", ""party"": ""REP"", ""pct"": ""47.44""}]",,,,https://americanprinciplesproject.org/wp-content/uploads/2020/07/APP.Texas_.pdf,7/22/20 18:48,,IVR/Online,,false,REP,pending,mirror_not_verified_against_original;publication_date_unverified,538 archive election_date,partisan,REP,538 partisan flag
538_archive,1977;1978,2020,6295,67057,125293,YouGov,568,CBS News,2020-07-07,2020-07-10,2020-11-03,1179,LV,lv,lv,Mary Jennings Hegar,John Cornyn,36.0,44.0,"[{""candidate_id"": ""13459"", ""candidate_name"": ""Mary Jennings Hegar"", ""party"": ""DEM"", ""pct"": ""36.0""}, {""candidate_id"": ""13444"", ""candidate_name"": ""John Cornyn"", ""party"": ""REP"", ""pct"": ""44.0""}]",,,,https://drive.google.com/file/d/18HFC79lmRr1KVcbrUysfJd6XpLZxZxaP/view,7/12/20 10:34,,Online,,false,,pending,mirror_not_verified_against_original;publication_date_unverified;multiple_questions_same_poll,538 archive election_date,not_flagged_partisan,,538 partisan blank and internal false
538_archive,2001;2002,2020,6295,67054,125285,University of Texas at Tyler,1474,Dallas Morning News,2020-06-29,2020-07-07,2020-11-03,1909,RV,rv,rv,Mary Jennings Hegar,John Cornyn,26.0,37.0,"[{""candidate_id"": ""13459"", ""candidate_name"": ""Mary Jennings Hegar"", ""party"": ""DEM"", ""pct"": ""26.0""}, {""candidate_id"": ""13444"", ""candidate_name"": ""John Cornyn"", ""party"": ""REP"", ""pct"": ""37.0""}]",,,,https://www.uttyler.edu/politicalscience/files/codebook-dmn-uttyler-poll-july-2020-RV.pdf,7/12/20 07:43,,Live Phone/Online,,false,,pending,mirror_not_verified_against_original;publication_date_unverified;multiple_questions_same_poll,538 archive election_date,not_flagged_partisan,,538 partisan blank and internal false
538_archive,2003;2004,2020,6295,67054,125286,University of Texas at Tyler,1474,Dallas Morning News,2020-06-29,2020-07-07,2020-11-03,1677,LV,lv,lv,Mary Jennings Hegar,John Cornyn,29.0,42.0,"[{""candidate_id"": ""13459"", ""candidate_name"": ""Mary Jennings Hegar"", ""party"": ""DEM"", ""pct"": ""29.0""}, {""candidate_id"": ""13444"", ""candidate_name"": ""John Cornyn"", ""party"": ""REP"", ""pct"": ""42.0""}]",,,,https://projects.fivethirtyeight.com/polls/20200712_TX.pdf,7/12/20 07:43,,Live Phone/Online,,false,,pending,mirror_not_verified_against_original;publication_date_unverified;multiple_questions_same_poll,538 archive election_date,not_flagged_partisan,,538 partisan blank and internal false
538_archive,2059;2060,2020,6295,66979,125103,Public Policy Polling,383,Emily's List,2020-06-24,2020-06-25,2020-11-03,729,V,v,v,Mary Jennings Hegar,John Cornyn,35.0,42.0,"[{""candidate_id"": ""13459"", ""candidate_name"": ""Mary Jennings Hegar"", ""party"": ""DEM"", ""pct"": ""35.0""}, {""candidate_id"": ""13444"", ""candidate_name"": ""John Cornyn"", ""party"": ""REP"", ""pct"": ""42.0""}]",,,,https://www.publicpolicypolling.com/wp-content/uploads/2020/07/TXToplines7220.pdf,7/2/20 08:35,,IVR/Text,,false,DEM,pending,mirror_not_verified_against_original;publication_date_unverified;nonstandard_population,538 archive election_date,partisan,DEM,538 partisan flag
538_archive,2077;2078,2020,6295,66919,124959,Beacon Research/Shaw & Company Research,1597,FOX News,2020-06-20,2020-06-23,2020-11-03,1001,RV,rv,rv,Mary Jennings Hegar,John Cornyn,36.0,46.0,"[{""candidate_id"": ""13459"", ""candidate_name"": ""Mary Jennings Hegar"", ""party"": ""DEM"", ""pct"": ""36.0""}, {""candidate_id"": ""13444"", ""candidate_name"": ""John Cornyn"", ""party"": ""REP"", ""pct"": ""46.0""}]",,,,https://static.foxnews.com/foxnews.com/content/uploads/2020/06/Fox_June-20-23-2020_Complete_Texas_Topline_June-25-Release.pdf,6/25/20 18:08,,Live Phone,,false,,pending,mirror_not_verified_against_original;publication_date_unverified;multiple_questions_same_poll,538 archive election_date,not_flagged_partisan,,538 partisan blank and internal false
538_archive,2251;2252,2020,6295,66043,122510,University of Texas at Tyler,1474,Dallas Morning News,2020-04-18,2020-04-27,2020-11-03,1183,RV,rv,rv,Mary Jennings Hegar,John Cornyn,24.0,37.0,"[{""candidate_id"": ""13459"", ""candidate_name"": ""Mary Jennings Hegar"", ""party"": ""DEM"", ""pct"": ""24.0""}, {""candidate_id"": ""13444"", ""candidate_name"": ""John Cornyn"", ""party"": ""REP"", ""pct"": ""37.0""}]",,,,https://projects.fivethirtyeight.com/polls/20200502_TX.pdf,5/2/20 16:43,,Live Phone/Online,,false,,pending,mirror_not_verified_against_original;publication_date_unverified;multiple_questions_same_poll,538 archive election_date,not_flagged_partisan,,538 partisan blank and internal false
538_archive,2362;2363,2020,6295,64640,119337,Marist College,1205,NBC News,2020-02-23,2020-02-27,2020-11-03,2409,RV,rv,rv,Mary Jennings Hegar,John Cornyn,41.0,49.0,"[{""candidate_id"": ""13459"", ""candidate_name"": ""Mary Jennings Hegar"", ""party"": ""DEM"", ""pct"": ""41.0""}, {""candidate_id"": ""13444"", ""candidate_name"": ""John Cornyn"", ""party"": ""REP"", ""pct"": ""49.0""}]",,,,http://maristpoll.marist.edu/wp-content/uploads/2020/02/NBC-News_Marist-Poll-TX-NOS-and-Tables_2002281546.pdf,3/1/20 09:04,,Live Phone,,false,,pending,mirror_not_verified_against_original;publication_date_unverified,538 archive election_date,not_flagged_partisan,,538 partisan blank and internal false
538_archive,2452;2453,2020,6295,62992,114143,Beacon Research,1523,Democratic Policy Institute,2019-11-09,2019-11-21,2020-11-03,601,RV,rv,rv,Mary Jennings Hegar,John Cornyn,30.0,44.0,"[{""candidate_id"": ""13459"", ""candidate_name"": ""Mary Jennings Hegar"", ""party"": ""DEM"", ""pct"": ""30.0""}, {""candidate_id"": ""13444"", ""candidate_name"": ""John Cornyn"", ""party"": ""REP"", ""pct"": ""44.0""}]",,,,http://democraticpolicyinstitute.com/wp-content/uploads/2019/12/12.2.19-Texas-Senate-Poll-Beto-v-Cornyn.pdf,12/2/19 20:39,,Live Phone/Online,,false,DEM,pending,mirror_not_verified_against_original;publication_date_unverified;multiple_questions_same_poll,538 archive election_date,partisan,DEM,538 partisan flag
538_archive,2547;2548,2020,6295,57962,100825,Emerson College,1102,,2019-04-25,2019-04-28,2020-11-03,799,RV,rv,rv,Mary Jennings Hegar,John Cornyn,11.8,28.7,"[{""candidate_id"": ""13459"", ""candidate_name"": ""Mary Jennings Hegar"", ""party"": ""DEM"", ""pct"": ""11.8""}, {""candidate_id"": ""13444"", ""candidate_name"": ""John Cornyn"", ""party"": ""REP"", ""pct"": ""28.7""}]",,,,https://emersonpolling.reportablenews.com/pr/2020-texas-biden-and-beto-in-dead-heat-in-democratic-primary,8/20/19 16:31,,IVR/Online,,false,,pending,mirror_not_verified_against_original;publication_date_unverified,538 archive election_date,not_flagged_partisan,,538 partisan blank and internal false
538_archive,2585;2586,2018,121,56817,91571,Trafalgar Group,1250,,2018-11-03,2018-11-05,2018-11-06,2135,LV,lv,lv,Beto O'Rourke,Ted Cruz,43.2,52.1,"[{""candidate_id"": ""11125"", ""candidate_name"": ""Beto O'Rourke"", ""party"": ""DEM"", ""pct"": ""43.2""}, {""candidate_id"": ""11126"", ""candidate_name"": ""Ted Cruz"", ""party"": ""REP"", ""pct"": ""52.1""}]",,,,https://drive.google.com/file/d/18h31Oi90C0teXatPo1CQgpuKnee-MscF/view,11/6/18 06:40,,IVR,,false,REP,pending,mirror_not_verified_against_original;publication_date_unverified,538 archive election_date,partisan,REP,538 partisan flag
538_archive,2716;2717;2718,2018,121,56702,91332,Change Research,1365,Reason to Believe PAC,2018-11-01,2018-11-02,2018-11-06,1211,LV,lv,lv,Beto O'Rourke,Ted Cruz,49.0,49.0,"[{""candidate_id"": ""11125"", ""candidate_name"": ""Beto O'Rourke"", ""party"": ""DEM"", ""pct"": ""49.0""}, {""candidate_id"": ""11126"", ""candidate_name"": ""Ted Cruz"", ""party"": ""REP"", ""pct"": ""49.0""}, {""candidate_id"": ""11247"", ""candidate_name"": ""Neal M. Dikeman"", ""party"": ""LIB"", ""pct"": ""1.0""}]",,,,https://twitter.com/ChangePolls/status/1058740322530820097,11/3/18 11:24,,Online,,false,DEM,pending,mirror_not_verified_against_original;publication_date_unverified,538 archive election_date,partisan,DEM,538 partisan flag
538_archive,2849;2850;2851,2018,121,56632,91196,Emerson College,1102,,2018-10-28,2018-10-30,2018-11-06,781,LV,lv,lv,Beto O'Rourke,Ted Cruz,47.2,50.3,"[{""candidate_id"": ""11125"", ""candidate_name"": ""Beto O'Rourke"", ""party"": ""DEM"", ""pct"": ""47.2""}, {""candidate_id"": ""11126"", ""candidate_name"": ""Ted Cruz"", ""party"": ""REP"", ""pct"": ""50.3""}, {""candidate_id"": ""11247"", ""candidate_name"": ""Neal M. Dikeman"", ""party"": ""LIB"", ""pct"": ""1.0""}]",,,,https://www.emerson.edu/news-events/emerson-college-today/emerson-poll-west-virginia-senate-race-tightens-texas-senate-race-remains-close-republicans-look-hold-three-house-seats-wv,11/1/18 09:30,,IVR/Online,,false,,pending,mirror_not_verified_against_original;publication_date_unverified,538 archive election_date,not_flagged_partisan,,538 partisan blank and internal false
538_archive,2972;2973,2018,121,56513,90915,Quinnipiac University,396,,2018-10-22,2018-10-28,2018-11-06,1078,LV,lv,lv,Beto O'Rourke,Ted Cruz,46.0,51.0,"[{""candidate_id"": ""11125"", ""candidate_name"": ""Beto O'Rourke"", ""party"": ""DEM"", ""pct"": ""46.0""}, {""candidate_id"": ""11126"", ""candidate_name"": ""Ted Cruz"", ""party"": ""REP"", ""pct"": ""51.0""}]",,,,https://poll.qu.edu/images/polling/tx/tx10292018_tjfp53.pdf/,10/29/18 13:00,,Live Phone,,false,,pending,mirror_not_verified_against_original;publication_date_unverified,538 archive election_date,not_flagged_partisan,,538 partisan blank and internal false
538_archive,2982;2983,2018,121,56590,91092,University of Texas at Tyler,1474,,2018-10-15,2018-10-28,2018-11-06,1033,RV,rv,rv,Beto O'Rourke,Ted Cruz,42.2,46.5,"[{""candidate_id"": ""11125"", ""candidate_name"": ""Beto O'Rourke"", ""party"": ""DEM"", ""pct"": ""42.2""}, {""candidate_id"": ""11126"", ""candidate_name"": ""Ted Cruz"", ""party"": ""REP"", ""pct"": ""46.5""}]",,,,https://tylerpaper.com/news/local/ut-tyler-poll-shows-ted-cruz-leading-beto-o-rourke/article_ba27d004-dc91-11e8-8a2e-0b1de9580b62.html,10/31/18 09:16,,Live Phone/Online,,false,,pending,mirror_not_verified_against_original;publication_date_unverified;multiple_questions_same_poll,538 archive election_date,not_flagged_partisan,,538 partisan blank and internal false
538_archive,2984;2985,2018,121,56590,91093,University of Texas at Tyler,1474,,2018-10-15,2018-10-28,2018-11-06,905,LV,lv,lv,Beto O'Rourke,Ted Cruz,43.4,47.0,"[{""candidate_id"": ""11125"", ""candidate_name"": ""Beto O'Rourke"", ""party"": ""DEM"", ""pct"": ""43.4""}, {""candidate_id"": ""11126"", ""candidate_name"": ""Ted Cruz"", ""party"": ""REP"", ""pct"": ""47.0""}]",,,,https://tylerpaper.com/news/local/ut-tyler-poll-shows-ted-cruz-leading-beto-o-rourke/article_ba27d004-dc91-11e8-8a2e-0b1de9580b62.html,10/31/18 09:16,,Live Phone/Online,,false,,pending,mirror_not_verified_against_original;publication_date_unverified;multiple_questions_same_poll,538 archive election_date,not_flagged_partisan,,538 partisan blank and internal false
538_archive,3025;3026,2018,121,56562,91001,Dixie Strategies,753,KTVT-CBS 11,2018-10-25,2018-10-26,2018-11-06,588,LV,lv,lv,Beto O'Rourke,Ted Cruz,42.0,52.0,"[{""candidate_id"": ""11125"", ""candidate_name"": ""Beto O'Rourke"", ""party"": ""DEM"", ""pct"": ""42.0""}, {""candidate_id"": ""11126"", ""candidate_name"": ""Ted Cruz"", ""party"": ""REP"", ""pct"": ""52.0""}]",,,,https://dfw.cbslocal.com/2018/10/30/cruz-abbott-pull-ahead-in-latest-poll/,10/30/18 14:34,,IVR/Live Phone,,false,,pending,mirror_not_verified_against_original;publication_date_unverified,538 archive election_date,not_flagged_partisan,,538 partisan blank and internal false
538_archive,3097;3098;3099,2018,121,56386,90645,GBAO,907,End Citizens United,2018-10-18,2018-10-21,2018-11-06,1000,LV,lv,lv,Beto O'Rourke,Ted Cruz,46.0,50.0,"[{""candidate_id"": ""11125"", ""candidate_name"": ""Beto O'Rourke"", ""party"": ""DEM"", ""pct"": ""46.0""}, {""candidate_id"": ""11126"", ""candidate_name"": ""Ted Cruz"", ""party"": ""REP"", ""pct"": ""50.0""}, {""candidate_id"": ""11247"", ""candidate_name"": ""Neal M. Dikeman"", ""party"": ""LIB"", ""pct"": ""2.0""}]",,,,http://endcitizensunited.org/wp-content/uploads/2018/10/ECUTX18m1-102318-1.pdf,10/23/18 15:46,,Live Phone,,false,DEM,pending,mirror_not_verified_against_original;publication_date_unverified,538 archive election_date,partisan,DEM,538 partisan flag
538_archive,3104;3105;3106,2018,121,56481,90848,YouGov,568,Texas Tribune | University of Texas,2018-10-15,2018-10-21,2018-11-06,927,LV,lv,lv,Beto O'Rourke,Ted Cruz,45.0,51.0,"[{""candidate_id"": ""11125"", ""candidate_name"": ""Beto O'Rourke"", ""party"": ""DEM"", ""pct"": ""45.0""}, {""candidate_id"": ""11126"", ""candidate_name"": ""Ted Cruz"", ""party"": ""REP"", ""pct"": ""51.0""}, {""candidate_id"": ""11247"", ""candidate_name"": ""Neal M. Dikeman"", ""party"": ""LIB"", ""pct"": ""2.0""}]",,,,https://www.texastribune.org/2018/10/26/ut-tt-poll-ted-cruz-leads-beto-orourke-texas-senate/,10/26/18 09:01,,Online,,false,,pending,mirror_not_verified_against_original;publication_date_unverified,538 archive election_date,not_flagged_partisan,,538 partisan blank and internal false
538_archive,3181;3182,2018,121,56413,90683,Ipsos,241,Reuters | U. Virginia Center for Politics,2018-10-12,2018-10-18,2018-11-06,1298,LV,lv,lv,Beto O'Rourke,Ted Cruz,44.4,48.9,"[{""candidate_id"": ""11125"", ""candidate_name"": ""Beto O'Rourke"", ""party"": ""DEM"", ""pct"": ""44.4""}, {""candidate_id"": ""11126"", ""candidate_name"": ""Ted Cruz"", ""party"": ""REP"", ""pct"": ""48.9""}]",,,,https://www.reuters.com/article/us-usa-election-statepolls/republicans-gain-ground-in-texas-nevada-u-s-senate-races-poll-idUSKCN1MY18D,10/24/18 08:43,,Online,,false,,pending,mirror_not_verified_against_original;publication_date_unverified;multiple_questions_same_poll,538 archive election_date,not_flagged_partisan,,538 partisan blank and internal false
538_archive,3183;3184,2018,121,56413,90697,Ipsos,241,Reuters | U. Virginia Center for Politics,2018-10-12,2018-10-18,2018-11-06,2001,A,a,a,Beto O'Rourke,Ted Cruz,40.0,38.0,"[{""candidate_id"": ""11125"", ""candidate_name"": ""Beto O'Rourke"", ""party"": ""DEM"", ""pct"": ""40.0""}, {""candidate_id"": ""11126"", ""candidate_name"": ""Ted Cruz"", ""party"": ""REP"", ""pct"": ""38.0""}]",,,,https://www.ipsos.com/sites/default/files/ct/news/documents/2018-10/2018_state_topline_-_texas_final_october.pdf,10/24/18 09:21,,Online,,false,,pending,mirror_not_verified_against_original;publication_date_unverified;multiple_questions_same_poll,538 archive election_date,not_flagged_partisan,,538 partisan blank and internal false
538_archive,3248;3249;3250,2018,121,56232,90312,Tulchin Research,495,MoveOn,2018-10-10,2018-10-14,2018-11-06,600,LV,lv,lv,Beto O'Rourke,Ted Cruz,45.0,49.0,"[{""candidate_id"": ""11125"", ""candidate_name"": ""Beto O'Rourke"", ""party"": ""DEM"", ""pct"": ""45.0""}, {""candidate_id"": ""11126"", ""candidate_name"": ""Ted Cruz"", ""party"": ""REP"", ""pct"": ""49.0""}, {""candidate_id"": ""11247"", ""candidate_name"": ""Neal M. Dikeman"", ""party"": ""LIB"", ""pct"": ""3.0""}]",,,,https://drive.google.com/file/d/19yHyxK1LbyEJQOKl34jHL3Wy8iZvTU62/view,10/16/18 11:29,,Online,,false,DEM,pending,mirror_not_verified_against_original;publication_date_unverified,538 archive election_date,partisan,DEM,538 partisan flag
538_archive,3274;3275,2018,121,56237,90327,SSRS,1361,CNN,2018-10-09,2018-10-13,2018-11-06,716,LV,lv,lv,Beto O'Rourke,Ted Cruz,45.0,52.0,"[{""candidate_id"": ""11125"", ""candidate_name"": ""Beto O'Rourke"", ""party"": ""DEM"", ""pct"": ""45.0""}, {""candidate_id"": ""11126"", ""candidate_name"": ""Ted Cruz"", ""party"": ""REP"", ""pct"": ""52.0""}]",,,,http://cdn.cnn.com/cnn/2018/images/10/16/rel1_tx.pdf,10/16/18 13:36,,Live Phone,,false,,pending,mirror_not_verified_against_original;publication_date_unverified;multiple_questions_same_poll,538 archive election_date,not_flagged_partisan,,538 partisan blank and internal false
538_archive,3276;3277,2018,121,56237,90328,SSRS,1361,CNN,2018-10-09,2018-10-13,2018-11-06,862,RV,rv,rv,Beto O'Rourke,Ted Cruz,45.0,50.0,"[{""candidate_id"": ""11125"", ""candidate_name"": ""Beto O'Rourke"", ""party"": ""DEM"", ""pct"": ""45.0""}, {""candidate_id"": ""11126"", ""candidate_name"": ""Ted Cruz"", ""party"": ""REP"", ""pct"": ""50.0""}]",,,,http://cdn.cnn.com/cnn/2018/images/10/16/rel1_tx.pdf,10/16/18 13:36,,Live Phone,,false,,pending,mirror_not_verified_against_original;publication_date_unverified;multiple_questions_same_poll,538 archive election_date,not_flagged_partisan,,538 partisan blank and internal false
538_archive,3278;3279;3280,2018,121,56208,90274,WPA Intelligence,1418,Club for Growth,2018-10-08,2018-10-13,2018-11-06,801,LV,lv,lv,Beto O'Rourke,Ted Cruz,43.0,52.0,"[{""candidate_id"": ""11125"", ""candidate_name"": ""Beto O'Rourke"", ""party"": ""DEM"", ""pct"": ""43.0""}, {""candidate_id"": ""11126"", ""candidate_name"": ""Ted Cruz"", ""party"": ""REP"", ""pct"": ""52.0""}, {""candidate_id"": ""11247"", ""candidate_name"": ""Neal M. Dikeman"", ""party"": ""LIB"", ""pct"": ""1.0""}]",,,,https://www.clubforgrowth.org/wp-content/uploads/2018/10/CFGA_TXSEN_Survey_Memo_181014.pdf,10/15/18 11:19,,Live Phone,,false,REP,pending,mirror_not_verified_against_original;publication_date_unverified,538 archive election_date,partisan,REP,538 partisan flag
538_archive,3294;3295,2018,121,56090,89955,Siena College/The New York Times Upshot,1424,,2018-10-08,2018-10-11,2018-11-06,800,LV,lv,lv,Beto O'Rourke,Ted Cruz,43.19,51.25,"[{""candidate_id"": ""11125"", ""candidate_name"": ""Beto O'Rourke"", ""party"": ""DEM"", ""pct"": ""43.19""}, {""candidate_id"": ""11126"", ""candidate_name"": ""Ted Cruz"", ""party"": ""REP"", ""pct"": ""51.25""}]",,,,https://www.nytimes.com/interactive/2018/upshot/elections-poll-txsen-2.html,10/8/18 21:35,,Live Phone,,false,,pending,mirror_not_verified_against_original;publication_date_unverified;multiple_questions_same_poll,538 archive election_date,not_flagged_partisan,,538 partisan blank and internal false
538_archive,3296;3297,2018,121,56090,89956,Siena College/The New York Times Upshot,1424,,2018-10-08,2018-10-11,2018-11-06,800,RV,rv,rv,Beto O'Rourke,Ted Cruz,44.53,48.72,"[{""candidate_id"": ""11125"", ""candidate_name"": ""Beto O'Rourke"", ""party"": ""DEM"", ""pct"": ""44.53""}, {""candidate_id"": ""11126"", ""candidate_name"": ""Ted Cruz"", ""party"": ""REP"", ""pct"": ""48.72""}]",,,,https://www.nytimes.com/interactive/2018/upshot/elections-poll-txsen-2.html,10/8/18 21:35,,Live Phone,,false,,pending,mirror_not_verified_against_original;publication_date_unverified;multiple_questions_same_poll,538 archive election_date,not_flagged_partisan,,538 partisan blank and internal false
538_archive,3326;3327,2018,121,56154,90142,Quinnipiac University,396,,2018-10-03,2018-10-09,2018-11-06,730,LV,lv,lv,Beto O'Rourke,Ted Cruz,45.0,54.0,"[{""candidate_id"": ""11125"", ""candidate_name"": ""Beto O'Rourke"", ""party"": ""DEM"", ""pct"": ""45.0""}, {""candidate_id"": ""11126"", ""candidate_name"": ""Ted Cruz"", ""party"": ""REP"", ""pct"": ""54.0""}]",,,,https://poll.qu.edu/poll-release-legacy?releaseid=2578,10/11/18 10:58,,Live Phone,,false,,pending,mirror_not_verified_against_original;publication_date_unverified,538 archive election_date,not_flagged_partisan,,538 partisan blank and internal false
538_archive,3385;3386,2018,121,56077,89936,YouGov,568,CBS News,2018-10-02,2018-10-05,2018-11-06,881,LV,lv,lv,Beto O'Rourke,Ted Cruz,44.0,50.0,"[{""candidate_id"": ""11125"", ""candidate_name"": ""Beto O'Rourke"", ""party"": ""DEM"", ""pct"": ""44.0""}, {""candidate_id"": ""11126"", ""candidate_name"": ""Ted Cruz"", ""party"": ""REP"", ""pct"": ""50.0""}]",,,,https://d25d2506sfb94s.cloudfront.net/cumulus_uploads/document/0f3cqnuscn/cbs_20181007_TX_final.pdf,10/7/18 10:46,,Online,,false,,pending,mirror_not_verified_against_original;publication_date_unverified,538 archive election_date,not_flagged_partisan,,538 partisan blank and internal false
538_archive,3387;3388,2018,121,56079,89940,Emerson College,1102,,2018-10-01,2018-10-05,2018-11-06,500,LV,lv,lv,Beto O'Rourke,Ted Cruz,42.4,47.0,"[{""candidate_id"": ""11125"", ""candidate_name"": ""Beto O'Rourke"", ""party"": ""DEM"", ""pct"": ""42.4""}, {""candidate_id"": ""11126"", ""candidate_name"": ""Ted Cruz"", ""party"": ""REP"", ""pct"": ""47.0""}]",,,,https://www.emerson.edu/news-events/emerson-college-today/emerson-e-poll-cruz-extends-texas-us-senate-race-abbott-cruises-governor-race,10/8/18 09:05,,IVR/Online,,false,,pending,mirror_not_verified_against_original;publication_date_unverified,538 archive election_date,not_flagged_partisan,,538 partisan blank and internal false
538_archive,3581;3582,2018,121,54134,87618,Public Policy Polling,383,Protect Our Care,2018-09-19,2018-09-20,2018-11-06,613,V,v,v,Beto O'Rourke,Ted Cruz,45.0,48.0,"[{""candidate_id"": ""11125"", ""candidate_name"": ""Beto O'Rourke"", ""party"": ""DEM"", ""pct"": ""45.0""}, {""candidate_id"": ""11126"", ""candidate_name"": ""Ted Cruz"", ""party"": ""REP"", ""pct"": ""48.0""}]",,,,https://www.protectourcare.org/new-poll-texas-senate-race/,9/20/18 17:16,,,,false,DEM,pending,mirror_not_verified_against_original;publication_date_unverified;nonstandard_population;multiple_questions_same_poll,538 archive election_date,partisan,DEM,538 partisan flag
538_archive,3583;3584,2018,121,54134,87638,Public Policy Polling,383,Protect Our Care,2018-09-19,2018-09-20,2018-11-06,603,V,v,v,Beto O'Rourke,Ted Cruz,46.0,49.0,"[{""candidate_id"": ""11125"", ""candidate_name"": ""Beto O'Rourke"", ""party"": ""DEM"", ""pct"": ""46.0""}, {""candidate_id"": ""11126"", ""candidate_name"": ""Ted Cruz"", ""party"": ""REP"", ""pct"": ""49.0""}]",,,,http://endcitizensunited.org/wp-content/uploads/2018/09/Texas-Results.pdf,9/21/18 14:30,,,,false,DEM,pending,mirror_not_verified_against_original;publication_date_unverified;nonstandard_population;multiple_questions_same_poll,538 archive election_date,partisan,DEM,538 partisan flag
538_archive,3634;3635,2018,121,54114,87471,Vox Populi Polling,537,,2018-09-16,2018-09-18,2018-11-06,508,LV,lv,lv,Beto O'Rourke,Ted Cruz,50.0,50.0,"[{""candidate_id"": ""11125"", ""candidate_name"": ""Beto O'Rourke"", ""party"": ""DEM"", ""pct"": ""50.0""}, {""candidate_id"": ""11126"", ""candidate_name"": ""Ted Cruz"", ""party"": ""REP"", ""pct"": ""50.0""}]",,,,https://voxpoppolling.com/wp-content/uploads/2018/09/TX-Statewide-Survey-Toplines-Sept.-2018.pdf,9/20/18 14:43,,IVR/Online,,false,,pending,mirror_not_verified_against_original;publication_date_unverified,538 archive election_date,not_flagged_partisan,,538 partisan blank and internal false
538_archive,3650;3651,2018,121,54073,87278,Quinnipiac University,396,,2018-09-11,2018-09-17,2018-11-06,807,LV,lv,lv,Beto O'Rourke,Ted Cruz,45.0,54.0,"[{""candidate_id"": ""11125"", ""candidate_name"": ""Beto O'Rourke"", ""party"": ""DEM"", ""pct"": ""45.0""}, {""candidate_id"": ""11126"", ""candidate_name"": ""Ted Cruz"", ""party"": ""REP"", ""pct"": ""54.0""}]",,,,https://poll.qu.edu/poll-release-legacy?releaseid=2570,9/18/18 14:02,,Live Phone,,false,,pending,mirror_not_verified_against_original;publication_date_unverified,538 archive election_date,not_flagged_partisan,,538 partisan blank and internal false
538_archive,3694;3695,2018,121,54091,87435,Ipsos,241,Reuters | U. Virginia Center for Politics,2018-09-06,2018-09-14,2018-11-06,992,LV,lv,lv,Beto O'Rourke,Ted Cruz,47.0,45.0,"[{""candidate_id"": ""11125"", ""candidate_name"": ""Beto O'Rourke"", ""party"": ""DEM"", ""pct"": ""47.0""}, {""candidate_id"": ""11126"", ""candidate_name"": ""Ted Cruz"", ""party"": ""REP"", ""pct"": ""45.0""}]",,,,https://www.ipsos.com/en-us/news-polls/election-data-CA-FL-TX-NV-AZ,9/19/18 09:12,,Online,,false,,pending,mirror_not_verified_against_original;publication_date_unverified;multiple_questions_same_poll,538 archive election_date,not_flagged_partisan,,538 partisan blank and internal false
538_archive,3696;3697,2018,121,54091,90202,Ipsos,241,Reuters | U. Virginia Center for Politics,2018-09-06,2018-09-14,2018-11-06,2000,A,a,a,Beto O'Rourke,Ted Cruz,39.0,36.0,"[{""candidate_id"": ""11125"", ""candidate_name"": ""Beto O'Rourke"", ""party"": ""DEM"", ""pct"": ""39.0""}, {""candidate_id"": ""11126"", ""candidate_name"": ""Ted Cruz"", ""party"": ""REP"", ""pct"": ""36.0""}]",,,,https://www.ipsos.com/en-us/news-polls/election-data-CA-FL-TX-NV-AZ,10/12/18 14:46,,Online,,false,,pending,mirror_not_verified_against_original;publication_date_unverified;multiple_questions_same_poll,538 archive election_date,not_flagged_partisan,,538 partisan blank and internal false
538_archive,3719;3720,2018,121,54167,87696,Chism Strategies,1015,Reform Austin,2018-09-11,2018-09-12,2018-11-06,1161,LV,lv,lv,Beto O'Rourke,Ted Cruz,45.4,49.4,"[{""candidate_id"": ""11125"", ""candidate_name"": ""Beto O'Rourke"", ""party"": ""DEM"", ""pct"": ""45.4""}, {""candidate_id"": ""11126"", ""candidate_name"": ""Ted Cruz"", ""party"": ""REP"", ""pct"": ""49.4""}]",,,,https://www.reformaustin.org/2018/09/21/tx-poll-cruz-holds-close-lead-in-senate-race/,9/21/18 18:04,,,,false,DEM,pending,mirror_not_verified_against_original;publication_date_unverified,538 archive election_date,partisan,DEM,538 partisan flag
538_archive,3780;3781,2018,121,53956,86823,Crosswind Media & Public Relations,1226,,2018-09-06,2018-09-09,2018-11-06,800,LV,lv,lv,Beto O'Rourke,Ted Cruz,44.0,47.0,"[{""candidate_id"": ""11125"", ""candidate_name"": ""Beto O'Rourke"", ""party"": ""DEM"", ""pct"": ""44.0""}, {""candidate_id"": ""11126"", ""candidate_name"": ""Ted Cruz"", ""party"": ""REP"", ""pct"": ""47.0""}]",,,,https://crosswindpr.com/texas-poll-shows-beto-orourke-gaining-ground-as-ted-cruz-hangs-on-to-a-slim-3-lead/,9/11/18 21:27,I emailed them for a full copy. -Nathaniel,,,false,,pending,mirror_not_verified_against_original;publication_date_unverified,538 archive election_date,not_flagged_partisan,,538 partisan blank and internal false
538_archive,3794;3795;3796,2018,121,53971,86858,Dixie Strategies,753,KTVT-CBS 11,2018-09-06,2018-09-07,2018-11-06,519,LV,lv,lv,Beto O'Rourke,Ted Cruz,41.74,45.87,"[{""candidate_id"": ""11125"", ""candidate_name"": ""Beto O'Rourke"", ""party"": ""DEM"", ""pct"": ""41.74""}, {""candidate_id"": ""11126"", ""candidate_name"": ""Ted Cruz"", ""party"": ""REP"", ""pct"": ""45.87""}, {""candidate_id"": ""11247"", ""candidate_name"": ""Neal M. Dikeman"", ""party"": ""LIB"", ""pct"": ""1.28""}]",,,,https://dfw.cbslocal.com/2018/09/12/cruz-clings-to-small-lead-in-texas/,9/12/18 16:16,,IVR/Live Phone,,false,,pending,mirror_not_verified_against_original;publication_date_unverified,538 archive election_date,not_flagged_partisan,,538 partisan blank and internal false
538_archive,3876;3877,2018,121,53776,86415,Emerson College,1102,,2018-08-22,2018-08-25,2018-11-06,550,RV,rv,rv,Beto O'Rourke,Ted Cruz,37.2,37.8,"[{""candidate_id"": ""11125"", ""candidate_name"": ""Beto O'Rourke"", ""party"": ""DEM"", ""pct"": ""37.2""}, {""candidate_id"": ""11126"", ""candidate_name"": ""Ted Cruz"", ""party"": ""REP"", ""pct"": ""37.8""}]",,,,https://www.emerson.edu/sites/default/files/Files/Academics/ecp-tx-aug2018-pr.pdf,8/27/18 10:20,,IVR/Online,,false,,pending,mirror_not_verified_against_original;publication_date_unverified,538 archive election_date,not_flagged_partisan,,538 partisan blank and internal false
538_archive,3912;3913,2018,121,53736,86236,Marist College,1205,NBC News,2018-08-12,2018-08-16,2018-11-06,759,RV,rv,rv,Beto O'Rourke,Ted Cruz,45.0,49.0,"[{""candidate_id"": ""11125"", ""candidate_name"": ""Beto O'Rourke"", ""party"": ""DEM"", ""pct"": ""45.0""}, {""candidate_id"": ""11126"", ""candidate_name"": ""Ted Cruz"", ""party"": ""REP"", ""pct"": ""49.0""}]",,,,https://www.nbcnews.com/politics/first-read/poll-democrat-o-rourke-trails-ted-cruz-just-four-percentage-n902946,8/22/18 17:27,,Live Phone,,false,,pending,mirror_not_verified_against_original;publication_date_unverified,538 archive election_date,not_flagged_partisan,,538 partisan blank and internal false
538_archive,3935;3936,2018,121,72925,136809,Civiqs,1447,,2018-08-08,2018-08-11,2018-11-06,,,,,Beto O'Rourke,Ted Cruz,48.0,47.0,"[{""candidate_id"": ""11125"", ""candidate_name"": ""Beto O'Rourke"", ""party"": ""DEM"", ""pct"": ""48.0""}, {""candidate_id"": ""11126"", ""candidate_name"": ""Ted Cruz"", ""party"": ""REP"", ""pct"": ""47.0""}]",,,,,11/10/20 13:02,,,,false,,pending,mirror_not_verified_against_original;publication_date_unverified;missing_sample_size;missing_population;missing_release_url,538 archive election_date,not_flagged_partisan,,538 partisan blank and internal false
538_archive,3962;3963,2018,121,53476,85660,Public Policy Polling,383,End Citizens United,2018-08-01,2018-08-02,2018-11-06,797,V,v,v,Beto O'Rourke,Ted Cruz,42.0,46.0,"[{""candidate_id"": ""11125"", ""candidate_name"": ""Beto O'Rourke"", ""party"": ""DEM"", ""pct"": ""42.0""}, {""candidate_id"": ""11126"", ""candidate_name"": ""Ted Cruz"", ""party"": ""REP"", ""pct"": ""46.0""}]",,,,https://www.texastribune.org/theblast/2018/08/03/,8/3/18 13:05,DEM,IVR/Online,,false,DEM,pending,mirror_not_verified_against_original;publication_date_unverified;nonstandard_population,538 archive election_date,partisan,DEM,538 partisan flag
538_archive,3979;3980,2018,121,53463,84641,Quinnipiac University,396,,2018-07-26,2018-07-31,2018-11-06,1118,RV,rv,rv,Beto O'Rourke,Ted Cruz,43.0,49.0,"[{""candidate_id"": ""11125"", ""candidate_name"": ""Beto O'Rourke"", ""party"": ""DEM"", ""pct"": ""43.0""}, {""candidate_id"": ""11126"", ""candidate_name"": ""Ted Cruz"", ""party"": ""REP"", ""pct"": ""49.0""}]",,,,https://poll.qu.edu/poll-release-legacy?releaseid=2559,8/1/18 12:55,,Live Phone,,false,,pending,mirror_not_verified_against_original;publication_date_unverified,538 archive election_date,not_flagged_partisan,,538 partisan blank and internal false
538_archive,4006;4007;4008,2018,121,53466,84648,Texas Lyceum,610,,2018-07-09,2018-07-25,2018-11-06,806,RV,rv,rv,Beto O'Rourke,Ted Cruz,34.0,36.0,"[{""candidate_id"": ""11125"", ""candidate_name"": ""Beto O'Rourke"", ""party"": ""DEM"", ""pct"": ""34.0""}, {""candidate_id"": ""11126"", ""candidate_name"": ""Ted Cruz"", ""party"": ""REP"", ""pct"": ""36.0""}, {""candidate_id"": ""11247"", ""candidate_name"": ""Neal M. Dikeman"", ""party"": ""LIB"", ""pct"": ""3.0""}]",,,,https://www.texaslyceum.org/page-18271,8/1/18 13:21,,Live Phone/Online,,false,,pending,mirror_not_verified_against_original;publication_date_unverified;multiple_questions_same_poll,538 archive election_date,not_flagged_partisan,,538 partisan blank and internal false
538_archive,4009;4010;4011,2018,121,53466,84649,Texas Lyceum,610,,2018-07-09,2018-07-25,2018-11-06,441,LV,lv,lv,Beto O'Rourke,Ted Cruz,39.0,41.0,"[{""candidate_id"": ""11125"", ""candidate_name"": ""Beto O'Rourke"", ""party"": ""DEM"", ""pct"": ""39.0""}, {""candidate_id"": ""11126"", ""candidate_name"": ""Ted Cruz"", ""party"": ""REP"", ""pct"": ""41.0""}, {""candidate_id"": ""11247"", ""candidate_name"": ""Neal M. Dikeman"", ""party"": ""LIB"", ""pct"": ""1.0""}]",,,,https://www.texaslyceum.org/page-18271,8/1/18 13:21,,Live Phone/Online,,false,,pending,mirror_not_verified_against_original;publication_date_unverified;multiple_questions_same_poll,538 archive election_date,not_flagged_partisan,,538 partisan blank and internal false
538_archive,4050;4051,2018,121,52801,83444,Gravis Marketing,801,,2018-07-03,2018-07-07,2018-11-06,602,LV,lv,lv,Beto O'Rourke,Ted Cruz,42.0,51.0,"[{""candidate_id"": ""11125"", ""candidate_name"": ""Beto O'Rourke"", ""party"": ""DEM"", ""pct"": ""42.0""}, {""candidate_id"": ""11126"", ""candidate_name"": ""Ted Cruz"", ""party"": ""REP"", ""pct"": ""51.0""}]",,,,https://www.scribd.com/document/383517600/Texas-2c-July-8-2c-2018#from_embed,7/9/18 14:01,,IVR/Online,,false,,pending,mirror_not_verified_against_original;publication_date_unverified,538 archive election_date,not_flagged_partisan,,538 partisan blank and internal false
538_archive,4256;4257,2018,121,52737,83322,YouGov,568,CBS News,2018-06-19,2018-06-22,2018-11-06,1025,RV,rv,rv,Beto O'Rourke,Ted Cruz,36.0,44.0,"[{""candidate_id"": ""11125"", ""candidate_name"": ""Beto O'Rourke"", ""party"": ""DEM"", ""pct"": ""36.0""}, {""candidate_id"": ""11126"", ""candidate_name"": ""Ted Cruz"", ""party"": ""REP"", ""pct"": ""44.0""}]",,,,https://drive.google.com/file/d/0ByVu4fDHYJgVQlR4eDZDQlFnRFYtTHBmemFpUDVvS081Skc4/view,6/28/18 11:32,,Online,,false,,pending,mirror_not_verified_against_original;publication_date_unverified;multiple_questions_same_poll,538 archive election_date,not_flagged_partisan,,538 partisan blank and internal false
538_archive,4258;4259,2018,121,52737,83323,YouGov,568,CBS News,2018-06-19,2018-06-22,2018-11-06,821,LV,lv,lv,Beto O'Rourke,Ted Cruz,40.0,50.0,"[{""candidate_id"": ""11125"", ""candidate_name"": ""Beto O'Rourke"", ""party"": ""DEM"", ""pct"": ""40.0""}, {""candidate_id"": ""11126"", ""candidate_name"": ""Ted Cruz"", ""party"": ""REP"", ""pct"": ""50.0""}]",,,,https://drive.google.com/file/d/0ByVu4fDHYJgVQlR4eDZDQlFnRFYtTHBmemFpUDVvS081Skc4/view,6/28/18 11:33,,Online,,false,,pending,mirror_not_verified_against_original;publication_date_unverified;multiple_questions_same_poll,538 archive election_date,not_flagged_partisan,,538 partisan blank and internal false
538_archive,4305;4306;4307,2018,121,52735,83318,YouGov,568,Texas Tribune | University of Texas,2018-06-08,2018-06-17,2018-11-06,1200,RV,rv,rv,Beto O'Rourke,Ted Cruz,36.0,41.0,"[{""candidate_id"": ""11125"", ""candidate_name"": ""Beto O'Rourke"", ""party"": ""DEM"", ""pct"": ""36.0""}, {""candidate_id"": ""11126"", ""candidate_name"": ""Ted Cruz"", ""party"": ""REP"", ""pct"": ""41.0""}, {""candidate_id"": ""11247"", ""candidate_name"": ""Neal M. Dikeman"", ""party"": ""LIB"", ""pct"": ""2.0""}]",,,,https://www.texastribune.org/2018/06/25/ted-cruz-beto-orourke-poll-5-points-texas-senate-race-uttt/?utm_source=Atlas+Clips+-+Political&utm_campaign=e63d17ff0f-EMAIL_CAMPAIGN_2018_06_25_02_26&utm_medium=email&utm_term=0_ee77c6e4bd-e63d17ff0f-313135013,6/28/18 07:52,,Online,,false,,pending,mirror_not_verified_against_original;publication_date_unverified,538 archive election_date,not_flagged_partisan,,538 partisan blank and internal false
538_archive,4340;4341,2018,121,53682,86145,GQR,187,End Citizens United,2018-05-29,2018-06-05,2018-11-06,1000,LV,lv,lv,Beto O'Rourke,Ted Cruz,43.0,49.0,"[{""candidate_id"": ""11125"", ""candidate_name"": ""Beto O'Rourke"", ""party"": ""DEM"", ""pct"": ""43.0""}, {""candidate_id"": ""11126"", ""candidate_name"": ""Ted Cruz"", ""party"": ""REP"", ""pct"": ""49.0""}]",,,,http://endcitizensunited.org/wp-content/uploads/2018/06/Texas-Senate-Public-Memo-061418.pdf,8/21/18 00:59,,,,false,DEM,pending,mirror_not_verified_against_original;publication_date_unverified,538 archive election_date,partisan,DEM,538 partisan flag
538_archive,4354;4355,2018,121,52597,83157,Quinnipiac University,396,,2018-05-23,2018-05-29,2018-11-06,961,RV,rv,rv,Beto O'Rourke,Ted Cruz,39.0,50.0,"[{""candidate_id"": ""11125"", ""candidate_name"": ""Beto O'Rourke"", ""party"": ""DEM"", ""pct"": ""39.0""}, {""candidate_id"": ""11126"", ""candidate_name"": ""Ted Cruz"", ""party"": ""REP"", ""pct"": ""50.0""}]",,,,https://poll.qu.edu/poll-release-legacy?releaseid=2542,6/22/18 15:19,,Live Phone,,false,,pending,mirror_not_verified_against_original;publication_date_unverified,538 archive election_date,not_flagged_partisan,,538 partisan blank and internal false
538_archive,4356;4357,2018,121,52776,83388,Baselice & Associates,47,Texans for Lawsuit Reform PAC,2018-05-21,2018-05-28,2018-11-06,601,LV,lv,lv,Beto O'Rourke,Ted Cruz,36.0,48.0,"[{""candidate_id"": ""11125"", ""candidate_name"": ""Beto O'Rourke"", ""party"": ""DEM"", ""pct"": ""36.0""}, {""candidate_id"": ""11126"", ""candidate_name"": ""Ted Cruz"", ""party"": ""REP"", ""pct"": ""48.0""}]",,,,https://www.tlrpac.com/press-release/poll-shows-texas-voters-continue-support-reform-minded-candidates,7/3/18 14:10,,,,false,REP,pending,mirror_not_verified_against_original;publication_date_unverified,538 archive election_date,partisan,REP,538 partisan flag
538_archive,4370;4371,2018,121,52632,83161,Public Policy Polling,383,Giffords,2018-05-21,2018-05-22,2018-11-06,861,V,v,v,Beto O'Rourke,Ted Cruz,42.0,48.0,"[{""candidate_id"": ""11125"", ""candidate_name"": ""Beto O'Rourke"", ""party"": ""DEM"", ""pct"": ""42.0""}, {""candidate_id"": ""11126"", ""candidate_name"": ""Ted Cruz"", ""party"": ""REP"", ""pct"": ""48.0""}]",,,,https://www.scribd.com/document/381154820/PPP-poll-of-TX-SEN-for-Giffords,6/22/18 15:22,,,,false,DEM,pending,mirror_not_verified_against_original;publication_date_unverified;nonstandard_population,538 archive election_date,partisan,DEM,538 partisan flag
538_archive,4372;4373;4374,2018,121,52596,83156,JMC Analytics,621,Red Metrics Group,2018-05-19,2018-05-21,2018-11-06,575,LV,lv,lv,Beto O'Rourke,Ted Cruz,40.0,47.0,"[{""candidate_id"": ""11125"", ""candidate_name"": ""Beto O'Rourke"", ""party"": ""DEM"", ""pct"": ""40.0""}, {""candidate_id"": ""11126"", ""candidate_name"": ""Ted Cruz"", ""party"": ""REP"", ""pct"": ""47.0""}, {""candidate_id"": ""11127"", ""candidate_name"": ""Jonathan Jenkins"", ""party"": ""IND"", ""pct"": ""6.0""}]",,,,http://winwithjmc.com/wp-content/uploads/2018/05/Texas-Executive-Summary.pdf,6/22/18 15:18,,IVR,,false,REP,pending,mirror_not_verified_against_original;publication_date_unverified,538 archive election_date,partisan,REP,538 partisan flag
538_archive,4426;4427,2018,121,52598,83158,Quinnipiac University,396,,2018-04-12,2018-04-17,2018-11-06,1029,RV,rv,rv,Beto O'Rourke,Ted Cruz,44.0,47.0,"[{""candidate_id"": ""11125"", ""candidate_name"": ""Beto O'Rourke"", ""party"": ""DEM"", ""pct"": ""44.0""}, {""candidate_id"": ""11126"", ""candidate_name"": ""Ted Cruz"", ""party"": ""REP"", ""pct"": ""47.0""}]",,,,https://poll.qu.edu/poll-release-legacy?releaseid=2536,6/22/18 15:19,,Live Phone,,false,,pending,mirror_not_verified_against_original;publication_date_unverified,538 archive election_date,not_flagged_partisan,,538 partisan blank and internal false
538_archive,4534;4535,2018,121,53681,86144,Public Policy Polling,383,End Citizens United,2018-01-17,2018-01-18,2018-11-06,757,V,v,v,Beto O'Rourke,Ted Cruz,37.0,45.0,"[{""candidate_id"": ""11125"", ""candidate_name"": ""Beto O'Rourke"", ""party"": ""DEM"", ""pct"": ""37.0""}, {""candidate_id"": ""11126"", ""candidate_name"": ""Ted Cruz"", ""party"": ""REP"", ""pct"": ""45.0""}]",,,,http://endcitizensunited.org/press-releases/new-poll-texas-senate-race-within-single-digits/,8/21/18 00:59,,,,false,DEM,pending,mirror_not_verified_against_original;publication_date_unverified;nonstandard_population,538 archive election_date,partisan,DEM,538 partisan flag
538_archive,4548;4549,2018,121,52631,83160,WPA Intelligence,1418,,2017-12-12,2017-12-14,2018-11-06,600,LV,lv,lv,Beto O'Rourke,Ted Cruz,34.0,52.0,"[{""candidate_id"": ""11125"", ""candidate_name"": ""Beto O'Rourke"", ""party"": ""DEM"", ""pct"": ""34.0""}, {""candidate_id"": ""11126"", ""candidate_name"": ""Ted Cruz"", ""party"": ""REP"", ""pct"": ""52.0""}]",,,,https://www.houstonchronicle.com/news/politics/article/GOP-study-Ted-Cruz-begins-2018-Senate-race-with-12467377.php?utm_campaign=twitter-premium&utm_source=CMS%2520Sharing%2520Button&utm_medium=social&utm_campaign=twitter-premium&utm_source=CMS%2520Sharing%2520Button&utm_medium=social,6/22/18 15:21,,,,true,REP,pending,mirror_not_verified_against_original;publication_date_unverified,538 archive election_date,partisan,REP,538 partisan flag
538_archive,4590;4591,2018,121,52630,83159,Texas Lyceum,610,,2017-04-03,2017-04-09,2018-11-06,1000,A,a,a,Beto O'Rourke,Ted Cruz,30.0,30.0,"[{""candidate_id"": ""11125"", ""candidate_name"": ""Beto O'Rourke"", ""party"": ""DEM"", ""pct"": ""30.0""}, {""candidate_id"": ""11126"", ""candidate_name"": ""Ted Cruz"", ""party"": ""REP"", ""pct"": ""30.0""}]",,,,https://www.texaslyceum.org/resources/Pictures/2017%20Topline%20Results.pdf,6/22/18 15:20,,Live Phone,,false,,pending,mirror_not_verified_against_original;publication_date_unverified,538 archive election_date,not_flagged_partisan,,538 partisan blank and internal false
ut_tracker_2024,1,2024,,,,University of Texas at Tyler Center for Opinion Research,,,2024-10-14,2024-10-21,2024-11-05,956,LV,LV,,Colin Allred,Ted Cruz,45.0,47.0,,10/14-10/21/2024,4.0%,Cruz +2,https://www.uttyler.edu/academics/colleges-schools/arts-sciences/departments/political-science/files/uttyler-poll-202410-v2.pdf,,,,,,,pending,publication_date_unavailable,Rahan-confirmed general-election date (2026-10-05),unknown,,Source does not supply partisan/internal classifications
ut_tracker_2024,2,2024,,,,New York Times/Siena College,,,2024-10-23,2024-10-26,2024-11-05,1180,LV,LV,,Colin Allred,Ted Cruz,46.0,50.0,,10/23-10/26/2024,3.3%,Cruz +4,https://www.nytimes.com/interactive/2024/10/28/us/elections/times-siena-texas-poll-crosstabs.html,,,,,,,pending,publication_date_unavailable,Rahan-confirmed general-election date (2026-10-05),unknown,,Source does not supply partisan/internal classifications
ut_tracker_2024,3,2024,,,,Activote,,,2024-10-21,2024-10-27,2024-11-05,400,LV,LV,,Colin Allred,Ted Cruz,48.0,52.0,,10/21-10/27/2024,4.9%,Cruz +5,https://www.activote.net/cruz-still-ahead-in-texas/,,,,,,,pending,publication_date_unavailable;spread_mismatch,Rahan-confirmed general-election date (2026-10-05),unknown,,Source does not supply partisan/internal classifications
ut_tracker_2024,4,2024,,,,Emerson College/The Hill,,,2024-10-18,2024-10-21,2024-11-05,815,LV,LV,,Colin Allred,Ted Cruz,47.0,48.0,,10/18-10/21/2024,3.4%,Cruz +1,https://emersoncollegepolling.com/october-2024-texas-poll-trump-53-harris-46/,,,,,,,pending,publication_date_unavailable,Rahan-confirmed general-election date (2026-10-05),unknown,,Source does not supply partisan/internal classifications
ut_tracker_2024,5,2024,,,,Activote,,,2024-10-01,2024-10-15,2024-11-05,400,LV,LV,,Colin Allred,Ted Cruz,47.0,53.0,,10/1-10/15/2024,4.9%,Cruz +6,https://pro.morningconsult.com/trackers/2024-election-state-polls,,,,,,,pending,publication_date_unavailable;release_url_shared_across_labels,Rahan-confirmed general-election date (2026-10-05),unknown,,Source does not supply partisan/internal classifications
ut_tracker_2024,6,2024,,,,Morning Consult,,,2024-10-06,2024-10-15,2024-11-05,2048,LV,LV,,Colin Allred,Ted Cruz,45.0,46.0,,10/6-10/15/2024,,Cruz +1,https://pro.morningconsult.com/trackers/2024-election-state-polls,,,,,,,pending,publication_date_unavailable;missing_moe;release_url_shared_across_labels,Rahan-confirmed general-election date (2026-10-05),unknown,,Source does not supply partisan/internal classifications
ut_tracker_2024,7,2024,,,,UT/Texas Politics Project,,,2024-10-02,2024-10-10,2024-11-05,1091,LV,LV,,Colin Allred,Ted Cruz,44.0,51.0,,10/2-10/10/2024,2.97%,Cruz +7,https://texaspolitics.utexas.edu/blog/voting-about-start-texas-trump-and-cruz-maintain-single-digit-leads-new-university-texastexas,,,,,,,pending,publication_date_unavailable,Rahan-confirmed general-election date (2026-10-05),unknown,,Source does not supply partisan/internal classifications
ut_tracker_2024,8,2024,,,,Hobby School of Public Affairs,,,2024-09-26,2024-10-10,2024-11-05,1329,LV,LV,,Colin Allred,Ted Cruz,46.0,50.0,,9/26-10/10/2024,2.69%,Cruz +4,https://www.documentcloud.org/documents/25206688-txstatewide2024,,,,,,,pending,publication_date_unavailable,Rahan-confirmed general-election date (2026-10-05),unknown,,Source does not supply partisan/internal classifications
ut_tracker_2024,9,2024,,,,Marist,,,2024-10-03,2024-10-07,2024-11-05,1186,LV,LV,,Colin Allred,Ted Cruz,46.0,50.0,,10/3-10/7/2024,3.6%,Cruz +4,https://maristpoll.marist.edu/polls/u-s-presidential-contest-texas-october-2024/,,,,,,,pending,publication_date_unavailable,Rahan-confirmed general-election date (2026-10-05),unknown,,Source does not supply partisan/internal classifications
ut_tracker_2024,10,2024,,,,Florida Atlantic University/Mainstreet Research,,,2024-10-02,2024-10-06,2024-11-05,775,LV,LV,,Colin Allred,Ted Cruz,43.0,46.0,,10/2-10/6/2024,3.4%,Cruz +3,http://FAU / Mainstreet,,,,,,,pending,publication_date_unavailable,Rahan-confirmed general-election date (2026-10-05),unknown,,Source does not supply partisan/internal classifications
ut_tracker_2024,11,2024,,,,New York Times/Sienna College,,,2024-09-29,2024-10-04,2024-11-05,617,LV,LV,,Colin Allred,Ted Cruz,44.0,48.0,,9/29-10/4/2024,4.8%,Cruz +4,https://www.nytimes.com/interactive/2024/10/10/us/elections/times-siena-poll-texas-crosstabs.html,,,,,,,pending,publication_date_unavailable,Rahan-confirmed general-election date (2026-10-05),unknown,,Source does not supply partisan/internal classifications
ut_tracker_2024,12,2024,,,,ActiVote,,,2024-09-05,2024-09-30,2024-11-05,400,LV,LV,,Colin Allred,Ted Cruz,48.0,52.0,,9/5-9/30/2024,4.9%,Cruz +4,https://www.activote.net/cruz-has-a-small-lead-in-texas/,,,,,,,pending,publication_date_unavailable,Rahan-confirmed general-election date (2026-10-05),unknown,,Source does not supply partisan/internal classifications
ut_tracker_2024,13,2024,,,,Public Policy Polling (Clean and Prosperous America PAC),,,2024-09-25,2024-09-26,2024-11-05,759,RV,RV,,Colin Allred,Ted Cruz,43.0,45.0,,9/25-9/26/2024,3.5%,Cruz +2,https://cleanprosperousamerica.org/wp-content/uploads/CaPA-FL-TX-Poll-Memo-Sept-29-2024.pdf,,,,,,,pending,publication_date_unavailable,Rahan-confirmed general-election date (2026-10-05),unknown,,Source does not supply partisan/internal classifications
ut_tracker_2024,14,2024,,,,Emerson College Polling/The Hill/Nexstar,,,2024-09-22,2024-09-24,2024-11-05,950,LV,LV,,Colin Allred,Ted Cruz,45.0,49.0,,9/22-9/24/2024,3.1%,Cruz +4,https://emersoncollegepolling.com/september-2024-texas-poll-trump-51-harris-46cruz-49-allred-45/,,,,,,,pending,publication_date_unavailable,Rahan-confirmed general-election date (2026-10-05),unknown,,Source does not supply partisan/internal classifications
ut_tracker_2024,15,2024,,,,Texas Hispanic Policy Foundation,,,2024-09-13,2024-09-19,2024-11-05,1200,LV,LV,,Colin Allred,Ted Cruz,45.0,48.0,,9/13-9/19/2024,2.83%,Cruz +3,https://www.txhpf.org/2024/09/23/texas-hispanic-policy-foundation-survey-shows-trump-leads-harris-by-only-6-among-all-texas-likely-voters-with-44-days-left-until-election-day/,,,,,,,pending,publication_date_unavailable,Rahan-confirmed general-election date (2026-10-05),unknown,,Source does not supply partisan/internal classifications
ut_tracker_2024,16,2024,,,,Morning Consult,,,2024-09-09,2024-09-18,2024-11-05,2716,LV,LV,,Colin Allred,Ted Cruz,45.0,44.0,,9/9-9/18/2024,,Allred +1,https://pro.morningconsult.com/trackers/2024-election-state-polls,,,,,,,pending,publication_date_unavailable;missing_moe;release_url_shared_across_labels,Rahan-confirmed general-election date (2026-10-05),unknown,,Source does not supply partisan/internal classifications
ut_tracker_2024,17,2024,,,,Emerson College/Nexstar,,,2024-09-03,2024-09-05,2024-11-05,845,LV,LV,,Colin Allred,Ted Cruz,44.0,48.0,,9/3-9/5/2024,3.3%,Cruz +4,https://emersoncollegepolling.com/september-state-polling-california-florida-ohio-texas/,,,,,,,pending,publication_date_unavailable,Rahan-confirmed general-election date (2026-10-05),unknown,,Source does not supply partisan/internal classifications
ut_tracker_2024,18,2024,,,,Morning Consult,,,2024-08-30,2024-09-08,2024-11-05,2940,LV,LV,,Colin Allred,Ted Cruz,42.0,47.0,,8/30-9/8/2024,,Cruz +5,https://pro.morningconsult.com/trackers/2024-election-state-polls,,,,,,,pending,publication_date_unavailable;missing_moe;release_url_shared_across_labels,Rahan-confirmed general-election date (2026-10-05),unknown,,Source does not supply partisan/internal classifications
ut_tracker_2024,19,2024,,,,UT/Texas Politics Project,,,2024-08-23,2024-08-31,2024-11-05,1200,RV,RV,,Colin Allred,Ted Cruz,36.0,44.0,,8/23-8/31/2024,2.83%,Cruz +8,https://texaspolitics.utexas.edu/blog/donald-trump-maintains-lead-texas-kamala-harris-narrows-gap-amidst-surge-democratic-enthusiasm,,,,,,,pending,publication_date_unavailable,Rahan-confirmed general-election date (2026-10-05),unknown,,Source does not supply partisan/internal classifications
ut_tracker_2024,20,2024,,,,Texas Public Opinion Research/Lake Research Partners,,,,,2024-11-05,800,RV,RV,,Colin Allred,Ted Cruz,43.0,47.0,,8/24/8/29/2024,3.5%,Cruz +4,https://drive.google.com/drive/folders/18ie7PYwsYi-lF1vf289cFjjFcyGGqUlb?usp=sharing,,,,,,,pending,publication_date_unavailable;unparsed_field_dates,Rahan-confirmed general-election date (2026-10-05),unknown,,Source does not supply partisan/internal classifications
ut_tracker_2024,21,2024,,,,Activote,,,2024-08-13,2024-08-29,2024-11-05,400,LV,LV,,Colin Allred,Ted Cruz,44.8,55.2,,8/13-8/29/2024,4.9%,Cruz +10,https://www.activote.net/cruz-extends-lead-in-texas/,,,,,,,pending,publication_date_unavailable;spread_mismatch,Rahan-confirmed general-election date (2026-10-05),unknown,,Source does not supply partisan/internal classifications
ut_tracker_2024,22,2024,,,,Clean and Prosperous America PAC/Public Policy Polling,,,2024-08-21,2024-08-22,2024-11-05,725,RV,RV,,Colin Allred,Ted Cruz,45.0,47.0,,8/21-8/22/2024,3.6%,Cruz +2,https://t.co/yu65XeV28N,,,,,,,pending,publication_date_unavailable,Rahan-confirmed general-election date (2026-10-05),unknown,,Source does not supply partisan/internal classifications
ut_tracker_2024,23,2024,,,,University of Houston/Texas Southern University,,,2024-08-05,2024-08-16,2024-11-05,1365,LV,LV,,Colin Allred,Ted Cruz,44.5,46.6,,8/5-8/16/2024,2.65%,Cruz +2,https://uh.edu/hobby/txtrends/election2.pdf,,,,,,,pending,publication_date_unavailable;spread_mismatch,Rahan-confirmed general-election date (2026-10-05),unknown,,Source does not supply partisan/internal classifications
ut_tracker_2024,24,2024,,,,University of Houston/Texas Southern University,,,2024-06-20,2024-07-01,2024-11-05,1484,LV,LV,,Colin Allred,Ted Cruz,44.0,47.0,,6/20-7/1/2024,2.1%,Cruz +3,https://uh.edu/hobby/txtrends/2024/,,,,,,,pending,publication_date_unavailable,Rahan-confirmed general-election date (2026-10-05),unknown,,Source does not supply partisan/internal classifications
ut_tracker_2024,25,2024,,,,Manhattan Institute,,,2024-06-25,2024-06-27,2024-11-05,600,LV,LV,,Colin Allred,Ted Cruz,43.0,46.0,,6/25-6/27/2024,4.00%,Cruz +3,https://manhattan.institute/article/testing-texas,,,,,,,pending,publication_date_unavailable,Rahan-confirmed general-election date (2026-10-05),unknown,,Source does not supply partisan/internal classifications
ut_tracker_2024,26,2024,,,,University of Texas at Tyler Center for Opinion Research,,,2024-06-11,2024-06-20,2024-11-05,931,LV,LV,,Colin Allred,Ted Cruz,42.0,45.0,,6/11-6/20/2024,3.80%,Cruz +3,http://www.uttyler.edu/academics/colleges-schools/arts-sciences/departments/political-science/files/pollingcenter/center-for-opinion-research-june-2024-poll.pdf,,,,,,,pending,publication_date_unavailable,Rahan-confirmed general-election date (2026-10-05),unknown,,Source does not supply partisan/internal classifications
ut_tracker_2024,27,2024,,,,University of Texas at Tyler Center for Opinion Research,,,2024-06-11,2024-06-20,2024-11-05,1144,RV,RV,,Colin Allred,Ted Cruz,39.0,43.0,,6/11-6/20/2024,3.70%,Cruz +4,https://www.uttyler.edu/academics/colleges-schools/arts-sciences/departments/political-science/files/pollingcenter/center-for-opinion-research-june-2024-poll.pdf,,,,,,,pending,publication_date_unavailable,Rahan-confirmed general-election date (2026-10-05),unknown,,Source does not supply partisan/internal classifications
ut_tracker_2024,28,2024,,,,UT/Texas Politics Project,,,2024-05-31,2024-06-09,2024-11-05,1200,RV,RV,,Colin Allred,Ted Cruz,34.0,45.0,,5/31-6/9/2024,2.83%,Cruz +11,https://texaspolitics.utexas.edu/blog/most-gop-voters-say-former-president-didn%E2%80%99t-get-fair-trial-new-york-trump-maintains-46-39-lead,,,,,,,pending,publication_date_unavailable,Rahan-confirmed general-election date (2026-10-05),unknown,,Source does not supply partisan/internal classifications
ut_tracker_2024,29,2024,,,,UT/Texas Politics Project,,,2024-04-12,2024-04-22,2024-11-05,1200,RV,RV,,Colin Allred,Ted Cruz,33.0,46.0,,4/12-4/22/2024,2.83%,Cruz +13,https://texaspolitics.utexas.edu/blog/new-university-texastexas-politics-project-poll-trump-maintains-48-40-lead-over-biden-head-head,,,,,,,pending,publication_date_unavailable,Rahan-confirmed general-election date (2026-10-05),unknown,,Source does not supply partisan/internal classifications
ut_tracker_2024,30,2024,,,,Texas Lyceum Poll,,,2024-04-12,2024-04-21,2024-11-05,926,RV,RV,,Colin Allred,Ted Cruz,31.0,41.0,,4/12-4/21/2024,3.22%,Cruz +10,https://www.texaslyceum.org/lyceum-poll,,,,,,,pending,publication_date_unavailable,Rahan-confirmed general-election date (2026-10-05),unknown,,Source does not supply partisan/internal classifications
ut_tracker_2024,31,2024,,,,Texas Hispanic Public Policy Foundation,,,2024-04-05,2024-04-10,2024-11-05,1600,LV,LV,,Colin Allred,Ted Cruz,41.0,46.0,,4/5-4/10/2024,2.45%,Cruz +5,https://www.txhpf.org/2024/04/16/texas-hispanic-policy-foundation-survey-shows-trump-leads-biden-among-all-texas-likely-voters-and-hispanic-likely-voters-by-12-and-4-respectively/,,,,,,,pending,publication_date_unavailable,Rahan-confirmed general-election date (2026-10-05),unknown,,Source does not supply partisan/internal classifications
ut_tracker_2024,32,2024,,,,Marist *,,,2024-03-18,2024-03-21,2024-11-05,1117,RV,RV,,Colin Allred,Ted Cruz,45.0,51.0,,3/18-3/21/2024,3.85%,Cruz +6,https://maristpoll.marist.edu/polls/the-battleground-2024-texas/?mkt_tok=NTU2LVlFRS05NjkAAAGSGmQ8UaiKImXwIPEkG-TaswcwdQ5MMn2VkC7Q35e7APYJTu3RB64djh8yvacWbOv-JVIDhPCgKR6bm66e7BJrk3AVT9bv-pcwWbfavkpcHqFI,,,,,,,pending,publication_date_unavailable;forced_undecided_source_note,Rahan-confirmed general-election date (2026-10-05),unknown,,Source does not supply partisan/internal classifications
ut_tracker_2024,33,2024,,,,UT Tyler/Center for Opinion Research,,,2024-02-18,2024-02-26,2024-11-05,1167,RV,RV,,Colin Allred,Ted Cruz,41.0,41.0,,2/18-2/26/2024,3.2%,Tie,https://projects.fivethirtyeight.com/polls/20240229_TX_UTTyler.pdf,,,,,,,pending,publication_date_unavailable,Rahan-confirmed general-election date (2026-10-05),unknown,,Source does not supply partisan/internal classifications
ut_tracker_2024,34,2024,,,,UT/Texas Politics Project,,,2024-02-02,2024-02-12,2024-11-05,1200,RV,RV,,Colin Allred,Ted Cruz,32.0,46.0,,2/2-2/12/2024,2.83%,Cruz +14,https://texaspolitics.utexas.edu/set/presidential-trial-ballot-biden-vs-donald-trump-february-2024,,,,,,,pending,publication_date_unavailable,Rahan-confirmed general-election date (2026-10-05),unknown,,Source does not supply partisan/internal classifications
ut_tracker_2024,35,2024,,,,Emerson College,,,2024-01-13,2024-01-15,2024-11-05,1315,RV,RV,,Colin Allred,Ted Cruz,40.0,42.0,,1/13-1/15/2024,2.6%,Cruz +2,https://emersoncollegepolling.com/texas-2024-poll-allred-leads-democratic-senate-primary-plurality-are-undecided/,,,,,,,pending,publication_date_unavailable,Rahan-confirmed general-election date (2026-10-05),unknown,,Source does not supply partisan/internal classifications
ut_tracker_2024,36,2024,,,,U of Houston / Hobby School,,,2024-01-11,2024-01-24,2024-11-05,1145,RV,RV,,Colin Allred,Ted Cruz,39.0,48.0,,1/11-1/24/2024,2.5%,Cruz +9,https://uh.edu/hobby/txprimary2024/president.pdf,,,,,,,pending,publication_date_unavailable,Rahan-confirmed general-election date (2026-10-05),unknown,,Source does not supply partisan/internal classifications
ut_tracker_2024,37,2024,,,,UT/Texas Politics Project,,,2023-12-01,2023-12-10,2024-11-05,1200,RV,RV,,Colin Allred,Ted Cruz,27.0,43.0,,12/1-12/10/2023,2.83%,Cruz +16,https://texaspolitics.utexas.edu/set/presidential-trial-ballot-biden-vs-donald-trump-december-2023,,,,,,,pending,publication_date_unavailable,Rahan-confirmed general-election date (2026-10-05),unknown,,Source does not supply partisan/internal classifications
