source,source_rows,cycle,race_id,poll_id,question_id,poll_label,pollster_id,sponsors,start_date,end_date,election_date,sample_size,population,population_raw,population_full,dem_candidate,rep_candidate,dem_pct,rep_pct,candidate_answers_json,field_dates_raw,moe_raw,spread_raw,release_url,created_at_raw,notes,methodology,tracking,internal,partisan,primary_verification,flags,election_date_basis,partisan_status,partisan_party,partisanship_basis
538_archive,2585;2586,2018,121,56817,91571,Trafalgar Group,1250,,2018-11-03,2018-11-05,2018-11-06,2135,LV,lv,lv,Beto O'Rourke,Ted Cruz,43.2,52.1,"[{""candidate_id"": ""11125"", ""candidate_name"": ""Beto O'Rourke"", ""party"": ""DEM"", ""pct"": ""43.2""}, {""candidate_id"": ""11126"", ""candidate_name"": ""Ted Cruz"", ""party"": ""REP"", ""pct"": ""52.1""}]",,,,https://drive.google.com/file/d/18h31Oi90C0teXatPo1CQgpuKnee-MscF/view,11/6/18 06:40,,IVR,,false,REP,pending,mirror_not_verified_against_original;publication_date_unverified,538 archive election_date,partisan,REP,538 partisan flag
538_archive,2716;2717;2718,2018,121,56702,91332,Change Research,1365,Reason to Believe PAC,2018-11-01,2018-11-02,2018-11-06,1211,LV,lv,lv,Beto O'Rourke,Ted Cruz,49.0,49.0,"[{""candidate_id"": ""11125"", ""candidate_name"": ""Beto O'Rourke"", ""party"": ""DEM"", ""pct"": ""49.0""}, {""candidate_id"": ""11126"", ""candidate_name"": ""Ted Cruz"", ""party"": ""REP"", ""pct"": ""49.0""}, {""candidate_id"": ""11247"", ""candidate_name"": ""Neal M. Dikeman"", ""party"": ""LIB"", ""pct"": ""1.0""}]",,,,https://twitter.com/ChangePolls/status/1058740322530820097,11/3/18 11:24,,Online,,false,DEM,pending,mirror_not_verified_against_original;publication_date_unverified,538 archive election_date,partisan,DEM,538 partisan flag
538_archive,2849;2850;2851,2018,121,56632,91196,Emerson College,1102,,2018-10-28,2018-10-30,2018-11-06,781,LV,lv,lv,Beto O'Rourke,Ted Cruz,47.2,50.3,"[{""candidate_id"": ""11125"", ""candidate_name"": ""Beto O'Rourke"", ""party"": ""DEM"", ""pct"": ""47.2""}, {""candidate_id"": ""11126"", ""candidate_name"": ""Ted Cruz"", ""party"": ""REP"", ""pct"": ""50.3""}, {""candidate_id"": ""11247"", ""candidate_name"": ""Neal M. Dikeman"", ""party"": ""LIB"", ""pct"": ""1.0""}]",,,,https://www.emerson.edu/news-events/emerson-college-today/emerson-poll-west-virginia-senate-race-tightens-texas-senate-race-remains-close-republicans-look-hold-three-house-seats-wv,11/1/18 09:30,,IVR/Online,,false,,pending,mirror_not_verified_against_original;publication_date_unverified,538 archive election_date,not_flagged_partisan,,538 partisan blank and internal false
538_archive,2972;2973,2018,121,56513,90915,Quinnipiac University,396,,2018-10-22,2018-10-28,2018-11-06,1078,LV,lv,lv,Beto O'Rourke,Ted Cruz,46.0,51.0,"[{""candidate_id"": ""11125"", ""candidate_name"": ""Beto O'Rourke"", ""party"": ""DEM"", ""pct"": ""46.0""}, {""candidate_id"": ""11126"", ""candidate_name"": ""Ted Cruz"", ""party"": ""REP"", ""pct"": ""51.0""}]",,,,https://poll.qu.edu/images/polling/tx/tx10292018_tjfp53.pdf/,10/29/18 13:00,,Live Phone,,false,,pending,mirror_not_verified_against_original;publication_date_unverified,538 archive election_date,not_flagged_partisan,,538 partisan blank and internal false
538_archive,2982;2983,2018,121,56590,91092,University of Texas at Tyler,1474,,2018-10-15,2018-10-28,2018-11-06,1033,RV,rv,rv,Beto O'Rourke,Ted Cruz,42.2,46.5,"[{""candidate_id"": ""11125"", ""candidate_name"": ""Beto O'Rourke"", ""party"": ""DEM"", ""pct"": ""42.2""}, {""candidate_id"": ""11126"", ""candidate_name"": ""Ted Cruz"", ""party"": ""REP"", ""pct"": ""46.5""}]",,,,https://tylerpaper.com/news/local/ut-tyler-poll-shows-ted-cruz-leading-beto-o-rourke/article_ba27d004-dc91-11e8-8a2e-0b1de9580b62.html,10/31/18 09:16,,Live Phone/Online,,false,,pending,mirror_not_verified_against_original;publication_date_unverified;multiple_questions_same_poll,538 archive election_date,not_flagged_partisan,,538 partisan blank and internal false
538_archive,2984;2985,2018,121,56590,91093,University of Texas at Tyler,1474,,2018-10-15,2018-10-28,2018-11-06,905,LV,lv,lv,Beto O'Rourke,Ted Cruz,43.4,47.0,"[{""candidate_id"": ""11125"", ""candidate_name"": ""Beto O'Rourke"", ""party"": ""DEM"", ""pct"": ""43.4""}, {""candidate_id"": ""11126"", ""candidate_name"": ""Ted Cruz"", ""party"": ""REP"", ""pct"": ""47.0""}]",,,,https://tylerpaper.com/news/local/ut-tyler-poll-shows-ted-cruz-leading-beto-o-rourke/article_ba27d004-dc91-11e8-8a2e-0b1de9580b62.html,10/31/18 09:16,,Live Phone/Online,,false,,pending,mirror_not_verified_against_original;publication_date_unverified;multiple_questions_same_poll,538 archive election_date,not_flagged_partisan,,538 partisan blank and internal false
538_archive,3025;3026,2018,121,56562,91001,Dixie Strategies,753,KTVT-CBS 11,2018-10-25,2018-10-26,2018-11-06,588,LV,lv,lv,Beto O'Rourke,Ted Cruz,42.0,52.0,"[{""candidate_id"": ""11125"", ""candidate_name"": ""Beto O'Rourke"", ""party"": ""DEM"", ""pct"": ""42.0""}, {""candidate_id"": ""11126"", ""candidate_name"": ""Ted Cruz"", ""party"": ""REP"", ""pct"": ""52.0""}]",,,,https://dfw.cbslocal.com/2018/10/30/cruz-abbott-pull-ahead-in-latest-poll/,10/30/18 14:34,,IVR/Live Phone,,false,,pending,mirror_not_verified_against_original;publication_date_unverified,538 archive election_date,not_flagged_partisan,,538 partisan blank and internal false
538_archive,3097;3098;3099,2018,121,56386,90645,GBAO,907,End Citizens United,2018-10-18,2018-10-21,2018-11-06,1000,LV,lv,lv,Beto O'Rourke,Ted Cruz,46.0,50.0,"[{""candidate_id"": ""11125"", ""candidate_name"": ""Beto O'Rourke"", ""party"": ""DEM"", ""pct"": ""46.0""}, {""candidate_id"": ""11126"", ""candidate_name"": ""Ted Cruz"", ""party"": ""REP"", ""pct"": ""50.0""}, {""candidate_id"": ""11247"", ""candidate_name"": ""Neal M. Dikeman"", ""party"": ""LIB"", ""pct"": ""2.0""}]",,,,http://endcitizensunited.org/wp-content/uploads/2018/10/ECUTX18m1-102318-1.pdf,10/23/18 15:46,,Live Phone,,false,DEM,pending,mirror_not_verified_against_original;publication_date_unverified,538 archive election_date,partisan,DEM,538 partisan flag
538_archive,3104;3105;3106,2018,121,56481,90848,YouGov,568,Texas Tribune | University of Texas,2018-10-15,2018-10-21,2018-11-06,927,LV,lv,lv,Beto O'Rourke,Ted Cruz,45.0,51.0,"[{""candidate_id"": ""11125"", ""candidate_name"": ""Beto O'Rourke"", ""party"": ""DEM"", ""pct"": ""45.0""}, {""candidate_id"": ""11126"", ""candidate_name"": ""Ted Cruz"", ""party"": ""REP"", ""pct"": ""51.0""}, {""candidate_id"": ""11247"", ""candidate_name"": ""Neal M. Dikeman"", ""party"": ""LIB"", ""pct"": ""2.0""}]",,,,https://www.texastribune.org/2018/10/26/ut-tt-poll-ted-cruz-leads-beto-orourke-texas-senate/,10/26/18 09:01,,Online,,false,,pending,mirror_not_verified_against_original;publication_date_unverified,538 archive election_date,not_flagged_partisan,,538 partisan blank and internal false
538_archive,3181;3182,2018,121,56413,90683,Ipsos,241,Reuters | U. Virginia Center for Politics,2018-10-12,2018-10-18,2018-11-06,1298,LV,lv,lv,Beto O'Rourke,Ted Cruz,44.4,48.9,"[{""candidate_id"": ""11125"", ""candidate_name"": ""Beto O'Rourke"", ""party"": ""DEM"", ""pct"": ""44.4""}, {""candidate_id"": ""11126"", ""candidate_name"": ""Ted Cruz"", ""party"": ""REP"", ""pct"": ""48.9""}]",,,,https://www.reuters.com/article/us-usa-election-statepolls/republicans-gain-ground-in-texas-nevada-u-s-senate-races-poll-idUSKCN1MY18D,10/24/18 08:43,,Online,,false,,pending,mirror_not_verified_against_original;publication_date_unverified;multiple_questions_same_poll,538 archive election_date,not_flagged_partisan,,538 partisan blank and internal false
538_archive,3183;3184,2018,121,56413,90697,Ipsos,241,Reuters | U. Virginia Center for Politics,2018-10-12,2018-10-18,2018-11-06,2001,A,a,a,Beto O'Rourke,Ted Cruz,40.0,38.0,"[{""candidate_id"": ""11125"", ""candidate_name"": ""Beto O'Rourke"", ""party"": ""DEM"", ""pct"": ""40.0""}, {""candidate_id"": ""11126"", ""candidate_name"": ""Ted Cruz"", ""party"": ""REP"", ""pct"": ""38.0""}]",,,,https://www.ipsos.com/sites/default/files/ct/news/documents/2018-10/2018_state_topline_-_texas_final_october.pdf,10/24/18 09:21,,Online,,false,,pending,mirror_not_verified_against_original;publication_date_unverified;multiple_questions_same_poll,538 archive election_date,not_flagged_partisan,,538 partisan blank and internal false
538_archive,3248;3249;3250,2018,121,56232,90312,Tulchin Research,495,MoveOn,2018-10-10,2018-10-14,2018-11-06,600,LV,lv,lv,Beto O'Rourke,Ted Cruz,45.0,49.0,"[{""candidate_id"": ""11125"", ""candidate_name"": ""Beto O'Rourke"", ""party"": ""DEM"", ""pct"": ""45.0""}, {""candidate_id"": ""11126"", ""candidate_name"": ""Ted Cruz"", ""party"": ""REP"", ""pct"": ""49.0""}, {""candidate_id"": ""11247"", ""candidate_name"": ""Neal M. Dikeman"", ""party"": ""LIB"", ""pct"": ""3.0""}]",,,,https://drive.google.com/file/d/19yHyxK1LbyEJQOKl34jHL3Wy8iZvTU62/view,10/16/18 11:29,,Online,,false,DEM,pending,mirror_not_verified_against_original;publication_date_unverified,538 archive election_date,partisan,DEM,538 partisan flag
538_archive,3274;3275,2018,121,56237,90327,SSRS,1361,CNN,2018-10-09,2018-10-13,2018-11-06,716,LV,lv,lv,Beto O'Rourke,Ted Cruz,45.0,52.0,"[{""candidate_id"": ""11125"", ""candidate_name"": ""Beto O'Rourke"", ""party"": ""DEM"", ""pct"": ""45.0""}, {""candidate_id"": ""11126"", ""candidate_name"": ""Ted Cruz"", ""party"": ""REP"", ""pct"": ""52.0""}]",,,,http://cdn.cnn.com/cnn/2018/images/10/16/rel1_tx.pdf,10/16/18 13:36,,Live Phone,,false,,pending,mirror_not_verified_against_original;publication_date_unverified;multiple_questions_same_poll,538 archive election_date,not_flagged_partisan,,538 partisan blank and internal false
538_archive,3276;3277,2018,121,56237,90328,SSRS,1361,CNN,2018-10-09,2018-10-13,2018-11-06,862,RV,rv,rv,Beto O'Rourke,Ted Cruz,45.0,50.0,"[{""candidate_id"": ""11125"", ""candidate_name"": ""Beto O'Rourke"", ""party"": ""DEM"", ""pct"": ""45.0""}, {""candidate_id"": ""11126"", ""candidate_name"": ""Ted Cruz"", ""party"": ""REP"", ""pct"": ""50.0""}]",,,,http://cdn.cnn.com/cnn/2018/images/10/16/rel1_tx.pdf,10/16/18 13:36,,Live Phone,,false,,pending,mirror_not_verified_against_original;publication_date_unverified;multiple_questions_same_poll,538 archive election_date,not_flagged_partisan,,538 partisan blank and internal false
538_archive,3278;3279;3280,2018,121,56208,90274,WPA Intelligence,1418,Club for Growth,2018-10-08,2018-10-13,2018-11-06,801,LV,lv,lv,Beto O'Rourke,Ted Cruz,43.0,52.0,"[{""candidate_id"": ""11125"", ""candidate_name"": ""Beto O'Rourke"", ""party"": ""DEM"", ""pct"": ""43.0""}, {""candidate_id"": ""11126"", ""candidate_name"": ""Ted Cruz"", ""party"": ""REP"", ""pct"": ""52.0""}, {""candidate_id"": ""11247"", ""candidate_name"": ""Neal M. Dikeman"", ""party"": ""LIB"", ""pct"": ""1.0""}]",,,,https://www.clubforgrowth.org/wp-content/uploads/2018/10/CFGA_TXSEN_Survey_Memo_181014.pdf,10/15/18 11:19,,Live Phone,,false,REP,pending,mirror_not_verified_against_original;publication_date_unverified,538 archive election_date,partisan,REP,538 partisan flag
538_archive,3294;3295,2018,121,56090,89955,Siena College/The New York Times Upshot,1424,,2018-10-08,2018-10-11,2018-11-06,800,LV,lv,lv,Beto O'Rourke,Ted Cruz,43.19,51.25,"[{""candidate_id"": ""11125"", ""candidate_name"": ""Beto O'Rourke"", ""party"": ""DEM"", ""pct"": ""43.19""}, {""candidate_id"": ""11126"", ""candidate_name"": ""Ted Cruz"", ""party"": ""REP"", ""pct"": ""51.25""}]",,,,https://www.nytimes.com/interactive/2018/upshot/elections-poll-txsen-2.html,10/8/18 21:35,,Live Phone,,false,,pending,mirror_not_verified_against_original;publication_date_unverified;multiple_questions_same_poll,538 archive election_date,not_flagged_partisan,,538 partisan blank and internal false
538_archive,3296;3297,2018,121,56090,89956,Siena College/The New York Times Upshot,1424,,2018-10-08,2018-10-11,2018-11-06,800,RV,rv,rv,Beto O'Rourke,Ted Cruz,44.53,48.72,"[{""candidate_id"": ""11125"", ""candidate_name"": ""Beto O'Rourke"", ""party"": ""DEM"", ""pct"": ""44.53""}, {""candidate_id"": ""11126"", ""candidate_name"": ""Ted Cruz"", ""party"": ""REP"", ""pct"": ""48.72""}]",,,,https://www.nytimes.com/interactive/2018/upshot/elections-poll-txsen-2.html,10/8/18 21:35,,Live Phone,,false,,pending,mirror_not_verified_against_original;publication_date_unverified;multiple_questions_same_poll,538 archive election_date,not_flagged_partisan,,538 partisan blank and internal false
538_archive,3326;3327,2018,121,56154,90142,Quinnipiac University,396,,2018-10-03,2018-10-09,2018-11-06,730,LV,lv,lv,Beto O'Rourke,Ted Cruz,45.0,54.0,"[{""candidate_id"": ""11125"", ""candidate_name"": ""Beto O'Rourke"", ""party"": ""DEM"", ""pct"": ""45.0""}, {""candidate_id"": ""11126"", ""candidate_name"": ""Ted Cruz"", ""party"": ""REP"", ""pct"": ""54.0""}]",,,,https://poll.qu.edu/poll-release-legacy?releaseid=2578,10/11/18 10:58,,Live Phone,,false,,pending,mirror_not_verified_against_original;publication_date_unverified,538 archive election_date,not_flagged_partisan,,538 partisan blank and internal false
538_archive,3385;3386,2018,121,56077,89936,YouGov,568,CBS News,2018-10-02,2018-10-05,2018-11-06,881,LV,lv,lv,Beto O'Rourke,Ted Cruz,44.0,50.0,"[{""candidate_id"": ""11125"", ""candidate_name"": ""Beto O'Rourke"", ""party"": ""DEM"", ""pct"": ""44.0""}, {""candidate_id"": ""11126"", ""candidate_name"": ""Ted Cruz"", ""party"": ""REP"", ""pct"": ""50.0""}]",,,,https://d25d2506sfb94s.cloudfront.net/cumulus_uploads/document/0f3cqnuscn/cbs_20181007_TX_final.pdf,10/7/18 10:46,,Online,,false,,pending,mirror_not_verified_against_original;publication_date_unverified,538 archive election_date,not_flagged_partisan,,538 partisan blank and internal false
538_archive,3387;3388,2018,121,56079,89940,Emerson College,1102,,2018-10-01,2018-10-05,2018-11-06,500,LV,lv,lv,Beto O'Rourke,Ted Cruz,42.4,47.0,"[{""candidate_id"": ""11125"", ""candidate_name"": ""Beto O'Rourke"", ""party"": ""DEM"", ""pct"": ""42.4""}, {""candidate_id"": ""11126"", ""candidate_name"": ""Ted Cruz"", ""party"": ""REP"", ""pct"": ""47.0""}]",,,,https://www.emerson.edu/news-events/emerson-college-today/emerson-e-poll-cruz-extends-texas-us-senate-race-abbott-cruises-governor-race,10/8/18 09:05,,IVR/Online,,false,,pending,mirror_not_verified_against_original;publication_date_unverified,538 archive election_date,not_flagged_partisan,,538 partisan blank and internal false
538_archive,3581;3582,2018,121,54134,87618,Public Policy Polling,383,Protect Our Care,2018-09-19,2018-09-20,2018-11-06,613,V,v,v,Beto O'Rourke,Ted Cruz,45.0,48.0,"[{""candidate_id"": ""11125"", ""candidate_name"": ""Beto O'Rourke"", ""party"": ""DEM"", ""pct"": ""45.0""}, {""candidate_id"": ""11126"", ""candidate_name"": ""Ted Cruz"", ""party"": ""REP"", ""pct"": ""48.0""}]",,,,https://www.protectourcare.org/new-poll-texas-senate-race/,9/20/18 17:16,,,,false,DEM,pending,mirror_not_verified_against_original;publication_date_unverified;nonstandard_population;multiple_questions_same_poll,538 archive election_date,partisan,DEM,538 partisan flag
538_archive,3583;3584,2018,121,54134,87638,Public Policy Polling,383,Protect Our Care,2018-09-19,2018-09-20,2018-11-06,603,V,v,v,Beto O'Rourke,Ted Cruz,46.0,49.0,"[{""candidate_id"": ""11125"", ""candidate_name"": ""Beto O'Rourke"", ""party"": ""DEM"", ""pct"": ""46.0""}, {""candidate_id"": ""11126"", ""candidate_name"": ""Ted Cruz"", ""party"": ""REP"", ""pct"": ""49.0""}]",,,,http://endcitizensunited.org/wp-content/uploads/2018/09/Texas-Results.pdf,9/21/18 14:30,,,,false,DEM,pending,mirror_not_verified_against_original;publication_date_unverified;nonstandard_population;multiple_questions_same_poll,538 archive election_date,partisan,DEM,538 partisan flag
538_archive,3634;3635,2018,121,54114,87471,Vox Populi Polling,537,,2018-09-16,2018-09-18,2018-11-06,508,LV,lv,lv,Beto O'Rourke,Ted Cruz,50.0,50.0,"[{""candidate_id"": ""11125"", ""candidate_name"": ""Beto O'Rourke"", ""party"": ""DEM"", ""pct"": ""50.0""}, {""candidate_id"": ""11126"", ""candidate_name"": ""Ted Cruz"", ""party"": ""REP"", ""pct"": ""50.0""}]",,,,https://voxpoppolling.com/wp-content/uploads/2018/09/TX-Statewide-Survey-Toplines-Sept.-2018.pdf,9/20/18 14:43,,IVR/Online,,false,,pending,mirror_not_verified_against_original;publication_date_unverified,538 archive election_date,not_flagged_partisan,,538 partisan blank and internal false
538_archive,3650;3651,2018,121,54073,87278,Quinnipiac University,396,,2018-09-11,2018-09-17,2018-11-06,807,LV,lv,lv,Beto O'Rourke,Ted Cruz,45.0,54.0,"[{""candidate_id"": ""11125"", ""candidate_name"": ""Beto O'Rourke"", ""party"": ""DEM"", ""pct"": ""45.0""}, {""candidate_id"": ""11126"", ""candidate_name"": ""Ted Cruz"", ""party"": ""REP"", ""pct"": ""54.0""}]",,,,https://poll.qu.edu/poll-release-legacy?releaseid=2570,9/18/18 14:02,,Live Phone,,false,,pending,mirror_not_verified_against_original;publication_date_unverified,538 archive election_date,not_flagged_partisan,,538 partisan blank and internal false
538_archive,3694;3695,2018,121,54091,87435,Ipsos,241,Reuters | U. Virginia Center for Politics,2018-09-06,2018-09-14,2018-11-06,992,LV,lv,lv,Beto O'Rourke,Ted Cruz,47.0,45.0,"[{""candidate_id"": ""11125"", ""candidate_name"": ""Beto O'Rourke"", ""party"": ""DEM"", ""pct"": ""47.0""}, {""candidate_id"": ""11126"", ""candidate_name"": ""Ted Cruz"", ""party"": ""REP"", ""pct"": ""45.0""}]",,,,https://www.ipsos.com/en-us/news-polls/election-data-CA-FL-TX-NV-AZ,9/19/18 09:12,,Online,,false,,pending,mirror_not_verified_against_original;publication_date_unverified;multiple_questions_same_poll,538 archive election_date,not_flagged_partisan,,538 partisan blank and internal false
538_archive,3696;3697,2018,121,54091,90202,Ipsos,241,Reuters | U. Virginia Center for Politics,2018-09-06,2018-09-14,2018-11-06,2000,A,a,a,Beto O'Rourke,Ted Cruz,39.0,36.0,"[{""candidate_id"": ""11125"", ""candidate_name"": ""Beto O'Rourke"", ""party"": ""DEM"", ""pct"": ""39.0""}, {""candidate_id"": ""11126"", ""candidate_name"": ""Ted Cruz"", ""party"": ""REP"", ""pct"": ""36.0""}]",,,,https://www.ipsos.com/en-us/news-polls/election-data-CA-FL-TX-NV-AZ,10/12/18 14:46,,Online,,false,,pending,mirror_not_verified_against_original;publication_date_unverified;multiple_questions_same_poll,538 archive election_date,not_flagged_partisan,,538 partisan blank and internal false
538_archive,3719;3720,2018,121,54167,87696,Chism Strategies,1015,Reform Austin,2018-09-11,2018-09-12,2018-11-06,1161,LV,lv,lv,Beto O'Rourke,Ted Cruz,45.4,49.4,"[{""candidate_id"": ""11125"", ""candidate_name"": ""Beto O'Rourke"", ""party"": ""DEM"", ""pct"": ""45.4""}, {""candidate_id"": ""11126"", ""candidate_name"": ""Ted Cruz"", ""party"": ""REP"", ""pct"": ""49.4""}]",,,,https://www.reformaustin.org/2018/09/21/tx-poll-cruz-holds-close-lead-in-senate-race/,9/21/18 18:04,,,,false,DEM,pending,mirror_not_verified_against_original;publication_date_unverified,538 archive election_date,partisan,DEM,538 partisan flag
538_archive,3780;3781,2018,121,53956,86823,Crosswind Media & Public Relations,1226,,2018-09-06,2018-09-09,2018-11-06,800,LV,lv,lv,Beto O'Rourke,Ted Cruz,44.0,47.0,"[{""candidate_id"": ""11125"", ""candidate_name"": ""Beto O'Rourke"", ""party"": ""DEM"", ""pct"": ""44.0""}, {""candidate_id"": ""11126"", ""candidate_name"": ""Ted Cruz"", ""party"": ""REP"", ""pct"": ""47.0""}]",,,,https://crosswindpr.com/texas-poll-shows-beto-orourke-gaining-ground-as-ted-cruz-hangs-on-to-a-slim-3-lead/,9/11/18 21:27,I emailed them for a full copy. -Nathaniel,,,false,,pending,mirror_not_verified_against_original;publication_date_unverified,538 archive election_date,not_flagged_partisan,,538 partisan blank and internal false
538_archive,3794;3795;3796,2018,121,53971,86858,Dixie Strategies,753,KTVT-CBS 11,2018-09-06,2018-09-07,2018-11-06,519,LV,lv,lv,Beto O'Rourke,Ted Cruz,41.74,45.87,"[{""candidate_id"": ""11125"", ""candidate_name"": ""Beto O'Rourke"", ""party"": ""DEM"", ""pct"": ""41.74""}, {""candidate_id"": ""11126"", ""candidate_name"": ""Ted Cruz"", ""party"": ""REP"", ""pct"": ""45.87""}, {""candidate_id"": ""11247"", ""candidate_name"": ""Neal M. Dikeman"", ""party"": ""LIB"", ""pct"": ""1.28""}]",,,,https://dfw.cbslocal.com/2018/09/12/cruz-clings-to-small-lead-in-texas/,9/12/18 16:16,,IVR/Live Phone,,false,,pending,mirror_not_verified_against_original;publication_date_unverified,538 archive election_date,not_flagged_partisan,,538 partisan blank and internal false
538_archive,3876;3877,2018,121,53776,86415,Emerson College,1102,,2018-08-22,2018-08-25,2018-11-06,550,RV,rv,rv,Beto O'Rourke,Ted Cruz,37.2,37.8,"[{""candidate_id"": ""11125"", ""candidate_name"": ""Beto O'Rourke"", ""party"": ""DEM"", ""pct"": ""37.2""}, {""candidate_id"": ""11126"", ""candidate_name"": ""Ted Cruz"", ""party"": ""REP"", ""pct"": ""37.8""}]",,,,https://www.emerson.edu/sites/default/files/Files/Academics/ecp-tx-aug2018-pr.pdf,8/27/18 10:20,,IVR/Online,,false,,pending,mirror_not_verified_against_original;publication_date_unverified,538 archive election_date,not_flagged_partisan,,538 partisan blank and internal false
538_archive,3912;3913,2018,121,53736,86236,Marist College,1205,NBC News,2018-08-12,2018-08-16,2018-11-06,759,RV,rv,rv,Beto O'Rourke,Ted Cruz,45.0,49.0,"[{""candidate_id"": ""11125"", ""candidate_name"": ""Beto O'Rourke"", ""party"": ""DEM"", ""pct"": ""45.0""}, {""candidate_id"": ""11126"", ""candidate_name"": ""Ted Cruz"", ""party"": ""REP"", ""pct"": ""49.0""}]",,,,https://www.nbcnews.com/politics/first-read/poll-democrat-o-rourke-trails-ted-cruz-just-four-percentage-n902946,8/22/18 17:27,,Live Phone,,false,,pending,mirror_not_verified_against_original;publication_date_unverified,538 archive election_date,not_flagged_partisan,,538 partisan blank and internal false
538_archive,3935;3936,2018,121,72925,136809,Civiqs,1447,,2018-08-08,2018-08-11,2018-11-06,,,,,Beto O'Rourke,Ted Cruz,48.0,47.0,"[{""candidate_id"": ""11125"", ""candidate_name"": ""Beto O'Rourke"", ""party"": ""DEM"", ""pct"": ""48.0""}, {""candidate_id"": ""11126"", ""candidate_name"": ""Ted Cruz"", ""party"": ""REP"", ""pct"": ""47.0""}]",,,,,11/10/20 13:02,,,,false,,pending,mirror_not_verified_against_original;publication_date_unverified;missing_sample_size;missing_population;missing_release_url,538 archive election_date,not_flagged_partisan,,538 partisan blank and internal false
538_archive,3962;3963,2018,121,53476,85660,Public Policy Polling,383,End Citizens United,2018-08-01,2018-08-02,2018-11-06,797,V,v,v,Beto O'Rourke,Ted Cruz,42.0,46.0,"[{""candidate_id"": ""11125"", ""candidate_name"": ""Beto O'Rourke"", ""party"": ""DEM"", ""pct"": ""42.0""}, {""candidate_id"": ""11126"", ""candidate_name"": ""Ted Cruz"", ""party"": ""REP"", ""pct"": ""46.0""}]",,,,https://www.texastribune.org/theblast/2018/08/03/,8/3/18 13:05,DEM,IVR/Online,,false,DEM,pending,mirror_not_verified_against_original;publication_date_unverified;nonstandard_population,538 archive election_date,partisan,DEM,538 partisan flag
538_archive,3979;3980,2018,121,53463,84641,Quinnipiac University,396,,2018-07-26,2018-07-31,2018-11-06,1118,RV,rv,rv,Beto O'Rourke,Ted Cruz,43.0,49.0,"[{""candidate_id"": ""11125"", ""candidate_name"": ""Beto O'Rourke"", ""party"": ""DEM"", ""pct"": ""43.0""}, {""candidate_id"": ""11126"", ""candidate_name"": ""Ted Cruz"", ""party"": ""REP"", ""pct"": ""49.0""}]",,,,https://poll.qu.edu/poll-release-legacy?releaseid=2559,8/1/18 12:55,,Live Phone,,false,,pending,mirror_not_verified_against_original;publication_date_unverified,538 archive election_date,not_flagged_partisan,,538 partisan blank and internal false
538_archive,4006;4007;4008,2018,121,53466,84648,Texas Lyceum,610,,2018-07-09,2018-07-25,2018-11-06,806,RV,rv,rv,Beto O'Rourke,Ted Cruz,34.0,36.0,"[{""candidate_id"": ""11125"", ""candidate_name"": ""Beto O'Rourke"", ""party"": ""DEM"", ""pct"": ""34.0""}, {""candidate_id"": ""11126"", ""candidate_name"": ""Ted Cruz"", ""party"": ""REP"", ""pct"": ""36.0""}, {""candidate_id"": ""11247"", ""candidate_name"": ""Neal M. Dikeman"", ""party"": ""LIB"", ""pct"": ""3.0""}]",,,,https://www.texaslyceum.org/page-18271,8/1/18 13:21,,Live Phone/Online,,false,,pending,mirror_not_verified_against_original;publication_date_unverified;multiple_questions_same_poll,538 archive election_date,not_flagged_partisan,,538 partisan blank and internal false
538_archive,4009;4010;4011,2018,121,53466,84649,Texas Lyceum,610,,2018-07-09,2018-07-25,2018-11-06,441,LV,lv,lv,Beto O'Rourke,Ted Cruz,39.0,41.0,"[{""candidate_id"": ""11125"", ""candidate_name"": ""Beto O'Rourke"", ""party"": ""DEM"", ""pct"": ""39.0""}, {""candidate_id"": ""11126"", ""candidate_name"": ""Ted Cruz"", ""party"": ""REP"", ""pct"": ""41.0""}, {""candidate_id"": ""11247"", ""candidate_name"": ""Neal M. Dikeman"", ""party"": ""LIB"", ""pct"": ""1.0""}]",,,,https://www.texaslyceum.org/page-18271,8/1/18 13:21,,Live Phone/Online,,false,,pending,mirror_not_verified_against_original;publication_date_unverified;multiple_questions_same_poll,538 archive election_date,not_flagged_partisan,,538 partisan blank and internal false
538_archive,4050;4051,2018,121,52801,83444,Gravis Marketing,801,,2018-07-03,2018-07-07,2018-11-06,602,LV,lv,lv,Beto O'Rourke,Ted Cruz,42.0,51.0,"[{""candidate_id"": ""11125"", ""candidate_name"": ""Beto O'Rourke"", ""party"": ""DEM"", ""pct"": ""42.0""}, {""candidate_id"": ""11126"", ""candidate_name"": ""Ted Cruz"", ""party"": ""REP"", ""pct"": ""51.0""}]",,,,https://www.scribd.com/document/383517600/Texas-2c-July-8-2c-2018#from_embed,7/9/18 14:01,,IVR/Online,,false,,pending,mirror_not_verified_against_original;publication_date_unverified,538 archive election_date,not_flagged_partisan,,538 partisan blank and internal false
538_archive,4256;4257,2018,121,52737,83322,YouGov,568,CBS News,2018-06-19,2018-06-22,2018-11-06,1025,RV,rv,rv,Beto O'Rourke,Ted Cruz,36.0,44.0,"[{""candidate_id"": ""11125"", ""candidate_name"": ""Beto O'Rourke"", ""party"": ""DEM"", ""pct"": ""36.0""}, {""candidate_id"": ""11126"", ""candidate_name"": ""Ted Cruz"", ""party"": ""REP"", ""pct"": ""44.0""}]",,,,https://drive.google.com/file/d/0ByVu4fDHYJgVQlR4eDZDQlFnRFYtTHBmemFpUDVvS081Skc4/view,6/28/18 11:32,,Online,,false,,pending,mirror_not_verified_against_original;publication_date_unverified;multiple_questions_same_poll,538 archive election_date,not_flagged_partisan,,538 partisan blank and internal false
538_archive,4258;4259,2018,121,52737,83323,YouGov,568,CBS News,2018-06-19,2018-06-22,2018-11-06,821,LV,lv,lv,Beto O'Rourke,Ted Cruz,40.0,50.0,"[{""candidate_id"": ""11125"", ""candidate_name"": ""Beto O'Rourke"", ""party"": ""DEM"", ""pct"": ""40.0""}, {""candidate_id"": ""11126"", ""candidate_name"": ""Ted Cruz"", ""party"": ""REP"", ""pct"": ""50.0""}]",,,,https://drive.google.com/file/d/0ByVu4fDHYJgVQlR4eDZDQlFnRFYtTHBmemFpUDVvS081Skc4/view,6/28/18 11:33,,Online,,false,,pending,mirror_not_verified_against_original;publication_date_unverified;multiple_questions_same_poll,538 archive election_date,not_flagged_partisan,,538 partisan blank and internal false
538_archive,4305;4306;4307,2018,121,52735,83318,YouGov,568,Texas Tribune | University of Texas,2018-06-08,2018-06-17,2018-11-06,1200,RV,rv,rv,Beto O'Rourke,Ted Cruz,36.0,41.0,"[{""candidate_id"": ""11125"", ""candidate_name"": ""Beto O'Rourke"", ""party"": ""DEM"", ""pct"": ""36.0""}, {""candidate_id"": ""11126"", ""candidate_name"": ""Ted Cruz"", ""party"": ""REP"", ""pct"": ""41.0""}, {""candidate_id"": ""11247"", ""candidate_name"": ""Neal M. Dikeman"", ""party"": ""LIB"", ""pct"": ""2.0""}]",,,,https://www.texastribune.org/2018/06/25/ted-cruz-beto-orourke-poll-5-points-texas-senate-race-uttt/?utm_source=Atlas+Clips+-+Political&utm_campaign=e63d17ff0f-EMAIL_CAMPAIGN_2018_06_25_02_26&utm_medium=email&utm_term=0_ee77c6e4bd-e63d17ff0f-313135013,6/28/18 07:52,,Online,,false,,pending,mirror_not_verified_against_original;publication_date_unverified,538 archive election_date,not_flagged_partisan,,538 partisan blank and internal false
538_archive,4340;4341,2018,121,53682,86145,GQR,187,End Citizens United,2018-05-29,2018-06-05,2018-11-06,1000,LV,lv,lv,Beto O'Rourke,Ted Cruz,43.0,49.0,"[{""candidate_id"": ""11125"", ""candidate_name"": ""Beto O'Rourke"", ""party"": ""DEM"", ""pct"": ""43.0""}, {""candidate_id"": ""11126"", ""candidate_name"": ""Ted Cruz"", ""party"": ""REP"", ""pct"": ""49.0""}]",,,,http://endcitizensunited.org/wp-content/uploads/2018/06/Texas-Senate-Public-Memo-061418.pdf,8/21/18 00:59,,,,false,DEM,pending,mirror_not_verified_against_original;publication_date_unverified,538 archive election_date,partisan,DEM,538 partisan flag
538_archive,4354;4355,2018,121,52597,83157,Quinnipiac University,396,,2018-05-23,2018-05-29,2018-11-06,961,RV,rv,rv,Beto O'Rourke,Ted Cruz,39.0,50.0,"[{""candidate_id"": ""11125"", ""candidate_name"": ""Beto O'Rourke"", ""party"": ""DEM"", ""pct"": ""39.0""}, {""candidate_id"": ""11126"", ""candidate_name"": ""Ted Cruz"", ""party"": ""REP"", ""pct"": ""50.0""}]",,,,https://poll.qu.edu/poll-release-legacy?releaseid=2542,6/22/18 15:19,,Live Phone,,false,,pending,mirror_not_verified_against_original;publication_date_unverified,538 archive election_date,not_flagged_partisan,,538 partisan blank and internal false
538_archive,4356;4357,2018,121,52776,83388,Baselice & Associates,47,Texans for Lawsuit Reform PAC,2018-05-21,2018-05-28,2018-11-06,601,LV,lv,lv,Beto O'Rourke,Ted Cruz,36.0,48.0,"[{""candidate_id"": ""11125"", ""candidate_name"": ""Beto O'Rourke"", ""party"": ""DEM"", ""pct"": ""36.0""}, {""candidate_id"": ""11126"", ""candidate_name"": ""Ted Cruz"", ""party"": ""REP"", ""pct"": ""48.0""}]",,,,https://www.tlrpac.com/press-release/poll-shows-texas-voters-continue-support-reform-minded-candidates,7/3/18 14:10,,,,false,REP,pending,mirror_not_verified_against_original;publication_date_unverified,538 archive election_date,partisan,REP,538 partisan flag
538_archive,4370;4371,2018,121,52632,83161,Public Policy Polling,383,Giffords,2018-05-21,2018-05-22,2018-11-06,861,V,v,v,Beto O'Rourke,Ted Cruz,42.0,48.0,"[{""candidate_id"": ""11125"", ""candidate_name"": ""Beto O'Rourke"", ""party"": ""DEM"", ""pct"": ""42.0""}, {""candidate_id"": ""11126"", ""candidate_name"": ""Ted Cruz"", ""party"": ""REP"", ""pct"": ""48.0""}]",,,,https://www.scribd.com/document/381154820/PPP-poll-of-TX-SEN-for-Giffords,6/22/18 15:22,,,,false,DEM,pending,mirror_not_verified_against_original;publication_date_unverified;nonstandard_population,538 archive election_date,partisan,DEM,538 partisan flag
538_archive,4372;4373;4374,2018,121,52596,83156,JMC Analytics,621,Red Metrics Group,2018-05-19,2018-05-21,2018-11-06,575,LV,lv,lv,Beto O'Rourke,Ted Cruz,40.0,47.0,"[{""candidate_id"": ""11125"", ""candidate_name"": ""Beto O'Rourke"", ""party"": ""DEM"", ""pct"": ""40.0""}, {""candidate_id"": ""11126"", ""candidate_name"": ""Ted Cruz"", ""party"": ""REP"", ""pct"": ""47.0""}, {""candidate_id"": ""11127"", ""candidate_name"": ""Jonathan Jenkins"", ""party"": ""IND"", ""pct"": ""6.0""}]",,,,http://winwithjmc.com/wp-content/uploads/2018/05/Texas-Executive-Summary.pdf,6/22/18 15:18,,IVR,,false,REP,pending,mirror_not_verified_against_original;publication_date_unverified,538 archive election_date,partisan,REP,538 partisan flag
538_archive,4426;4427,2018,121,52598,83158,Quinnipiac University,396,,2018-04-12,2018-04-17,2018-11-06,1029,RV,rv,rv,Beto O'Rourke,Ted Cruz,44.0,47.0,"[{""candidate_id"": ""11125"", ""candidate_name"": ""Beto O'Rourke"", ""party"": ""DEM"", ""pct"": ""44.0""}, {""candidate_id"": ""11126"", ""candidate_name"": ""Ted Cruz"", ""party"": ""REP"", ""pct"": ""47.0""}]",,,,https://poll.qu.edu/poll-release-legacy?releaseid=2536,6/22/18 15:19,,Live Phone,,false,,pending,mirror_not_verified_against_original;publication_date_unverified,538 archive election_date,not_flagged_partisan,,538 partisan blank and internal false
538_archive,4534;4535,2018,121,53681,86144,Public Policy Polling,383,End Citizens United,2018-01-17,2018-01-18,2018-11-06,757,V,v,v,Beto O'Rourke,Ted Cruz,37.0,45.0,"[{""candidate_id"": ""11125"", ""candidate_name"": ""Beto O'Rourke"", ""party"": ""DEM"", ""pct"": ""37.0""}, {""candidate_id"": ""11126"", ""candidate_name"": ""Ted Cruz"", ""party"": ""REP"", ""pct"": ""45.0""}]",,,,http://endcitizensunited.org/press-releases/new-poll-texas-senate-race-within-single-digits/,8/21/18 00:59,,,,false,DEM,pending,mirror_not_verified_against_original;publication_date_unverified;nonstandard_population,538 archive election_date,partisan,DEM,538 partisan flag
538_archive,4548;4549,2018,121,52631,83160,WPA Intelligence,1418,,2017-12-12,2017-12-14,2018-11-06,600,LV,lv,lv,Beto O'Rourke,Ted Cruz,34.0,52.0,"[{""candidate_id"": ""11125"", ""candidate_name"": ""Beto O'Rourke"", ""party"": ""DEM"", ""pct"": ""34.0""}, {""candidate_id"": ""11126"", ""candidate_name"": ""Ted Cruz"", ""party"": ""REP"", ""pct"": ""52.0""}]",,,,https://www.houstonchronicle.com/news/politics/article/GOP-study-Ted-Cruz-begins-2018-Senate-race-with-12467377.php?utm_campaign=twitter-premium&utm_source=CMS%2520Sharing%2520Button&utm_medium=social&utm_campaign=twitter-premium&utm_source=CMS%2520Sharing%2520Button&utm_medium=social,6/22/18 15:21,,,,true,REP,pending,mirror_not_verified_against_original;publication_date_unverified,538 archive election_date,partisan,REP,538 partisan flag
538_archive,4590;4591,2018,121,52630,83159,Texas Lyceum,610,,2017-04-03,2017-04-09,2018-11-06,1000,A,a,a,Beto O'Rourke,Ted Cruz,30.0,30.0,"[{""candidate_id"": ""11125"", ""candidate_name"": ""Beto O'Rourke"", ""party"": ""DEM"", ""pct"": ""30.0""}, {""candidate_id"": ""11126"", ""candidate_name"": ""Ted Cruz"", ""party"": ""REP"", ""pct"": ""30.0""}]",,,,https://www.texaslyceum.org/resources/Pictures/2017%20Topline%20Results.pdf,6/22/18 15:20,,Live Phone,,false,,pending,mirror_not_verified_against_original;publication_date_unverified,538 archive election_date,not_flagged_partisan,,538 partisan blank and internal false
