inventory_id,year,state_po,office,district,stage,special,mode,source_rows,row_count,named_candidate_count,candidate_names_json,party_labels_json,reported_totals_json,sum_source_row_votes,reported_total,sum_minus_reported_total,unofficial_values_json,flags
medsl-v8-group-001,2022,AK,US SENATE,statewide,gen,false,total,3634;3635;3636;3637;3638,5,5,"[""CHESBRO, PATRICIA R."", ""KELLEY, BUZZ A."", ""MURKOWSKI, LISA"", ""OVERVOTES"", ""TSHIBAKA, KELLY C.""]","[""""]","[""263526.0""]",263526,263526,0,"[""False""]",election_date_unavailable;round_definition_unverified
medsl-v8-group-002,2022,AL,US SENATE,statewide,gen,false,total,3630;3631;3632;3633,4,4,"[""JOHN SOPHOCLEUS"", ""KATIE BRITT"", ""OTHER"", ""WILL BOYD""]","[""DEMOCRAT"", ""LIBERTARIAN"", ""OTHER"", ""REPUBLICAN""]","[""1414238.0""]",1414238,1414238,0,"[""False""]",election_date_unavailable;round_definition_unverified
medsl-v8-group-003,2022,AR,US SENATE,statewide,gen,false,total,3644;3645;3646,3,3,"[""JOHN BOOZMAN"", ""KENNETH CATES"", ""NATALIE JAMES""]","[""DEMOCRAT"", ""LIBERTARIAN"", ""REPUBLICAN""]","[""901306.0""]",901306,901306,0,"[""False""]",election_date_unavailable;round_definition_unverified
medsl-v8-group-004,2022,AZ,US SENATE,statewide,gen,false,total,3639;3640;3641;3642;3643,5,5,"[""BLAKE MASTERS"", ""MARC J. VICTOR"", ""MARK KELLY"", ""OTHER"", ""ROXANNE RENEE RODRIGUEZ""]","[""DEMOCRAT"", ""LIBERTARIAN"", ""OTHER"", ""REPUBLICAN""]","[""2572294.0""]",2572294,2572294,0,"[""False""]",election_date_unavailable;round_definition_unverified
medsl-v8-group-005,2022,CA,US SENATE,statewide,gen,false,total,3647;3648,2,2,"[""ALEX PADILLA"", ""MARK P. MEUSER""]","[""DEMOCRAT"", ""REPUBLICAN""]","[""10843650.0""]",10843650,10843650,0,"[""False""]",election_date_unavailable;round_definition_unverified
medsl-v8-group-006,2022,CA,US SENATE,statewide,gen,true,total,3649;3650,2,2,"[""ALEX PADILLA"", ""MARK P. MEUSER""]","[""DEMOCRAT"", ""REPUBLICAN""]","[""10771758.0""]",10771758,10771758,0,"[""False""]",election_date_unavailable;round_definition_unverified
medsl-v8-group-007,2022,CO,US SENATE,statewide,gen,false,total,3651;3652;3653;3654;3655;3656;3657;3658;3659,9,9,"[""BRIAN PEOTTER"", ""FRANK ATWOOD"", ""JOANNE ROCK"", ""JOE O'DEA"", ""JOHN CARLETON RUTLEDGE"", ""MICHAEL BENNET"", ""ROBERT MESSMAN"", ""T.J. COLE"", ""TOM HARVEY""]","[""APPROVAL VOTING PARTY"", ""DEMOCRAT"", ""LIBERTARIAN"", ""NONPARTISAN"", ""REPUBLICAN"", ""UNITY PARTY OF COLORADO""]","[""2500201.0""]",2500201,2500201,0,"[""False""]",election_date_unavailable;round_definition_unverified
medsl-v8-group-008,2022,FL,US SENATE,statewide,gen,false,total,3660;3661;3662;3663;3664;3665;3666;3667;3668,9,9,"[""DENNIS MISIGOY"", ""EDWARD A. GRAY"", ""HOWARD KNEPPER"", ""MARCO RUBIO"", ""MOSES QUILES"", ""STEVEN B. GRANT"", ""TUAN TQ NGUYEN"", ""ULOMA UMA EKPETE"", ""VAL DEMINGS""]","[""DEMOCRAT"", ""LIBERTARIAN PARTY OF FLORIDA"", ""NO PARTY AFFILIATION"", ""REPUBLICAN"", ""WRITE-IN""]","[""7758014.0""]",7758014,7758014,0,"[""False""]",election_date_unavailable;round_definition_unverified
medsl-v8-group-009,2022,GA,US SENATE,statewide,gen,false,total,3669;3670;3672,3,3,"[""CHASE OLIVER"", ""HERSCHEL JUNIOR WALKER"", ""RAPHAEL WARNOCK""]","[""DEMOCRAT"", ""LIBERTARIAN"", ""REPUBLICAN""]","[""3935924.0""]",3935924,3935924,0,"[""False""]",election_date_unavailable;round_definition_unverified
medsl-v8-group-010,2022,GA,US SENATE,statewide,gen runoff,false,total,3671;3673,2,2,"[""HERSCHEL JUNIOR WALKER"", ""RAPHAEL WARNOCK""]","[""DEMOCRAT"", ""REPUBLICAN""]","[""3541877.0""]",3541877,3541877,0,"[""False""]",election_date_unavailable;round_definition_unverified
medsl-v8-group-011,2022,HI,US SENATE,statewide,gen,false,total,3674;3675;3676;3677;3678;3679,6,6,"[""BONOAN, FEENA M."", ""DECKER, DAN"", ""MCDERMOTT, BOB"", ""OVER VOTES"", ""POHLMAN, EMMA JANE A."", ""SCHATZ, BRIAN""]","["""", ""ALOHA AINA"", ""DEMOCRAT"", ""GREEN"", ""LIBERTARIAN"", ""REPUBLICAN""]","[""409148.0""]",409148,409148,0,"[""False""]",election_date_unavailable;round_definition_unverified;missing_party_simplified;noncandidate_vote_category
medsl-v8-group-012,2022,IA,US SENATE,statewide,gen,false,total,3694;3695;3696;3697;3698,5,5,"[""CHUCK GRASSLEY"", ""MICHAEL FRANKEN"", ""OTHER"", ""OVER VOTES"", ""UNDER VOTES""]","["""", ""DEMOCRAT"", ""OTHER"", ""REPUBLICAN""]","[""1230416.0""]",1230416,1230416,0,"[""False""]",election_date_unavailable;round_definition_unverified;noncandidate_vote_category
medsl-v8-group-013,2022,ID,US SENATE,statewide,gen,false,total,3680;3681;3682;3683;3684,5,5,"[""DAVID ROTH"", ""IDAHO SIERRA LAW"", ""MIKE CRAPO"", ""RAY J. WRITZ"", ""SCOTT OH CLEVELAND""]","[""CONSERVATIVE"", ""DEMOCRAT"", ""INDEPENDENT"", ""LIBERTARIAN"", ""REPUBLICAN""]","[""590890.0""]",590890,590890,0,"[""False""]",election_date_unavailable;round_definition_unverified
medsl-v8-group-014,2022,IL,US SENATE,statewide,gen,false,total,3685;3686;3687;3688;3689,5,5,"[""BILL REDPATH"", ""CONSTANT 'CONNOR' VLAKANCIC"", ""KATHY SALVI"", ""LOWELL MARTIN SEIDA"", ""TAMMY DUCKWORTH""]","["""", ""DEMOCRATIC"", ""LIBERTARIAN"", ""REPUBLICAN""]","[""4098896.0""]",4098896,4098896,0,"[""False""]",election_date_unavailable;round_definition_unverified
medsl-v8-group-015,2022,IN,US SENATE,statewide,gen,false,total,3690;3691;3692;3693,4,4,"[""JAMES M. SCENIAK"", ""OTHER"", ""THOMAS M. MCDERMOTT, JR."", ""TODD YOUNG""]","[""DEMOCRAT"", ""LIBERTARIAN"", ""OTHER"", ""REPUBLICAN""]","[""1859851.0""]",1859851,1859851,0,"[""False""]",election_date_unavailable;round_definition_unverified
medsl-v8-group-016,2022,KS,US SENATE,statewide,gen,false,total,3699;3700;3701;3702;3703,5,5,"[""DAVID C GRAHAM"", ""DAVID C. GRAHAM"", ""JERRY MORAN"", ""LIB DAVID C. GRAHAM"", ""MARK R. HOLLAND""]","[""DAVID C. GRAHAM"", ""DEMOCRAT"", ""LIB DAVID C. GRAHAM"", ""LIBERTARIAN"", ""REPUBLICAN""]","[""1004956.0""]",1004956,1004956,0,"[""False""]",election_date_unavailable;round_definition_unverified
medsl-v8-group-017,2022,KY,US SENATE,statewide,gen,false,total,3704;3705;3706,3,3,"[""CHARLES BOOKER"", ""OTHER"", ""RAND PAUL""]","[""DEMOCRAT"", ""OTHER"", ""REPUBLICAN""]","[""1477830.0""]",1477830,1477830,0,"[""False""]",election_date_unavailable;round_definition_unverified
medsl-v8-group-018,2022,LA,US SENATE,statewide,gen,false,total,3707;3708;3709;3710;3711;3712;3713;3714;3715;3716;3717;3718;3719,13,13,"[""AARON C. SIGLER"", ""BERYL A. BILLIOT"", ""BRADLEY MCMORRIS"", ""DEVIN LANCE GRAHAM"", ""GARY CHAMBERS, JR."", ""JOHN KENNEDY"", ""MV \\VINNY\\\"" MENDOZA\"""", ""SALVADOR P. RODRIGUEZ"", ""SYRITA STEIB"", ""THOMAS WENN"", ""W. THOMAS LA FONTAINE OLSON"", ""\\LUKE\\\"" MIXON\"""", ""\\XAN\\\"" JOHN\""""]","[""DEMOCRAT"", ""INDEPENDENT"", ""LIBERTARIAN"", ""NON PARTISAN"", ""OTHER"", ""REPUBLICAN""]","[""1383290.0""]",1383290,1383290,0,"[""False""]",election_date_unavailable;round_definition_unverified
medsl-v8-group-019,2022,MD,US SENATE,statewide,gen,false,total,3720;3721;3722,3,3,"[""CHRIS CHAFFEE"", ""CHRIS VAN HOLLEN"", ""OTHER""]","[""DEMOCRATIC"", ""OTHER"", ""REPUBLICAN""]","[""2002336.0""]",2002336,2002336,0,"[""False""]",election_date_unavailable;round_definition_unverified
medsl-v8-group-020,2022,MO,US SENATE,statewide,gen,false,total,3723;3724,2,2,"[""ERIC SCHMITT"", ""TRUDY BUSCH VALENTINE""]","[""DEMOCRAT"", ""REPUBLICAN""]","[""2012511.0""]",2012511,2012511,0,"[""True""]",election_date_unavailable;round_definition_unverified;unofficial_return
medsl-v8-group-021,2022,NC,US SENATE,statewide,gen,false,total,3740;3741;3742;3743;3744;3745,6,6,"[""CHERI BEASLEY"", ""MATTHEW HOH"", ""MICHELLE ESTELLE LEWIS"", ""OTHER"", ""SHANNON W. BRAY"", ""TED BUDD""]","["""", ""DEMOCRAT"", ""GREEN"", ""LIBERTARIAN"", ""OTHER"", ""REPUBLICAN""]","[""3773924.0""]",3773924,3773924,0,"[""False""]",election_date_unavailable;round_definition_unverified
medsl-v8-group-022,2022,ND,US SENATE,statewide,gen,false,total,3746;3747;3748;3749,4,4,"[""JOHN HOEVEN"", ""KATRINA CHRISTIANSEN"", ""RICK BECKER"", ""WRITE-IN""]","[""DEMOCRAT"", ""REPUBLICAN"", ""RICK BECKER"", ""WRITE-IN""]","[""240140.0""]",240140,240140,0,"[""False""]",election_date_unavailable;round_definition_unverified
medsl-v8-group-023,2022,NH,US SENATE,statewide,gen,false,total,3731;3732;3733;3734,4,4,"[""DONALD C. BOLDUC"", ""JEREMY KAUFFMAN"", ""MAGGIE HASSAN"", ""SCATTERING""]","["""", ""DEMOCRAT"", ""LIBERTARIAN"", ""REPUBLICAN""]","[""620975.0""]",620975,620975,0,"[""False""]",election_date_unavailable;round_definition_unverified
medsl-v8-group-024,2022,NV,US SENATE,statewide,gen,false,total,3725;3726;3727;3728;3729;3730,6,6,"[""CORTEZ MASTO, CATHERINE"", ""LAXALT, ADAM PAUL"", ""LINDEMANN, BARRY"", ""NONE OF THESE, CANDIDATES"", ""RUBINSON, BARRY"", ""SCOTT, NEIL""]","["""", ""DEMOCRAT"", ""INDEPENDENT"", ""LIBERTARIAN"", ""NON PARTISAN"", ""REPUBLICAN""]","[""1020850.0""]",1020850,1020850,0,"[""False""]",election_date_unavailable;round_definition_unverified;missing_party_simplified
medsl-v8-group-025,2022,NY,US SENATE,statewide,gen,false,total,3735;3736;3737;3738;3739,5,3,"[""CHARLES E. SCHUMER"", ""DIANE SARE"", ""JOE PINION""]","[""CONSERVATIVE"", ""DEMOCRAT"", ""LAROUCHE"", ""REPUBLICAN"", ""WORKING FAMILIES""]","[""5848556.0""]",5848556,5848556,0,"[""False""]",election_date_unavailable;round_definition_unverified;repeated_candidate_name_review_ballot_lines
medsl-v8-group-026,2022,OH,US SENATE,statewide,gen,false,total,3750;3751;3752,3,3,"[""JD VANCE"", ""OTHER"", ""TIM RYAN""]","[""DEMOCRAT"", ""OTHER"", ""REPUBLICAN""]","[""4133342.0""]",4133342,4133342,0,"[""False""]",election_date_unavailable;round_definition_unverified
medsl-v8-group-027,2022,OK,US SENATE,statewide,gen,false,total,3753;3754;3755;3756,4,4,"[""JAMES LANKFORD"", ""KENNETH D. BLEVINS"", ""MADISON HORN"", ""MICHAEL L DELANEY""]","[""DEMOCRAT"", ""INDEPENDENT"", ""LIBERTARIAN"", ""REPUBLICAN""]","[""1150732.0""]",1150732,1150732,0,"[""False""]",election_date_unavailable;round_definition_unverified
medsl-v8-group-028,2022,OK,US SENATE,statewide,gen,true,total,3757;3758;3759;3760,4,4,"[""KENDRA HORN"", ""MARKWAYNE MULLIN"", ""RAY WOODS"", ""ROBERT MURPHY""]","[""DEMOCRAT"", ""INDEPENDENT"", ""LIBERTARIAN"", ""REPUBLICAN""]","[""1150481.0""]",1150481,1150481,0,"[""False""]",election_date_unavailable;round_definition_unverified
medsl-v8-group-029,2022,OR,US SENATE,statewide,gen,false,total,3761;3762;3763;3764;3765,5,5,"[""HENRY CHRIS"", ""OTHER"", ""PERKINS JO RAE"", ""PULJU DAN"", ""WYDEN RON""]","[""DEMOCRAT"", ""OTHER"", ""PACIFIC GREEN"", ""PROGRESSIVE"", ""REPUBLICAN""]","[""1927949.0""]",1927949,1927949,0,"[""False""]",election_date_unavailable;round_definition_unverified
medsl-v8-group-030,2022,PA,US SENATE,statewide,gen,false,total,3766;3767;3768;3769;3770,5,5,"[""DANIEL WASSMER"", ""ERIK GERHARDT"", ""JOHN K FETTERMAN"", ""MEHMET C OZ"", ""RICHARD L WEISS""]","[""DEMOCRAT"", ""GREEN"", ""KEYSTONE"", ""LIBERTARIAN"", ""REPUBLICAN""]","[""5368021.0""]",5368021,5368021,0,"[""False""]",election_date_unavailable;round_definition_unverified
medsl-v8-group-031,2022,SC,US SENATE,statewide,gen,false,total,3771;3772;3773,3,3,"[""KRYSTLE MATTHEWS"", ""OTHER"", ""TIM SCOTT""]","[""DEMOCRAT"", ""OTHER"", ""REPUBLICAN""]","[""1695702.0""]",1695702,1695702,0,"[""False""]",election_date_unavailable;round_definition_unverified
medsl-v8-group-032,2022,SD,US SENATE,statewide,gen,false,total,3774;3775;3776,3,3,"[""BRIAN L BENGS"", ""JOHN R THUNE"", ""TAMARA J LESNAR""]","[""DEMOCRAT"", ""LIBERTARIAN"", ""REPUBLICAN""]","[""348020.0""]",348020,348020,0,"[""False""]",election_date_unavailable;round_definition_unverified
medsl-v8-group-033,2022,UT,US SENATE,statewide,gen,false,total,3777;3778;3779;3780;3781,5,5,"[""EVAN MCMULLIN"", ""JAMES ARTHUR HANSEN"", ""MIKE LEE"", ""OTHER"", ""TOMMY WILLIAMS""]","[""INDEPENDENT"", ""LIBERTARIAN"", ""OTHER"", ""REPUBLICAN""]","[""1076061.0""]",1076061,1076061,0,"[""False""]",election_date_unavailable;round_definition_unverified
medsl-v8-group-034,2022,VT,US SENATE,statewide,gen,false,total,3782;3783;3784;3785;3786;3787;3788;3789;3790,9,9,"[""DAWN MARIE ELLIS"", ""GERALD MALLOY"", ""KERRY PATRICK RAHEB"", ""MARK COESTER"", ""MS. CRIS ERICSON"", ""NATASHA DIAMONDSTONE-KOHOUT"", ""OTHER"", ""PETER WELCH"", ""STEPHEN DUKE""]","[""DEMOCRAT"", ""GREEN MOUNTAIN PEACE AND JUSTICE PARTY OF VERMONT"", ""INDEPENDENT"", ""OTHER"", ""REPUBLICAN""]","[""287386.0""]",287386,287386,0,"[""False""]",election_date_unavailable;round_definition_unverified
medsl-v8-group-035,2022,WA,US SENATE,statewide,gen,false,total,3791;3792;3793,3,3,"[""OTHER"", ""PATTY MURRAY"", ""TIFFANY SMILEY""]","[""DEMOCRAT"", ""OTHER"", ""REPUBLICAN""]","[""3047900.0""]",3047900,3047900,0,"[""False""]",election_date_unavailable;round_definition_unverified
medsl-v8-group-036,2022,WI,US SENATE,statewide,gen,false,total,3794;3795;3796;3797,4,4,"[""MANDELA BARNES"", ""OTHER"", ""RON JOHNSON"", ""SCATTERING""]","[""DEMOCRAT"", ""OTHER"", ""REPUBLICAN"", ""SCATTERING""]","[""2652477.0""]",2652477,2652477,0,"[""False""]",election_date_unavailable;round_definition_unverified
