source_row,selection_basis,inventory_id,year,state,state_po,state_fips,state_cen,state_ic,office,district,stage,special,candidate,party_detailed,writein,mode,candidatevotes,totalvotes,unofficial,version,party_simplified,flags
3630,requested_source_year,medsl-v8-group-002,2022,ALABAMA,AL,1,63.0,41,US SENATE,statewide,GEN,False,JOHN SOPHOCLEUS,LIBERTARIAN,False,TOTAL,32879.0,1414238.0,False,20230920,LIBERTARIAN,
3631,requested_source_year,medsl-v8-group-002,2022,ALABAMA,AL,1,63.0,41,US SENATE,statewide,GEN,False,KATIE BRITT,REPUBLICAN,False,TOTAL,942154.0,1414238.0,False,20230920,REPUBLICAN,
3632,requested_source_year,medsl-v8-group-002,2022,ALABAMA,AL,1,63.0,41,US SENATE,statewide,GEN,False,OTHER,OTHER,False,TOTAL,2459.0,1414238.0,False,20230920,OTHER,
3633,requested_source_year,medsl-v8-group-002,2022,ALABAMA,AL,1,63.0,41,US SENATE,statewide,GEN,False,WILL BOYD,DEMOCRAT,False,TOTAL,436746.0,1414238.0,False,20230920,DEMOCRAT,
3634,requested_source_year,medsl-v8-group-001,2022,ALASKA,AK,2,94.0,81,US SENATE,statewide,GEN,False,"CHESBRO, PATRICIA R.",,False,TOTAL,28233.0,263526.0,False,20230920,OTHER,
3635,requested_source_year,medsl-v8-group-001,2022,ALASKA,AK,2,94.0,81,US SENATE,statewide,GEN,False,"KELLEY, BUZZ A.",,False,TOTAL,8575.0,263526.0,False,20230920,OTHER,
3636,requested_source_year,medsl-v8-group-001,2022,ALASKA,AK,2,94.0,81,US SENATE,statewide,GEN,False,"MURKOWSKI, LISA",,False,TOTAL,114118.0,263526.0,False,20230920,OTHER,
3637,requested_source_year,medsl-v8-group-001,2022,ALASKA,AK,2,94.0,81,US SENATE,statewide,GEN,False,OVERVOTES,,False,TOTAL,499.0,263526.0,False,20230920,OTHER,
3638,requested_source_year,medsl-v8-group-001,2022,ALASKA,AK,2,94.0,81,US SENATE,statewide,GEN,False,"TSHIBAKA, KELLY C.",,False,TOTAL,112101.0,263526.0,False,20230920,OTHER,
3639,requested_source_year,medsl-v8-group-004,2022,ARIZONA,AZ,4,86.0,61,US SENATE,statewide,GEN,False,BLAKE MASTERS,REPUBLICAN,False,TOTAL,1196308.0,2572294.0,False,20230920,REPUBLICAN,
3640,requested_source_year,medsl-v8-group-004,2022,ARIZONA,AZ,4,86.0,61,US SENATE,statewide,GEN,False,MARC J. VICTOR,LIBERTARIAN,False,TOTAL,53762.0,2572294.0,False,20230920,LIBERTARIAN,
3641,requested_source_year,medsl-v8-group-004,2022,ARIZONA,AZ,4,86.0,61,US SENATE,statewide,GEN,False,MARK KELLY,DEMOCRAT,False,TOTAL,1322027.0,2572294.0,False,20230920,DEMOCRAT,
3642,requested_source_year,medsl-v8-group-004,2022,ARIZONA,AZ,4,86.0,61,US SENATE,statewide,GEN,False,OTHER,OTHER,False,TOTAL,177.0,2572294.0,False,20230920,OTHER,
3643,requested_source_year,medsl-v8-group-004,2022,ARIZONA,AZ,4,86.0,61,US SENATE,statewide,GEN,False,ROXANNE RENEE RODRIGUEZ,REPUBLICAN,False,TOTAL,20.0,2572294.0,False,20230920,REPUBLICAN,
3644,requested_source_year,medsl-v8-group-003,2022,ARKANSAS,AR,5,71.0,42,US SENATE,statewide,GEN,False,JOHN BOOZMAN,REPUBLICAN,False,TOTAL,592437.0,901306.0,False,20230920,REPUBLICAN,
3645,requested_source_year,medsl-v8-group-003,2022,ARKANSAS,AR,5,71.0,42,US SENATE,statewide,GEN,False,KENNETH CATES,LIBERTARIAN,False,TOTAL,28682.0,901306.0,False,20230920,LIBERTARIAN,
3646,requested_source_year,medsl-v8-group-003,2022,ARKANSAS,AR,5,71.0,42,US SENATE,statewide,GEN,False,NATALIE JAMES,DEMOCRAT,False,TOTAL,280187.0,901306.0,False,20230920,DEMOCRAT,
3647,requested_source_year,medsl-v8-group-005,2022,CALIFORNIA,CA,6,93.0,71,US SENATE,statewide,GEN,False,ALEX PADILLA,DEMOCRAT,False,TOTAL,6621621.0,10843650.0,False,20230920,DEMOCRAT,
3648,requested_source_year,medsl-v8-group-005,2022,CALIFORNIA,CA,6,93.0,71,US SENATE,statewide,GEN,False,MARK P. MEUSER,REPUBLICAN,False,TOTAL,4222029.0,10843650.0,False,20230920,REPUBLICAN,
3649,requested_source_year,medsl-v8-group-006,2022,CALIFORNIA,CA,6,93.0,71,US SENATE,statewide,GEN,True,ALEX PADILLA,DEMOCRAT,False,TOTAL,6559308.0,10771758.0,False,20230920,DEMOCRAT,
3650,requested_source_year,medsl-v8-group-006,2022,CALIFORNIA,CA,6,93.0,71,US SENATE,statewide,GEN,True,MARK P. MEUSER,REPUBLICAN,False,TOTAL,4212450.0,10771758.0,False,20230920,REPUBLICAN,
3651,requested_source_year,medsl-v8-group-007,2022,COLORADO,CO,8,84.0,62,US SENATE,statewide,GEN,False,BRIAN PEOTTER,LIBERTARIAN,False,TOTAL,43534.0,2500201.0,False,20230920,LIBERTARIAN,
3652,requested_source_year,medsl-v8-group-007,2022,COLORADO,CO,8,84.0,62,US SENATE,statewide,GEN,False,FRANK ATWOOD,APPROVAL VOTING PARTY,False,TOTAL,11354.0,2500201.0,False,20230920,OTHER,
3653,requested_source_year,medsl-v8-group-007,2022,COLORADO,CO,8,84.0,62,US SENATE,statewide,GEN,False,JOANNE ROCK,NONPARTISAN,False,TOTAL,25.0,2500201.0,False,20230920,OTHER,
3654,requested_source_year,medsl-v8-group-007,2022,COLORADO,CO,8,84.0,62,US SENATE,statewide,GEN,False,JOE O'DEA,REPUBLICAN,False,TOTAL,1031693.0,2500201.0,False,20230920,REPUBLICAN,
3655,requested_source_year,medsl-v8-group-007,2022,COLORADO,CO,8,84.0,62,US SENATE,statewide,GEN,False,JOHN CARLETON RUTLEDGE,LIBERTARIAN,False,TOTAL,9.0,2500201.0,False,20230920,LIBERTARIAN,
3656,requested_source_year,medsl-v8-group-007,2022,COLORADO,CO,8,84.0,62,US SENATE,statewide,GEN,False,MICHAEL BENNET,DEMOCRAT,False,TOTAL,1397170.0,2500201.0,False,20230920,DEMOCRAT,
3657,requested_source_year,medsl-v8-group-007,2022,COLORADO,CO,8,84.0,62,US SENATE,statewide,GEN,False,ROBERT MESSMAN,NONPARTISAN,False,TOTAL,8.0,2500201.0,False,20230920,OTHER,
3658,requested_source_year,medsl-v8-group-007,2022,COLORADO,CO,8,84.0,62,US SENATE,statewide,GEN,False,T.J. COLE,UNITY PARTY OF COLORADO,False,TOTAL,16379.0,2500201.0,False,20230920,OTHER,
3659,requested_source_year,medsl-v8-group-007,2022,COLORADO,CO,8,84.0,62,US SENATE,statewide,GEN,False,TOM HARVEY,NONPARTISAN,False,TOTAL,29.0,2500201.0,False,20230920,OTHER,
3660,requested_source_year,medsl-v8-group-008,2022,FLORIDA,FL,12,59.0,43,US SENATE,statewide,GEN,False,DENNIS MISIGOY,LIBERTARIAN PARTY OF FLORIDA,False,TOTAL,32177.0,7758014.0,False,20230920,OTHER,
3661,requested_source_year,medsl-v8-group-008,2022,FLORIDA,FL,12,59.0,43,US SENATE,statewide,GEN,False,EDWARD A. GRAY,WRITE-IN,False,TOTAL,190.0,7758014.0,False,20230920,OTHER,
3662,requested_source_year,medsl-v8-group-008,2022,FLORIDA,FL,12,59.0,43,US SENATE,statewide,GEN,False,HOWARD KNEPPER,WRITE-IN,False,TOTAL,2.0,7758014.0,False,20230920,OTHER,
3663,requested_source_year,medsl-v8-group-008,2022,FLORIDA,FL,12,59.0,43,US SENATE,statewide,GEN,False,MARCO RUBIO,REPUBLICAN,False,TOTAL,4474847.0,7758014.0,False,20230920,REPUBLICAN,
3664,requested_source_year,medsl-v8-group-008,2022,FLORIDA,FL,12,59.0,43,US SENATE,statewide,GEN,False,MOSES QUILES,WRITE-IN,False,TOTAL,33.0,7758014.0,False,20230920,OTHER,
3665,requested_source_year,medsl-v8-group-008,2022,FLORIDA,FL,12,59.0,43,US SENATE,statewide,GEN,False,STEVEN B. GRANT,NO PARTY AFFILIATION,False,TOTAL,31816.0,7758014.0,False,20230920,OTHER,
3666,requested_source_year,medsl-v8-group-008,2022,FLORIDA,FL,12,59.0,43,US SENATE,statewide,GEN,False,TUAN TQ NGUYEN,NO PARTY AFFILIATION,False,TOTAL,17385.0,7758014.0,False,20230920,OTHER,
3667,requested_source_year,medsl-v8-group-008,2022,FLORIDA,FL,12,59.0,43,US SENATE,statewide,GEN,False,ULOMA UMA EKPETE,WRITE-IN,False,TOTAL,42.0,7758014.0,False,20230920,OTHER,
3668,requested_source_year,medsl-v8-group-008,2022,FLORIDA,FL,12,59.0,43,US SENATE,statewide,GEN,False,VAL DEMINGS,DEMOCRAT,False,TOTAL,3201522.0,7758014.0,False,20230920,DEMOCRAT,
3669,requested_source_year,medsl-v8-group-009,2022,GEORGIA,GA,13,58.0,44,US SENATE,statewide,GEN,False,CHASE OLIVER,LIBERTARIAN,False,TOTAL,81365.0,3935924.0,False,20230920,LIBERTARIAN,
3670,requested_source_year,medsl-v8-group-009,2022,GEORGIA,GA,13,58.0,44,US SENATE,statewide,GEN,False,HERSCHEL JUNIOR WALKER,REPUBLICAN,False,TOTAL,1908442.0,3935924.0,False,20230920,REPUBLICAN,
3671,requested_source_year,medsl-v8-group-010,2022,GEORGIA,GA,13,58.0,44,US SENATE,statewide,GEN RUNOFF,False,HERSCHEL JUNIOR WALKER,REPUBLICAN,False,TOTAL,1721244.0,3541877.0,False,20230920,REPUBLICAN,
3672,requested_source_year,medsl-v8-group-009,2022,GEORGIA,GA,13,58.0,44,US SENATE,statewide,GEN,False,RAPHAEL WARNOCK,DEMOCRAT,False,TOTAL,1946117.0,3935924.0,False,20230920,DEMOCRAT,
3673,requested_source_year,medsl-v8-group-010,2022,GEORGIA,GA,13,58.0,44,US SENATE,statewide,GEN RUNOFF,False,RAPHAEL WARNOCK,DEMOCRAT,False,TOTAL,1820633.0,3541877.0,False,20230920,DEMOCRAT,
3674,requested_source_year,medsl-v8-group-011,2022,HAWAII,HI,15,95.0,82,US SENATE,statewide,GEN,False,"BONOAN, FEENA M.",LIBERTARIAN,False,TOTAL,4916.0,409148.0,False,20230920,LIBERTARIAN,
3675,requested_source_year,medsl-v8-group-011,2022,HAWAII,HI,15,95.0,82,US SENATE,statewide,GEN,False,"DECKER, DAN",ALOHA AINA,False,TOTAL,2208.0,409148.0,False,20230920,OTHER,
3676,requested_source_year,medsl-v8-group-011,2022,HAWAII,HI,15,95.0,82,US SENATE,statewide,GEN,False,"MCDERMOTT, BOB",REPUBLICAN,False,TOTAL,106358.0,409148.0,False,20230920,REPUBLICAN,
3677,requested_source_year,medsl-v8-group-011,2022,HAWAII,HI,15,95.0,82,US SENATE,statewide,GEN,False,OVER VOTES,,False,TOTAL,631.0,409148.0,False,20230920,,missing_party_simplified;noncandidate_vote_category
3678,requested_source_year,medsl-v8-group-011,2022,HAWAII,HI,15,95.0,82,US SENATE,statewide,GEN,False,"POHLMAN, EMMA JANE A.",GREEN,False,TOTAL,4141.0,409148.0,False,20230920,OTHER,
3679,requested_source_year,medsl-v8-group-011,2022,HAWAII,HI,15,95.0,82,US SENATE,statewide,GEN,False,"SCHATZ, BRIAN",DEMOCRAT,False,TOTAL,290894.0,409148.0,False,20230920,DEMOCRAT,
3680,requested_source_year,medsl-v8-group-013,2022,IDAHO,ID,16,82.0,63,US SENATE,statewide,GEN,False,DAVID ROTH,DEMOCRAT,False,TOTAL,169808.0,590890.0,False,20230920,DEMOCRAT,
3681,requested_source_year,medsl-v8-group-013,2022,IDAHO,ID,16,82.0,63,US SENATE,statewide,GEN,False,IDAHO SIERRA LAW,LIBERTARIAN,False,TOTAL,4126.0,590890.0,False,20230920,LIBERTARIAN,
3682,requested_source_year,medsl-v8-group-013,2022,IDAHO,ID,16,82.0,63,US SENATE,statewide,GEN,False,MIKE CRAPO,REPUBLICAN,False,TOTAL,358539.0,590890.0,False,20230920,REPUBLICAN,
3683,requested_source_year,medsl-v8-group-013,2022,IDAHO,ID,16,82.0,63,US SENATE,statewide,GEN,False,RAY J. WRITZ,CONSERVATIVE,False,TOTAL,8500.0,590890.0,False,20230920,OTHER,
3684,requested_source_year,medsl-v8-group-013,2022,IDAHO,ID,16,82.0,63,US SENATE,statewide,GEN,False,SCOTT OH CLEVELAND,INDEPENDENT,False,TOTAL,49917.0,590890.0,False,20230920,OTHER,
3685,requested_source_year,medsl-v8-group-014,2022,ILLINOIS,IL,17,33.0,21,US SENATE,statewide,GEN,False,BILL REDPATH,LIBERTARIAN,False,TOTAL,68671.0,4098896.0,False,20230920,LIBERTARIAN,
3686,requested_source_year,medsl-v8-group-014,2022,ILLINOIS,IL,17,33.0,21,US SENATE,statewide,GEN,False,CONSTANT 'CONNOR' VLAKANCIC,,False,TOTAL,11.0,4098896.0,False,20230920,OTHER,
3687,requested_source_year,medsl-v8-group-014,2022,ILLINOIS,IL,17,33.0,21,US SENATE,statewide,GEN,False,KATHY SALVI,REPUBLICAN,False,TOTAL,1701055.0,4098896.0,False,20230920,REPUBLICAN,
3688,requested_source_year,medsl-v8-group-014,2022,ILLINOIS,IL,17,33.0,21,US SENATE,statewide,GEN,False,LOWELL MARTIN SEIDA,,False,TOTAL,23.0,4098896.0,False,20230920,OTHER,
3689,requested_source_year,medsl-v8-group-014,2022,ILLINOIS,IL,17,33.0,21,US SENATE,statewide,GEN,False,TAMMY DUCKWORTH,DEMOCRATIC,False,TOTAL,2329136.0,4098896.0,False,20230920,OTHER,
3690,requested_source_year,medsl-v8-group-015,2022,INDIANA,IN,18,32.0,22,US SENATE,statewide,GEN,False,JAMES M. SCENIAK,LIBERTARIAN,False,TOTAL,63814.0,1859851.0,False,20230920,LIBERTARIAN,
3691,requested_source_year,medsl-v8-group-015,2022,INDIANA,IN,18,32.0,22,US SENATE,statewide,GEN,False,OTHER,OTHER,False,TOTAL,1461.0,1859851.0,False,20230920,OTHER,
3692,requested_source_year,medsl-v8-group-015,2022,INDIANA,IN,18,32.0,22,US SENATE,statewide,GEN,False,"THOMAS M. MCDERMOTT, JR.",DEMOCRAT,False,TOTAL,704411.0,1859851.0,False,20230920,DEMOCRAT,
3693,requested_source_year,medsl-v8-group-015,2022,INDIANA,IN,18,32.0,22,US SENATE,statewide,GEN,False,TODD YOUNG,REPUBLICAN,False,TOTAL,1090165.0,1859851.0,False,20230920,REPUBLICAN,
3694,requested_source_year,medsl-v8-group-012,2022,IOWA,IA,19,42.0,31,US SENATE,statewide,GEN,False,CHUCK GRASSLEY,REPUBLICAN,False,TOTAL,681501.0,1230416.0,False,20230920,REPUBLICAN,
3695,requested_source_year,medsl-v8-group-012,2022,IOWA,IA,19,42.0,31,US SENATE,statewide,GEN,False,MICHAEL FRANKEN,DEMOCRAT,False,TOTAL,533330.0,1230416.0,False,20230920,DEMOCRAT,
3696,requested_source_year,medsl-v8-group-012,2022,IOWA,IA,19,42.0,31,US SENATE,statewide,GEN,False,OTHER,OTHER,False,TOTAL,1815.0,1230416.0,False,20230920,OTHER,
3697,requested_source_year,medsl-v8-group-012,2022,IOWA,IA,19,42.0,31,US SENATE,statewide,GEN,False,OVER VOTES,,False,TOTAL,322.0,1230416.0,False,20230920,OTHER,noncandidate_vote_category
3698,requested_source_year,medsl-v8-group-012,2022,IOWA,IA,19,42.0,31,US SENATE,statewide,GEN,False,UNDER VOTES,,False,TOTAL,13448.0,1230416.0,False,20230920,OTHER,noncandidate_vote_category
3699,requested_source_year,medsl-v8-group-016,2022,KANSAS,KS,20,47.0,32,US SENATE,statewide,GEN,False,DAVID C GRAHAM,LIBERTARIAN,False,TOTAL,21436.0,1004956.0,False,20230920,LIBERTARIAN,
3700,requested_source_year,medsl-v8-group-016,2022,KANSAS,KS,20,47.0,32,US SENATE,statewide,GEN,False,DAVID C. GRAHAM,DAVID C. GRAHAM,False,TOTAL,7137.0,1004956.0,False,20230920,OTHER,
3701,requested_source_year,medsl-v8-group-016,2022,KANSAS,KS,20,47.0,32,US SENATE,statewide,GEN,False,JERRY MORAN,REPUBLICAN,False,TOTAL,602976.0,1004956.0,False,20230920,REPUBLICAN,
3702,requested_source_year,medsl-v8-group-016,2022,KANSAS,KS,20,47.0,32,US SENATE,statewide,GEN,False,LIB DAVID C. GRAHAM,LIB DAVID C. GRAHAM,False,TOTAL,1193.0,1004956.0,False,20230920,OTHER,
3703,requested_source_year,medsl-v8-group-016,2022,KANSAS,KS,20,47.0,32,US SENATE,statewide,GEN,False,MARK R. HOLLAND,DEMOCRAT,False,TOTAL,372214.0,1004956.0,False,20230920,DEMOCRAT,
3704,requested_source_year,medsl-v8-group-017,2022,KENTUCKY,KY,21,61.0,51,US SENATE,statewide,GEN,False,CHARLES BOOKER,DEMOCRAT,False,TOTAL,564311.0,1477830.0,False,20230920,DEMOCRAT,
3705,requested_source_year,medsl-v8-group-017,2022,KENTUCKY,KY,21,61.0,51,US SENATE,statewide,GEN,False,OTHER,OTHER,False,TOTAL,193.0,1477830.0,False,20230920,OTHER,
3706,requested_source_year,medsl-v8-group-017,2022,KENTUCKY,KY,21,61.0,51,US SENATE,statewide,GEN,False,RAND PAUL,REPUBLICAN,False,TOTAL,913326.0,1477830.0,False,20230920,REPUBLICAN,
3707,requested_source_year,medsl-v8-group-018,2022,LOUISIANA,LA,22,72.0,45,US SENATE,statewide,GEN,False,AARON C. SIGLER,LIBERTARIAN,False,TOTAL,4865.0,1383290.0,False,20230920,LIBERTARIAN,
3708,requested_source_year,medsl-v8-group-018,2022,LOUISIANA,LA,22,72.0,45,US SENATE,statewide,GEN,False,BERYL A. BILLIOT,NON PARTISAN,False,TOTAL,9378.0,1383290.0,False,20230920,OTHER,
3709,requested_source_year,medsl-v8-group-018,2022,LOUISIANA,LA,22,72.0,45,US SENATE,statewide,GEN,False,BRADLEY MCMORRIS,INDEPENDENT,False,TOTAL,5388.0,1383290.0,False,20230920,OTHER,
3710,requested_source_year,medsl-v8-group-018,2022,LOUISIANA,LA,22,72.0,45,US SENATE,statewide,GEN,False,DEVIN LANCE GRAHAM,REPUBLICAN,False,TOTAL,25275.0,1383290.0,False,20230920,REPUBLICAN,
3711,requested_source_year,medsl-v8-group-018,2022,LOUISIANA,LA,22,72.0,45,US SENATE,statewide,GEN,False,"GARY CHAMBERS, JR.",DEMOCRAT,False,TOTAL,246933.0,1383290.0,False,20230920,DEMOCRAT,
3712,requested_source_year,medsl-v8-group-018,2022,LOUISIANA,LA,22,72.0,45,US SENATE,statewide,GEN,False,JOHN KENNEDY,REPUBLICAN,False,TOTAL,851568.0,1383290.0,False,20230920,REPUBLICAN,
3713,requested_source_year,medsl-v8-group-018,2022,LOUISIANA,LA,22,72.0,45,US SENATE,statewide,GEN,False,"MV \VINNY\"" MENDOZA""",DEMOCRAT,False,TOTAL,11910.0,1383290.0,False,20230920,DEMOCRAT,
3714,requested_source_year,medsl-v8-group-018,2022,LOUISIANA,LA,22,72.0,45,US SENATE,statewide,GEN,False,SALVADOR P. RODRIGUEZ,DEMOCRAT,False,TOTAL,7767.0,1383290.0,False,20230920,DEMOCRAT,
3715,requested_source_year,medsl-v8-group-018,2022,LOUISIANA,LA,22,72.0,45,US SENATE,statewide,GEN,False,SYRITA STEIB,DEMOCRAT,False,TOTAL,31568.0,1383290.0,False,20230920,DEMOCRAT,
3716,requested_source_year,medsl-v8-group-018,2022,LOUISIANA,LA,22,72.0,45,US SENATE,statewide,GEN,False,THOMAS WENN,OTHER,False,TOTAL,1322.0,1383290.0,False,20230920,OTHER,
3717,requested_source_year,medsl-v8-group-018,2022,LOUISIANA,LA,22,72.0,45,US SENATE,statewide,GEN,False,W. THOMAS LA FONTAINE OLSON,NON PARTISAN,False,TOTAL,1676.0,1383290.0,False,20230920,OTHER,
3718,requested_source_year,medsl-v8-group-018,2022,LOUISIANA,LA,22,72.0,45,US SENATE,statewide,GEN,False,"\LUKE\"" MIXON""",DEMOCRAT,False,TOTAL,182887.0,1383290.0,False,20230920,DEMOCRAT,
3719,requested_source_year,medsl-v8-group-018,2022,LOUISIANA,LA,22,72.0,45,US SENATE,statewide,GEN,False,"\XAN\"" JOHN""",OTHER,False,TOTAL,2753.0,1383290.0,False,20230920,OTHER,
3720,requested_source_year,medsl-v8-group-019,2022,MARYLAND,MD,24,52.0,52,US SENATE,statewide,GEN,False,CHRIS CHAFFEE,REPUBLICAN,False,TOTAL,682293.0,2002336.0,False,20230920,REPUBLICAN,
3721,requested_source_year,medsl-v8-group-019,2022,MARYLAND,MD,24,52.0,52,US SENATE,statewide,GEN,False,CHRIS VAN HOLLEN,DEMOCRATIC,False,TOTAL,1316897.0,2002336.0,False,20230920,OTHER,
3722,requested_source_year,medsl-v8-group-019,2022,MARYLAND,MD,24,52.0,52,US SENATE,statewide,GEN,False,OTHER,OTHER,False,TOTAL,3146.0,2002336.0,False,20230920,OTHER,
3723,requested_source_year,medsl-v8-group-020,2022,MISSOURI,MO,29,43.0,34,US SENATE,statewide,GEN,False,ERIC SCHMITT,REPUBLICAN,False,TOTAL,1143636.0,2012511.0,True,20230920,REPUBLICAN,unofficial_return
3724,requested_source_year,medsl-v8-group-020,2022,MISSOURI,MO,29,43.0,34,US SENATE,statewide,GEN,False,TRUDY BUSCH VALENTINE,DEMOCRAT,False,TOTAL,868875.0,2012511.0,True,20230920,DEMOCRAT,unofficial_return
3725,requested_source_year,medsl-v8-group-024,2022,NEVADA,NV,32,88.0,65,US SENATE,statewide,GEN,False,"CORTEZ MASTO, CATHERINE",DEMOCRAT,False,TOTAL,498316.0,1020850.0,False,20230920,DEMOCRAT,
3726,requested_source_year,medsl-v8-group-024,2022,NEVADA,NV,32,88.0,65,US SENATE,statewide,GEN,False,"LAXALT, ADAM PAUL",REPUBLICAN,False,TOTAL,490388.0,1020850.0,False,20230920,REPUBLICAN,
3727,requested_source_year,medsl-v8-group-024,2022,NEVADA,NV,32,88.0,65,US SENATE,statewide,GEN,False,"LINDEMANN, BARRY",NON PARTISAN,False,TOTAL,8075.0,1020850.0,False,20230920,OTHER,
3728,requested_source_year,medsl-v8-group-024,2022,NEVADA,NV,32,88.0,65,US SENATE,statewide,GEN,False,"NONE OF THESE, CANDIDATES",,False,TOTAL,12441.0,1020850.0,False,20230920,,missing_party_simplified
3729,requested_source_year,medsl-v8-group-024,2022,NEVADA,NV,32,88.0,65,US SENATE,statewide,GEN,False,"RUBINSON, BARRY",INDEPENDENT,False,TOTAL,5208.0,1020850.0,False,20230920,OTHER,
3730,requested_source_year,medsl-v8-group-024,2022,NEVADA,NV,32,88.0,65,US SENATE,statewide,GEN,False,"SCOTT, NEIL",LIBERTARIAN,False,TOTAL,6422.0,1020850.0,False,20230920,LIBERTARIAN,
3731,requested_source_year,medsl-v8-group-023,2022,NEW HAMPSHIRE,NH,33,12.0,4,US SENATE,statewide,GEN,False,DONALD C. BOLDUC,REPUBLICAN,False,TOTAL,275631.0,620975.0,False,20230920,REPUBLICAN,
3732,requested_source_year,medsl-v8-group-023,2022,NEW HAMPSHIRE,NH,33,12.0,4,US SENATE,statewide,GEN,False,JEREMY KAUFFMAN,LIBERTARIAN,False,TOTAL,12390.0,620975.0,False,20230920,LIBERTARIAN,
3733,requested_source_year,medsl-v8-group-023,2022,NEW HAMPSHIRE,NH,33,12.0,4,US SENATE,statewide,GEN,False,MAGGIE HASSAN,DEMOCRAT,False,TOTAL,332490.0,620975.0,False,20230920,DEMOCRAT,
3734,requested_source_year,medsl-v8-group-023,2022,NEW HAMPSHIRE,NH,33,12.0,4,US SENATE,statewide,GEN,False,SCATTERING,,False,TOTAL,464.0,620975.0,False,20230920,OTHER,
3735,requested_source_year,medsl-v8-group-025,2022,NEW YORK,NY,36,21.0,13,US SENATE,statewide,GEN,False,CHARLES E. SCHUMER,DEMOCRAT,False,TOTAL,3022822.0,5848556.0,False,20230920,DEMOCRAT,repeated_candidate_name_review_ballot_lines
3736,requested_source_year,medsl-v8-group-025,2022,NEW YORK,NY,36,21.0,13,US SENATE,statewide,GEN,False,CHARLES E. SCHUMER,WORKING FAMILIES,False,TOTAL,297739.0,5848556.0,False,20230920,OTHER,repeated_candidate_name_review_ballot_lines
3737,requested_source_year,medsl-v8-group-025,2022,NEW YORK,NY,36,21.0,13,US SENATE,statewide,GEN,False,DIANE SARE,LAROUCHE,False,TOTAL,26844.0,5848556.0,False,20230920,OTHER,
3738,requested_source_year,medsl-v8-group-025,2022,NEW YORK,NY,36,21.0,13,US SENATE,statewide,GEN,False,JOE PINION,CONSERVATIVE,False,TOTAL,296652.0,5848556.0,False,20230920,OTHER,repeated_candidate_name_review_ballot_lines
3739,requested_source_year,medsl-v8-group-025,2022,NEW YORK,NY,36,21.0,13,US SENATE,statewide,GEN,False,JOE PINION,REPUBLICAN,False,TOTAL,2204499.0,5848556.0,False,20230920,REPUBLICAN,repeated_candidate_name_review_ballot_lines
3740,requested_source_year,medsl-v8-group-021,2022,NORTH CAROLINA,NC,37,56.0,47,US SENATE,statewide,GEN,False,CHERI BEASLEY,DEMOCRAT,False,TOTAL,1784049.0,3773924.0,False,20230920,DEMOCRAT,
3741,requested_source_year,medsl-v8-group-021,2022,NORTH CAROLINA,NC,37,56.0,47,US SENATE,statewide,GEN,False,MATTHEW HOH,GREEN,False,TOTAL,29934.0,3773924.0,False,20230920,OTHER,
3742,requested_source_year,medsl-v8-group-021,2022,NORTH CAROLINA,NC,37,56.0,47,US SENATE,statewide,GEN,False,MICHELLE ESTELLE LEWIS,,False,TOTAL,137.0,3773924.0,False,20230920,OTHER,
3743,requested_source_year,medsl-v8-group-021,2022,NORTH CAROLINA,NC,37,56.0,47,US SENATE,statewide,GEN,False,OTHER,OTHER,False,TOTAL,2378.0,3773924.0,False,20230920,OTHER,
3744,requested_source_year,medsl-v8-group-021,2022,NORTH CAROLINA,NC,37,56.0,47,US SENATE,statewide,GEN,False,SHANNON W. BRAY,LIBERTARIAN,False,TOTAL,51640.0,3773924.0,False,20230920,LIBERTARIAN,
3745,requested_source_year,medsl-v8-group-021,2022,NORTH CAROLINA,NC,37,56.0,47,US SENATE,statewide,GEN,False,TED BUDD,REPUBLICAN,False,TOTAL,1905786.0,3773924.0,False,20230920,REPUBLICAN,
3746,requested_source_year,medsl-v8-group-022,2022,NORTH DAKOTA,ND,38,44.0,36,US SENATE,statewide,GEN,False,JOHN HOEVEN,REPUBLICAN,False,TOTAL,135474.0,240140.0,False,20230920,REPUBLICAN,
3747,requested_source_year,medsl-v8-group-022,2022,NORTH DAKOTA,ND,38,44.0,36,US SENATE,statewide,GEN,False,KATRINA CHRISTIANSEN,DEMOCRAT,False,TOTAL,59995.0,240140.0,False,20230920,DEMOCRAT,
3748,requested_source_year,medsl-v8-group-022,2022,NORTH DAKOTA,ND,38,44.0,36,US SENATE,statewide,GEN,False,RICK BECKER,RICK BECKER,False,TOTAL,44406.0,240140.0,False,20230920,OTHER,
3749,requested_source_year,medsl-v8-group-022,2022,NORTH DAKOTA,ND,38,44.0,36,US SENATE,statewide,GEN,False,WRITE-IN,WRITE-IN,False,TOTAL,265.0,240140.0,False,20230920,OTHER,
3750,requested_source_year,medsl-v8-group-026,2022,OHIO,OH,39,31.0,24,US SENATE,statewide,GEN,False,JD VANCE,REPUBLICAN,False,TOTAL,2192114.0,4133342.0,False,20230920,REPUBLICAN,
3751,requested_source_year,medsl-v8-group-026,2022,OHIO,OH,39,31.0,24,US SENATE,statewide,GEN,False,OTHER,OTHER,False,TOTAL,1739.0,4133342.0,False,20230920,OTHER,
3752,requested_source_year,medsl-v8-group-026,2022,OHIO,OH,39,31.0,24,US SENATE,statewide,GEN,False,TIM RYAN,DEMOCRAT,False,TOTAL,1939489.0,4133342.0,False,20230920,DEMOCRAT,
3753,requested_source_year,medsl-v8-group-027,2022,OKLAHOMA,OK,40,73.0,53,US SENATE,statewide,GEN,False,JAMES LANKFORD,REPUBLICAN,False,TOTAL,739960.0,1150732.0,False,20230920,REPUBLICAN,
3754,requested_source_year,medsl-v8-group-027,2022,OKLAHOMA,OK,40,73.0,53,US SENATE,statewide,GEN,False,KENNETH D. BLEVINS,LIBERTARIAN,False,TOTAL,20495.0,1150732.0,False,20230920,LIBERTARIAN,
3755,requested_source_year,medsl-v8-group-027,2022,OKLAHOMA,OK,40,73.0,53,US SENATE,statewide,GEN,False,MADISON HORN,DEMOCRAT,False,TOTAL,369370.0,1150732.0,False,20230920,DEMOCRAT,
3756,requested_source_year,medsl-v8-group-027,2022,OKLAHOMA,OK,40,73.0,53,US SENATE,statewide,GEN,False,MICHAEL L DELANEY,INDEPENDENT,False,TOTAL,20907.0,1150732.0,False,20230920,OTHER,
3757,requested_source_year,medsl-v8-group-028,2022,OKLAHOMA,OK,40,73.0,53,US SENATE,statewide,GEN,True,KENDRA HORN,DEMOCRAT,False,TOTAL,405389.0,1150481.0,False,20230920,DEMOCRAT,
3758,requested_source_year,medsl-v8-group-028,2022,OKLAHOMA,OK,40,73.0,53,US SENATE,statewide,GEN,True,MARKWAYNE MULLIN,REPUBLICAN,False,TOTAL,710643.0,1150481.0,False,20230920,REPUBLICAN,
3759,requested_source_year,medsl-v8-group-028,2022,OKLAHOMA,OK,40,73.0,53,US SENATE,statewide,GEN,True,RAY WOODS,INDEPENDENT,False,TOTAL,17063.0,1150481.0,False,20230920,OTHER,
3760,requested_source_year,medsl-v8-group-028,2022,OKLAHOMA,OK,40,73.0,53,US SENATE,statewide,GEN,True,ROBERT MURPHY,LIBERTARIAN,False,TOTAL,17386.0,1150481.0,False,20230920,LIBERTARIAN,
3761,requested_source_year,medsl-v8-group-029,2022,OREGON,OR,41,92.0,72,US SENATE,statewide,GEN,False,HENRY CHRIS,PROGRESSIVE,False,TOTAL,36883.0,1927949.0,False,20230920,OTHER,
3762,requested_source_year,medsl-v8-group-029,2022,OREGON,OR,41,92.0,72,US SENATE,statewide,GEN,False,OTHER,OTHER,False,TOTAL,2197.0,1927949.0,False,20230920,OTHER,
3763,requested_source_year,medsl-v8-group-029,2022,OREGON,OR,41,92.0,72,US SENATE,statewide,GEN,False,PERKINS JO RAE,REPUBLICAN,False,TOTAL,788991.0,1927949.0,False,20230920,REPUBLICAN,
3764,requested_source_year,medsl-v8-group-029,2022,OREGON,OR,41,92.0,72,US SENATE,statewide,GEN,False,PULJU DAN,PACIFIC GREEN,False,TOTAL,23454.0,1927949.0,False,20230920,OTHER,
3765,requested_source_year,medsl-v8-group-029,2022,OREGON,OR,41,92.0,72,US SENATE,statewide,GEN,False,WYDEN RON,DEMOCRAT,False,TOTAL,1076424.0,1927949.0,False,20230920,DEMOCRAT,
3766,requested_source_year,medsl-v8-group-030,2022,PENNSYLVANIA,PA,42,23.0,14,US SENATE,statewide,GEN,False,DANIEL WASSMER,KEYSTONE,False,TOTAL,26428.0,5368021.0,False,20230920,OTHER,
3767,requested_source_year,medsl-v8-group-030,2022,PENNSYLVANIA,PA,42,23.0,14,US SENATE,statewide,GEN,False,ERIK GERHARDT,LIBERTARIAN,False,TOTAL,72887.0,5368021.0,False,20230920,LIBERTARIAN,
3768,requested_source_year,medsl-v8-group-030,2022,PENNSYLVANIA,PA,42,23.0,14,US SENATE,statewide,GEN,False,JOHN K FETTERMAN,DEMOCRAT,False,TOTAL,2751012.0,5368021.0,False,20230920,DEMOCRAT,
3769,requested_source_year,medsl-v8-group-030,2022,PENNSYLVANIA,PA,42,23.0,14,US SENATE,statewide,GEN,False,MEHMET C OZ,REPUBLICAN,False,TOTAL,2487260.0,5368021.0,False,20230920,REPUBLICAN,
3770,requested_source_year,medsl-v8-group-030,2022,PENNSYLVANIA,PA,42,23.0,14,US SENATE,statewide,GEN,False,RICHARD L WEISS,GREEN,False,TOTAL,30434.0,5368021.0,False,20230920,OTHER,
3771,requested_source_year,medsl-v8-group-031,2022,SOUTH CAROLINA,SC,45,57.0,48,US SENATE,statewide,GEN,False,KRYSTLE MATTHEWS,DEMOCRAT,False,TOTAL,627616.0,1695702.0,False,20230920,DEMOCRAT,
3772,requested_source_year,medsl-v8-group-031,2022,SOUTH CAROLINA,SC,45,57.0,48,US SENATE,statewide,GEN,False,OTHER,OTHER,False,TOTAL,1812.0,1695702.0,False,20230920,OTHER,
3773,requested_source_year,medsl-v8-group-031,2022,SOUTH CAROLINA,SC,45,57.0,48,US SENATE,statewide,GEN,False,TIM SCOTT,REPUBLICAN,False,TOTAL,1066274.0,1695702.0,False,20230920,REPUBLICAN,
3774,requested_source_year,medsl-v8-group-032,2022,SOUTH DAKOTA,SD,46,45.0,37,US SENATE,statewide,GEN,False,BRIAN L BENGS,DEMOCRAT,False,TOTAL,91007.0,348020.0,False,20230920,DEMOCRAT,
3775,requested_source_year,medsl-v8-group-032,2022,SOUTH DAKOTA,SD,46,45.0,37,US SENATE,statewide,GEN,False,JOHN R THUNE,REPUBLICAN,False,TOTAL,242316.0,348020.0,False,20230920,REPUBLICAN,
3776,requested_source_year,medsl-v8-group-032,2022,SOUTH DAKOTA,SD,46,45.0,37,US SENATE,statewide,GEN,False,TAMARA J LESNAR,LIBERTARIAN,False,TOTAL,14697.0,348020.0,False,20230920,LIBERTARIAN,
3777,requested_source_year,medsl-v8-group-033,2022,UTAH,UT,49,87.0,67,US SENATE,statewide,GEN,False,EVAN MCMULLIN,INDEPENDENT,False,TOTAL,459958.0,1076061.0,False,20230920,OTHER,
3778,requested_source_year,medsl-v8-group-033,2022,UTAH,UT,49,87.0,67,US SENATE,statewide,GEN,False,JAMES ARTHUR HANSEN,LIBERTARIAN,False,TOTAL,31784.0,1076061.0,False,20230920,LIBERTARIAN,
3779,requested_source_year,medsl-v8-group-033,2022,UTAH,UT,49,87.0,67,US SENATE,statewide,GEN,False,MIKE LEE,REPUBLICAN,False,TOTAL,571974.0,1076061.0,False,20230920,REPUBLICAN,
3780,requested_source_year,medsl-v8-group-033,2022,UTAH,UT,49,87.0,67,US SENATE,statewide,GEN,False,OTHER,OTHER,False,TOTAL,242.0,1076061.0,False,20230920,OTHER,
3781,requested_source_year,medsl-v8-group-033,2022,UTAH,UT,49,87.0,67,US SENATE,statewide,GEN,False,TOMMY WILLIAMS,INDEPENDENT,False,TOTAL,12103.0,1076061.0,False,20230920,OTHER,
3782,requested_source_year,medsl-v8-group-034,2022,VERMONT,VT,50,13.0,6,US SENATE,statewide,GEN,False,DAWN MARIE ELLIS,INDEPENDENT,False,TOTAL,2752.0,287386.0,False,20230920,OTHER,
3783,requested_source_year,medsl-v8-group-034,2022,VERMONT,VT,50,13.0,6,US SENATE,statewide,GEN,False,GERALD MALLOY,REPUBLICAN,False,TOTAL,80468.0,287386.0,False,20230920,REPUBLICAN,
3784,requested_source_year,medsl-v8-group-034,2022,VERMONT,VT,50,13.0,6,US SENATE,statewide,GEN,False,KERRY PATRICK RAHEB,INDEPENDENT,False,TOTAL,1532.0,287386.0,False,20230920,OTHER,
3785,requested_source_year,medsl-v8-group-034,2022,VERMONT,VT,50,13.0,6,US SENATE,statewide,GEN,False,MARK COESTER,INDEPENDENT,False,TOTAL,1273.0,287386.0,False,20230920,OTHER,
3786,requested_source_year,medsl-v8-group-034,2022,VERMONT,VT,50,13.0,6,US SENATE,statewide,GEN,False,MS. CRIS ERICSON,INDEPENDENT,False,TOTAL,1105.0,287386.0,False,20230920,OTHER,
3787,requested_source_year,medsl-v8-group-034,2022,VERMONT,VT,50,13.0,6,US SENATE,statewide,GEN,False,NATASHA DIAMONDSTONE-KOHOUT,GREEN MOUNTAIN PEACE AND JUSTICE PARTY OF VERMONT,False,TOTAL,1574.0,287386.0,False,20230920,OTHER,
3788,requested_source_year,medsl-v8-group-034,2022,VERMONT,VT,50,13.0,6,US SENATE,statewide,GEN,False,OTHER,OTHER,False,TOTAL,898.0,287386.0,False,20230920,OTHER,
3789,requested_source_year,medsl-v8-group-034,2022,VERMONT,VT,50,13.0,6,US SENATE,statewide,GEN,False,PETER WELCH,DEMOCRAT,False,TOTAL,196575.0,287386.0,False,20230920,DEMOCRAT,
3790,requested_source_year,medsl-v8-group-034,2022,VERMONT,VT,50,13.0,6,US SENATE,statewide,GEN,False,STEPHEN DUKE,INDEPENDENT,False,TOTAL,1209.0,287386.0,False,20230920,OTHER,
3791,requested_source_year,medsl-v8-group-035,2022,WASHINGTON,WA,53,91.0,73,US SENATE,statewide,GEN,False,OTHER,OTHER,False,TOTAL,6751.0,3047900.0,False,20230920,OTHER,
3792,requested_source_year,medsl-v8-group-035,2022,WASHINGTON,WA,53,91.0,73,US SENATE,statewide,GEN,False,PATTY MURRAY,DEMOCRAT,False,TOTAL,1741827.0,3047900.0,False,20230920,DEMOCRAT,
3793,requested_source_year,medsl-v8-group-035,2022,WASHINGTON,WA,53,91.0,73,US SENATE,statewide,GEN,False,TIFFANY SMILEY,REPUBLICAN,False,TOTAL,1299322.0,3047900.0,False,20230920,REPUBLICAN,
3794,requested_source_year,medsl-v8-group-036,2022,WISCONSIN,WI,55,35.0,25,US SENATE,statewide,GEN,False,MANDELA BARNES,DEMOCRAT,False,TOTAL,1310467.0,2652477.0,False,20230920,DEMOCRAT,
3795,requested_source_year,medsl-v8-group-036,2022,WISCONSIN,WI,55,35.0,25,US SENATE,statewide,GEN,False,OTHER,OTHER,False,TOTAL,67.0,2652477.0,False,20230920,OTHER,
3796,requested_source_year,medsl-v8-group-036,2022,WISCONSIN,WI,55,35.0,25,US SENATE,statewide,GEN,False,RON JOHNSON,REPUBLICAN,False,TOTAL,1337185.0,2652477.0,False,20230920,REPUBLICAN,
3797,requested_source_year,medsl-v8-group-036,2022,WISCONSIN,WI,55,35.0,25,US SENATE,statewide,GEN,False,SCATTERING,SCATTERING,False,TOTAL,4758.0,2652477.0,False,20230920,OTHER,
