contest_id,state_po,cycle,seat,round,election_date,date_basis,date_reference,scope,source_year,result_rows,reported_total,valid_vote_total,noncandidate_votes,ballot_candidate_ids_json,status,reasons
2018-AZ-ordinary-general,AZ,2018,ordinary,general,2018-11-06,Official general-election calendar; Texas 2024 date approved in Decision 011,https://www.fec.gov/documents/2706/federalelections2018.xlsx,initial_calibration,2018,4,2384308,2384308,0,"[""ANGELAGREEN"", ""KYRSTENSINEMA"", ""MARTHAMCSALLY""]",eligible,
2018-CA-ordinary-general,CA,2018,ordinary,general,2018-11-06,Official general-election calendar; Texas 2024 date approved in Decision 011,https://www.fec.gov/documents/2706/federalelections2018.xlsx,initial_calibration,2018,2,11113364,11113364,0,"[""DIANNEFEINSTEIN"", ""KEVINDELEON""]",excluded,missing_D_or_R_side
2018-CT-ordinary-general,CT,2018,ordinary,general,2018-11-06,Official general-election calendar; Texas 2024 date approved in Decision 011,https://www.fec.gov/documents/2706/federalelections2018.xlsx,initial_calibration,2018,6,1386840,1386840,0,"[""CHRISTOPHERSMURPHY"", ""JEFFRUSSELL"", ""MATTHEWCOREY"", ""RICHARDLION""]",eligible,
2018-DE-ordinary-general,DE,2018,ordinary,general,2018-11-06,Official general-election calendar; Texas 2024 date approved in Decision 011,https://www.fec.gov/documents/2706/federalelections2018.xlsx,initial_calibration,2018,4,362592,362592,0,"[""DEMITRIGTHEODOROPOULOS"", ""NADINEMFROST"", ""ROBERTBARLETT"", ""THOMASRCARPER""]",eligible,
2018-FL-ordinary-general,FL,2018,ordinary,general,2018-11-06,Official general-election calendar; Texas 2024 date approved in Decision 011,https://www.fec.gov/documents/2706/federalelections2018.xlsx,initial_calibration,2018,3,8190005,8190005,0,"[""BILLNELSON"", ""RICKSCOTT""]",eligible,
2018-HI-ordinary-general,HI,2018,ordinary,general,2018-11-06,Official general-election calendar; Texas 2024 date approved in Decision 011,https://www.fec.gov/documents/2706/federalelections2018.xlsx,initial_calibration,2018,2,388351,388351,0,"[""MAZIEKHIRONO"", ""RONCURTIS""]",eligible,
2018-IN-ordinary-general,IN,2018,ordinary,general,2018-11-06,Official general-election calendar; Texas 2024 date approved in Decision 011,https://www.fec.gov/documents/2706/federalelections2018.xlsx,initial_calibration,2018,4,2282565,2282565,0,"[""JOEDONNELLY"", ""LUCYMBRENTON"", ""MIKEBRAUN""]",eligible,
2018-MA-ordinary-general,MA,2018,ordinary,general,2018-11-06,Official general-election calendar; Texas 2024 date approved in Decision 011,https://www.fec.gov/documents/2706/federalelections2018.xlsx,initial_calibration,2018,4,2707090,2707090,0,"[""ELIZABETHAWARREN"", ""GEOFFDIEHL"", ""SHIVAAYYADURAI""]",eligible,
2018-MD-ordinary-general,MD,2018,ordinary,general,2018-11-06,Official general-election calendar; Texas 2024 date approved in Decision 011,https://www.fec.gov/documents/2706/federalelections2018.xlsx,initial_calibration,2018,5,2299889,2299889,0,"[""ARVINVOHRA"", ""BENCARDIN"", ""NEALSIMON"", ""TONYCAMPBELL""]",eligible,
2018-ME-ordinary-general,ME,2018,ordinary,general,2018-11-06,Official general-election calendar; Texas 2024 date approved in Decision 011,https://www.fec.gov/documents/2706/federalelections2018.xlsx,initial_calibration,2018,4,634409,634409,0,"[""ANGUSSKINGJR"", ""ERICLBRAKEY"", ""ZAKRINGELSTEIN""]",eligible,
2018-MI-ordinary-general,MI,2018,ordinary,general,2018-11-06,Official general-election calendar; Texas 2024 date approved in Decision 011,https://www.fec.gov/documents/2706/federalelections2018.xlsx,initial_calibration,2018,6,4237271,4237271,0,"[""DEBBIESTABENOW"", ""GEORGEEHUFFMANIII"", ""JOHNHOWARDWILHELM"", ""JOHNJAMES"", ""MARCIASQUIER""]",eligible,
2018-MN-ordinary-general,MN,2018,ordinary,general,2018-11-06,Official general-election calendar; Texas 2024 date approved in Decision 011,https://www.fec.gov/documents/2706/federalelections2018.xlsx,initial_calibration,2018,5,2596879,2596879,0,"[""AMYKLOBUCHAR"", ""DENNISSCHULLER"", ""JIMNEWBERGER"", ""PAULAMOVERBY""]",eligible,
2018-MN-special-general,MN,2018,special,general,2018-11-06,Official general-election calendar; Texas 2024 date approved in Decision 011,https://www.fec.gov/documents/2706/federalelections2018.xlsx,initial_calibration,2018,5,2587356,2587356,0,"[""JERRYTROOIEN"", ""KARINHOUSLEY"", ""SARAHWELLINGTON"", ""TINASMITH""]",eligible,
2018-MO-ordinary-general,MO,2018,ordinary,general,2018-11-06,Official general-election calendar; Texas 2024 date approved in Decision 011,https://www.fec.gov/documents/2706/federalelections2018.xlsx,initial_calibration,2018,6,2442289,2442289,0,"[""CLAIREMCCASKILL"", ""CRAIGODEAR"", ""JAPHETHCAMPBELL"", ""JOCRAIN"", ""JOSHHAWLEY""]",eligible,
2018-MS-ordinary-general,MS,2018,ordinary,general,2018-11-06,Official general-election calendar; Texas 2024 date approved in Decision 011,https://www.fec.gov/documents/2706/federalelections2018.xlsx,initial_calibration,2018,4,936215,936215,0,"[""DANNYBEDWELL"", ""DAVIDBARIA"", ""ROGERFWICKER"", ""SHAWNOHARA""]",eligible,
2018-MS-special-first,MS,2018,special,first,2018-11-06,Official general-election calendar; Texas 2024 date approved in Decision 011,https://www.fec.gov/documents/2706/federalelections2018.xlsx,initial_calibration,,0,,,0,"[""CHRISMCDANIEL"", ""CINDYHYDESMITH"", ""MIKEESPY"", ""TOBEYBERNARDBARTEE""]",pending,missing_first_round_results
2018-MS-special-runoff,MS,2018,special,runoff,2018-11-27,General runoff date in candidate notes,https://www.fec.gov/documents/2706/federalelections2018.xlsx,initial_calibration,2018,2,907588,907588,0,"[""CINDYHYDESMITH"", ""MIKEESPY""]",eligible,
2018-MT-ordinary-general,MT,2018,ordinary,general,2018-11-06,Official general-election calendar; Texas 2024 date approved in Decision 011,https://www.fec.gov/documents/2706/federalelections2018.xlsx,initial_calibration,2018,3,504384,504384,0,"[""JONTESTER"", ""MATTROSENDALE"", ""RICKBRECKENRIDGE""]",eligible,
2018-ND-ordinary-general,ND,2018,ordinary,general,2018-11-06,Official general-election calendar; Texas 2024 date approved in Decision 011,https://www.fec.gov/documents/2706/federalelections2018.xlsx,initial_calibration,2018,3,326138,326138,0,"[""HEIDIHEITKAMP"", ""KEVINCRAMER""]",eligible,
2018-NE-ordinary-general,NE,2018,ordinary,general,2018-11-06,Official general-election calendar; Texas 2024 date approved in Decision 011,https://www.fec.gov/documents/2706/federalelections2018.xlsx,initial_calibration,2018,4,698883,698883,0,"[""DEBFISCHER"", ""JANERAYBOULD"", ""JIMSCHULTZ""]",eligible,
2018-NJ-ordinary-general,NJ,2018,ordinary,general,2018-11-06,Official general-election calendar; Texas 2024 date approved in Decision 011,https://www.fec.gov/documents/2706/federalelections2018.xlsx,initial_calibration,2018,8,3169310,3169310,0,"[""BOBHUGIN"", ""HANKSCHROEDER"", ""KEVINKIMPLE"", ""MADELYNRHOFFMAN"", ""MURRAYSABRIN"", ""NATALIELYNNRIVERA"", ""ROBERTMENENDEZ"", ""TRICIAFLANAGAN""]",eligible,
2018-NM-ordinary-general,NM,2018,ordinary,general,2018-11-06,Official general-election calendar; Texas 2024 date approved in Decision 011,https://www.fec.gov/documents/2706/federalelections2018.xlsx,initial_calibration,2018,3,697012,697012,0,"[""GARYEJOHNSON"", ""MARTINTHEINRICH"", ""MICKRICH""]",eligible,
2018-NV-ordinary-general,NV,2018,ordinary,general,2018-11-06,Official general-election calendar; Texas 2024 date approved in Decision 011,https://www.fec.gov/documents/2706/federalelections2018.xlsx,initial_calibration,2018,6,972132,,0,"[""BARRYMICHAELS"", ""DEANHELLER"", ""JACKYROSEN"", ""KAMAUABAKARI"", ""TIMHAGAN""]",pending,ballot_option_denominator_pending
2018-NY-ordinary-general,NY,2018,ordinary,general,2018-11-06,Official general-election calendar; Texas 2024 date approved in Decision 011,https://www.fec.gov/documents/2706/federalelections2018.xlsx,initial_calibration,2018,7,6055151,6055151,0,"[""CHELECHIAVACCIFARLEY"", ""KIRSTENEGILLIBRAND""]",eligible,
2018-OH-ordinary-general,OH,2018,ordinary,general,2018-11-06,Official general-election calendar; Texas 2024 date approved in Decision 011,https://www.fec.gov/documents/2706/federalelections2018.xlsx,initial_calibration,2018,3,4410898,4410898,0,"[""JIMRENACCI"", ""SHERRODBROWN""]",pending,reference_vote_count_conflict
2018-PA-ordinary-general,PA,2018,ordinary,general,2018-11-06,Official general-election calendar; Texas 2024 date approved in Decision 011,https://www.fec.gov/documents/2706/federalelections2018.xlsx,initial_calibration,2018,4,4994643,4994643,0,"[""DALERKERNSJR"", ""LOUISJBARLETTA"", ""NEALTAYLORGALE"", ""ROBERTPCASEYJR""]",eligible,
2018-RI-ordinary-general,RI,2018,ordinary,general,2018-11-06,Official general-election calendar; Texas 2024 date approved in Decision 011,https://www.fec.gov/documents/2706/federalelections2018.xlsx,initial_calibration,2018,3,376738,376738,0,"[""ROBERTGFLANDERSJR"", ""SHELDONWHITEHOUSE""]",eligible,
2018-TN-ordinary-general,TN,2018,ordinary,general,2018-11-06,Official general-election calendar; Texas 2024 date approved in Decision 011,https://www.fec.gov/documents/2706/federalelections2018.xlsx,initial_calibration,2018,8,2243740,2243740,0,"[""BRETONPHILLIPS"", ""DEANHILL"", ""JOHNCARICO"", ""KEVINLEEMCCANTS"", ""KRISLTODD"", ""MARSHABLACKBURN"", ""PHILBREDESEN"", ""TRUDYAAUSTIN""]",eligible,
2018-TX-ordinary-general,TX,2018,ordinary,general,2018-11-06,Official general-election calendar; Texas 2024 date approved in Decision 011,https://www.fec.gov/documents/2706/federalelections2018.xlsx,initial_calibration,2018,3,8371655,8371655,0,"[""BETOOROURKE"", ""NEALMDIKEMAN"", ""TEDCRUZ""]",eligible,
2018-UT-ordinary-general,UT,2018,ordinary,general,2018-11-06,Official general-election calendar; Texas 2024 date approved in Decision 011,https://www.fec.gov/documents/2706/federalelections2018.xlsx,initial_calibration,2018,5,1062845,1062845,0,"[""CRAIGRBOWDEN"", ""JENNYWILSON"", ""MITTROMNEY"", ""REEDCMCCANDLESS"", ""TIMAALDERS""]",eligible,
2018-VA-ordinary-general,VA,2018,ordinary,general,2018-11-06,Official general-election calendar; Texas 2024 date approved in Decision 011,https://www.fec.gov/documents/2706/federalelections2018.xlsx,initial_calibration,2018,4,3351373,3351373,0,"[""COREYASTEWART"", ""MATTJWATERS"", ""TIMOTHYMKAINE""]",eligible,
2018-VT-ordinary-general,VT,2018,ordinary,general,2018-11-06,Official general-election calendar; Texas 2024 date approved in Decision 011,https://www.fec.gov/documents/2706/federalelections2018.xlsx,initial_calibration,2018,10,272624,272624,0,"[""BERNIESANDERS"", ""BRADJPEACOCK"", ""BRUCEBUSA"", ""EDWARDSGILBERTJR"", ""FOLASADEADELUOLA"", ""JONSVITAVSKY"", ""LAWRENCEZUPAN"", ""REIDKANE"", ""RUSSELLBESTE""]",pending,reference_vote_count_conflict
2018-WA-ordinary-general,WA,2018,ordinary,general,2018-11-06,Official general-election calendar; Texas 2024 date approved in Decision 011,https://www.fec.gov/documents/2706/federalelections2018.xlsx,initial_calibration,2018,2,3086168,3086168,0,"[""MARIACANTWELL"", ""SUSANHUTCHISON""]",eligible,
2018-WI-ordinary-general,WI,2018,ordinary,general,2018-11-06,Official general-election calendar; Texas 2024 date approved in Decision 011,https://www.fec.gov/documents/2706/federalelections2018.xlsx,initial_calibration,2018,3,2657841,2657841,0,"[""LEAHVUKMIR"", ""TAMMYBALDWIN""]",eligible,
2018-WV-ordinary-general,WV,2018,ordinary,general,2018-11-06,Official general-election calendar; Texas 2024 date approved in Decision 011,https://www.fec.gov/documents/2706/federalelections2018.xlsx,initial_calibration,2018,3,582911,582911,0,"[""JOEMANCHIN"", ""PATRICKMORRISEY"", ""RUSTYHOLLEN""]",pending,unofficial_source_returns;reference_vote_count_conflict
2018-WY-ordinary-general,WY,2018,ordinary,general,2018-11-06,Official general-election calendar; Texas 2024 date approved in Decision 011,https://www.fec.gov/documents/2706/federalelections2018.xlsx,initial_calibration,2018,4,203420,203420,0,"[""GARYTRAUNER"", ""JOHNBARRASSO"", ""JOSEPHPORAMBO""]",eligible,
2020-AK-ordinary-general,AK,2020,ordinary,general,2020-11-03,Official general-election calendar; Texas 2024 date approved in Decision 011,https://www.fec.gov/documents/4228/federalelections2020.xlsx,initial_calibration,2020,4,354587,354587,0,"[""ALGROSS"", ""DANSULLIVAN"", ""JOHNWAYNEHOWE""]",eligible,
2020-AL-ordinary-general,AL,2020,ordinary,general,2020-11-03,Official general-election calendar; Texas 2024 date approved in Decision 011,https://www.fec.gov/documents/4228/federalelections2020.xlsx,initial_calibration,2020,3,2316445,2316445,0,"[""DOUGJONES"", ""TOMMYTUBERVILLE""]",eligible,
2020-AR-ordinary-general,AR,2020,ordinary,general,2020-11-03,Official general-election calendar; Texas 2024 date approved in Decision 011,https://www.fec.gov/documents/4228/federalelections2020.xlsx,initial_calibration,2020,2,1193261,1193261,0,"[""RICKYDALEHARRINGTONJR"", ""TOMCOTTON""]",excluded,missing_D_or_R_side
2020-AZ-special-general,AZ,2020,special,general,2020-11-03,Official general-election calendar; Texas 2024 date approved in Decision 011,https://www.fec.gov/documents/4228/federalelections2020.xlsx,initial_calibration,2020,19,3355307,3355307,0,"[""MARKKELLY"", ""MARTHAMCSALLY""]",eligible,
2020-CO-ordinary-general,CO,2020,ordinary,general,2020-11-03,Official general-election calendar; Texas 2024 date approved in Decision 011,https://www.fec.gov/documents/4228/federalelections2020.xlsx,initial_calibration,2020,8,3235790,3235790,0,"[""BRUCELOHMILLER"", ""CORYGARDNER"", ""DANIELDOYLE"", ""DANNYSKELLY"", ""JOHNWHICKENLOOPER"", ""MICHAELSANCHEZ"", ""RAYMONANTHONYDOANE"", ""STEPHANSEKUEVANS""]",eligible,
2020-DE-ordinary-general,DE,2020,ordinary,general,2020-11-03,Official general-election calendar; Texas 2024 date approved in Decision 011,https://www.fec.gov/documents/4228/federalelections2020.xlsx,initial_calibration,2020,4,490935,490935,0,"[""CHRISTOPHERACOONS"", ""LAURENWITZKE"", ""MARKWTURLEY"", ""NADINEMFROST""]",eligible,
2020-GA-ordinary-general,GA,2020,ordinary,general,2020-11-03,Official general-election calendar; Texas 2024 date approved in Decision 011,https://www.fec.gov/documents/4228/federalelections2020.xlsx,initial_calibration,2020,3,4952175,4952175,0,"[""DAVIDAPERDUE"", ""JONOSSOFF"", ""SHANEHAZEL""]",eligible,
2020-GA-ordinary-runoff,GA,2020,ordinary,runoff,2021-01-05,General runoff date in candidate notes,https://www.fec.gov/documents/4228/federalelections2020.xlsx,initial_calibration,2021,2,4483241,4483241,0,"[""DAVIDAPERDUE"", ""JONOSSOFF""]",pending,unofficial_source_returns;reference_vote_count_conflict
2020-GA-special-first,GA,2020,special,first,2020-11-03,Official general-election calendar; Texas 2024 date approved in Decision 011,https://www.fec.gov/documents/4228/federalelections2020.xlsx,initial_calibration,2020,20,4914361,4914361,0,"[""ALBARTELL"", ""ALLENBUCKLEY"", ""ANNETTEDAVISJACKSON"", ""AWAYNEJOHNSON"", ""BRIANSLOWINSKI"", ""DEBORAHJACKSON"", ""DERRICKEGRAYSON"", ""DOUGCOLLINS"", ""EDTARVER"", ""JAMESIAJAMES"", ""JOHNFORTUIN"", ""JOYFELICIASLADE"", ""KANDISSTAYLOR"", ""KELLYLOEFFLER"", ""MATTLIEBERMAN"", ""MICHAELTODDGREENE"", ""RAPHAELWARNOCK"", ""RICHARDDIENWINFIELD"", ""TAMARAJOHNSONSHEALEY"", ""VALENCIASTOVALL""]",eligible,
2020-GA-special-runoff,GA,2020,special,runoff,2021-01-05,Special general runoff date in candidate notes,https://www.fec.gov/documents/4228/federalelections2020.xlsx,initial_calibration,2021,2,4483294,4483294,0,"[""KELLYLOEFFLER"", ""RAPHAELWARNOCK""]",pending,unofficial_source_returns;reference_vote_count_conflict
2020-IA-ordinary-general,IA,2020,ordinary,general,2020-11-03,Official general-election calendar; Texas 2024 date approved in Decision 011,https://www.fec.gov/documents/4228/federalelections2020.xlsx,initial_calibration,2020,7,1700130,1671828,28302,"[""JONIERNST"", ""RICKSTEWART"", ""SUZANNEHERZOG"", ""THERESAGREENFIELD""]",eligible,
2020-ID-ordinary-general,ID,2020,ordinary,general,2020-11-03,Official general-election calendar; Texas 2024 date approved in Decision 011,https://www.fec.gov/documents/4228/federalelections2020.xlsx,initial_calibration,2020,4,859827,859827,0,"[""JIMRISCH"", ""NATALIEMFLEMING"", ""PAULETTEJORDAN"", ""RAYJWRITZ""]",eligible,
2020-IL-ordinary-general,IL,2020,ordinary,general,2020-11-03,Official general-election calendar; Texas 2024 date approved in Decision 011,https://www.fec.gov/documents/4228/federalelections2020.xlsx,initial_calibration,2020,8,5968901,5968901,0,"[""DANNYMALOUF"", ""DAVIDFBLACK"", ""MARKCCURRANJR"", ""RICHARDJDURBIN"", ""WILLIELWILSON""]",pending,unresolved_result_party
2020-KS-ordinary-general,KS,2020,ordinary,general,2020-11-03,Official general-election calendar; Texas 2024 date approved in Decision 011,https://www.fec.gov/documents/4228/federalelections2020.xlsx,initial_calibration,2020,3,1367755,1367755,0,"[""BARBARABOLLIER"", ""JASONBUCKLEY"", ""ROGERMARSHALL""]",eligible,
2020-KY-ordinary-general,KY,2020,ordinary,general,2020-11-03,Official general-election calendar; Texas 2024 date approved in Decision 011,https://www.fec.gov/documents/4228/federalelections2020.xlsx,initial_calibration,2020,8,2135057,2135057,0,"[""AMYMCGRATH"", ""BRADBARRON"", ""MITCHMCCONNELL""]",pending,unresolved_result_party
2020-LA-ordinary-first,LA,2020,ordinary,first,2020-11-03,Official general-election calendar; Texas 2024 date approved in Decision 011,https://www.fec.gov/documents/4228/federalelections2020.xlsx,initial_calibration,2020,15,2071543,2071543,0,"[""AARONCSIGLER"", ""ADRIANPERKINS"", ""ANTOINEPIERCE"", ""BERYLBILLIOT"", ""BILLCASSIDY"", ""DAVIDDREWKNIGHT"", ""DERRICKCHAMPEDWARDS"", ""DUSTINMURPHY"", ""JAMARMONTGOMERY"", ""JOHNPAULBOURGEOIS"", ""MELINDAMARYPRICE"", ""MVVINNYMENDOZA"", ""PETERWENSTRUP"", ""RENOJEANDARETIII"", ""XANJOHN""]",eligible,
2020-MA-ordinary-general,MA,2020,ordinary,general,2020-11-03,Official general-election calendar; Texas 2024 date approved in Decision 011,https://www.fec.gov/documents/4228/federalelections2020.xlsx,initial_calibration,2020,5,3658005,3564136,93869,"[""EDWARDJMARKEY"", ""KEVINJOCONNER"", ""SHIVAAYYADURAI""]",pending,unresolved_result_party
2020-ME-ordinary-general,ME,2020,ordinary,general,2020-11-03,Official general-election calendar; Texas 2024 date approved in Decision 011,https://www.fec.gov/documents/4228/federalelections2020.xlsx,initial_calibration,2020,6,828305,819183,9122,"[""LISASAVAGE"", ""MAXPATRICKLINN"", ""SARAIGIDEON"", ""SUSANMARGARETCOLLINS""]",eligible,
2020-MI-ordinary-general,MI,2020,ordinary,general,2020-11-03,Official general-election calendar; Texas 2024 date approved in Decision 011,https://www.fec.gov/documents/4228/federalelections2020.xlsx,initial_calibration,2020,7,5479720,5479720,0,"[""DOUGDERN"", ""GARYPETERS"", ""JOHNJAMES"", ""MARCIASQUIER"", ""VALERIELWILLIS""]",pending,unresolved_result_party
2020-MN-ordinary-general,MN,2020,ordinary,general,2020-11-03,Official general-election calendar; Texas 2024 date approved in Decision 011,https://www.fec.gov/documents/4228/federalelections2020.xlsx,initial_calibration,2020,5,3214256,3214256,0,"[""JASONLEWIS"", ""KEVINOCONNOR"", ""OLIVERSTEINBERG"", ""TINASMITH""]",eligible,
2020-MS-ordinary-general,MS,2020,ordinary,general,2020-11-03,Official general-election calendar; Texas 2024 date approved in Decision 011,https://www.fec.gov/documents/4228/federalelections2020.xlsx,initial_calibration,2020,3,1311354,1311354,0,"[""CINDYHYDESMITH"", ""JIMMYLEDWARDS"", ""MIKEESPY""]",eligible,
2020-MT-ordinary-general,MT,2020,ordinary,general,2020-11-03,Official general-election calendar; Texas 2024 date approved in Decision 011,https://www.fec.gov/documents/4228/federalelections2020.xlsx,initial_calibration,2020,2,605637,605637,0,"[""STEVEBULLOCK"", ""STEVEDAINES""]",eligible,
2020-NC-ordinary-general,NC,2020,ordinary,general,2020-11-03,Official general-election calendar; Texas 2024 date approved in Decision 011,https://www.fec.gov/documents/4228/federalelections2020.xlsx,initial_calibration,2020,4,5474952,5474952,0,"[""CALCUNNINGHAM"", ""KEVINEHAYES"", ""SHANNONWBRAY"", ""THOMTILLIS""]",eligible,
2020-NE-ordinary-general,NE,2020,ordinary,general,2020-11-03,Official general-election calendar; Texas 2024 date approved in Decision 011,https://www.fec.gov/documents/4228/federalelections2020.xlsx,initial_calibration,2020,5,930012,930012,0,"[""BENSASSE"", ""CHRISJANICEK"", ""GENESIADEK""]",pending,unresolved_result_party
2020-NH-ordinary-general,NH,2020,ordinary,general,2020-11-03,Official general-election calendar; Texas 2024 date approved in Decision 011,https://www.fec.gov/documents/4228/federalelections2020.xlsx,initial_calibration,2020,4,795914,795914,0,"[""CORKYMESSNER"", ""JEANNESHAHEEN"", ""JUSTINODONNELL""]",eligible,
2020-NJ-ordinary-general,NJ,2020,ordinary,general,2020-11-03,Official general-election calendar; Texas 2024 date approved in Decision 011,https://www.fec.gov/documents/4228/federalelections2020.xlsx,initial_calibration,2020,5,4440440,4440440,0,"[""CORYBOOKER"", ""DANIELBURKE"", ""MADELYNRHOFFMAN"", ""RIKINRIKMEHTA"", ""VERONICAFERNANDEZ""]",pending,reference_vote_count_conflict
2020-NM-ordinary-general,NM,2020,ordinary,general,2020-11-03,Official general-election calendar; Texas 2024 date approved in Decision 011,https://www.fec.gov/documents/4228/federalelections2020.xlsx,initial_calibration,2020,3,917237,917237,0,"[""BENRLUJAN"", ""BOBWALSH"", ""MARKVRONCHETTI""]",eligible,
2020-OK-ordinary-general,OK,2020,ordinary,general,2020-11-03,Official general-election calendar; Texas 2024 date approved in Decision 011,https://www.fec.gov/documents/4228/federalelections2020.xlsx,initial_calibration,2020,5,1556361,1556361,0,"[""ABBYBROYLES"", ""ADNESBIT"", ""JIMINHOFE"", ""JOANFARR"", ""ROBERTMURPHY""]",eligible,
2020-OR-ordinary-general,OR,2020,ordinary,general,2020-11-03,Official general-election calendar; Texas 2024 date approved in Decision 011,https://www.fec.gov/documents/4228/federalelections2020.xlsx,initial_calibration,2020,5,2321249,2321249,0,"[""GARYDYE"", ""IBRAHIMATAHER"", ""JEFFMERKLEY"", ""JORAEPERKINS""]",eligible,
2020-RI-ordinary-general,RI,2020,ordinary,general,2020-11-03,Official general-election calendar; Texas 2024 date approved in Decision 011,https://www.fec.gov/documents/4228/federalelections2020.xlsx,initial_calibration,2020,3,494262,494262,0,"[""ALLENRWATERS"", ""JOHNFREED""]",eligible,
2020-SC-ordinary-general,SC,2020,ordinary,general,2020-11-03,Official general-election calendar; Texas 2024 date approved in Decision 011,https://www.fec.gov/documents/4228/federalelections2020.xlsx,initial_calibration,2020,4,2515104,2515104,0,"[""BILLBLEDSOE"", ""JAIMEHARRISON"", ""LINDSEYGRAHAM""]",eligible,
2020-SD-ordinary-general,SD,2020,ordinary,general,2020-11-03,Official general-election calendar; Texas 2024 date approved in Decision 011,https://www.fec.gov/documents/4228/federalelections2020.xlsx,initial_calibration,2020,2,420219,420219,0,"[""DANAHLERS"", ""MIKEROUNDS""]",pending,unofficial_source_returns
2020-TN-ordinary-general,TN,2020,ordinary,general,2020-11-03,Official general-election calendar; Texas 2024 date approved in Decision 011,https://www.fec.gov/documents/4228/federalelections2020.xlsx,initial_calibration,2020,12,2959761,2959761,0,"[""AARONJAMES"", ""BILLHAGERTY"", ""ELIZABETHMCLEOD"", ""ERICWILLIAMSTANSBERRY"", ""GDEANHILL"", ""JEFFREYALANGRUNAU"", ""KACEYMORGAN"", ""MARQUITABRADSHAW"", ""RONNIEHENLEY"", ""STEVENJHOOPER"", ""YOMIFAPASFAPARUSISR""]",pending,unresolved_result_party
2020-TX-ordinary-general,TX,2020,ordinary,general,2020-11-03,Official general-election calendar; Texas 2024 date approved in Decision 011,https://www.fec.gov/documents/4228/federalelections2020.xlsx,initial_calibration,2020,5,11144040,11144040,0,"[""DAVIDBCOLLINS"", ""JOHNCORNYN"", ""KERRYDOUGLASMCKENNON"", ""MARYMJHEGAR""]",pending,unresolved_result_party
2020-VA-ordinary-general,VA,2020,ordinary,general,2020-11-03,Official general-election calendar; Texas 2024 date approved in Decision 011,https://www.fec.gov/documents/4228/federalelections2020.xlsx,initial_calibration,2020,3,4405087,4405087,0,"[""DANIELMGADE"", ""MARKRWARNER""]",eligible,
2020-WV-ordinary-general,WV,2020,ordinary,general,2020-11-03,Official general-election calendar; Texas 2024 date approved in Decision 011,https://www.fec.gov/documents/4228/federalelections2020.xlsx,initial_calibration,2020,3,778918,778918,0,"[""DAVIDMORAN"", ""PAULAJEANSWEARENGIN"", ""SHELLEYMOORECAPITO""]",eligible,
2020-WY-ordinary-general,WY,2020,ordinary,general,2020-11-03,Official general-election calendar; Texas 2024 date approved in Decision 011,https://www.fec.gov/documents/4228/federalelections2020.xlsx,initial_calibration,2020,5,278503,271937,6566,"[""CYNTHIAMLUMMIS"", ""MERAVBENDAVID""]",eligible,
2024-AZ-ordinary-general,AZ,2024,ordinary,general,2024-11-05,Official general-election calendar; Texas 2024 date approved in Decision 011,Decision 011 / Rahan-confirmed 2024-11-05,outside_scope,2024,3,3347964,3347964,0,"[""EDUARDOQUINTANA"", ""KARILAKE"", ""RUBENGALLEGO""]",excluded,outside_initial_calibration_scope;unofficial_source_returns
2024-CA-ordinary-general,CA,2024,ordinary,general,2024-11-05,Official general-election calendar; Texas 2024 date approved in Decision 011,Decision 011 / Rahan-confirmed 2024-11-05,outside_scope,2024,2,15348846,15348846,0,"[""ADAMBSCHIFF"", ""STEVEGARVEY""]",excluded,outside_initial_calibration_scope
2024-CA-special-general,CA,2024,special,general,2024-11-05,Official general-election calendar; Texas 2024 date approved in Decision 011,Decision 011 / Rahan-confirmed 2024-11-05,outside_scope,2024,2,15041688,15041688,0,"[""ADAMBSCHIFF"", ""STEVEGARVEY""]",excluded,outside_initial_calibration_scope;unofficial_source_returns
2024-CT-ordinary-general,CT,2024,ordinary,general,2024-11-05,Official general-election calendar; Texas 2024 date approved in Decision 011,Decision 011 / Rahan-confirmed 2024-11-05,outside_scope,2024,6,1708259,1708259,0,"[""CHRISTOPHERSMURPHY"", ""JUSTINCPAGLINO"", ""MATTHEWMCOREY"", ""OTHER"", ""ROBERTFINLEYHYDE""]",excluded,outside_initial_calibration_scope
2024-DE-ordinary-general,DE,2024,ordinary,general,2024-11-05,Official general-election calendar; Texas 2024 date approved in Decision 011,Decision 011 / Rahan-confirmed 2024-11-05,outside_scope,2024,3,500606,500606,0,"[""ERICHANSEN"", ""LISABLUNTROCHESTER"", ""MICHAELDRMIKEKATZ""]",excluded,outside_initial_calibration_scope
2024-FL-ordinary-general,FL,2024,ordinary,general,2024-11-05,Official general-election calendar; Texas 2024 date approved in Decision 011,Decision 011 / Rahan-confirmed 2024-11-05,outside_scope,2024,6,10757428,10757428,0,"[""BENEVERIDGE"", ""DEBBIEMUCARSELPOWELL"", ""FEENABONOAN"", ""OTHER"", ""RICKSCOTT"", ""TUANNGUYEN""]",excluded,outside_initial_calibration_scope
2024-HI-ordinary-general,HI,2024,ordinary,general,2024-11-05,Official general-election calendar; Texas 2024 date approved in Decision 011,Decision 011 / Rahan-confirmed 2024-11-05,outside_scope,2024,4,501763,501763,0,"[""BOBMCDERMOTT"", ""EMMAJANEAVILAPOHLMAN"", ""MAZIEKHIRONO"", ""SHELBYPIKACHUBILLIONAIRE""]",excluded,outside_initial_calibration_scope
2024-IN-ordinary-general,IN,2024,ordinary,general,2024-11-05,Official general-election calendar; Texas 2024 date approved in Decision 011,Decision 011 / Rahan-confirmed 2024-11-05,outside_scope,2024,4,2829897,2829897,0,"[""ANDREWHORNING"", ""JIMBANKS"", ""OTHER"", ""VALERIEMCCRAY""]",excluded,outside_initial_calibration_scope
2024-MA-ordinary-general,MA,2024,ordinary,general,2024-11-05,Official general-election calendar; Texas 2024 date approved in Decision 011,Decision 011 / Rahan-confirmed 2024-11-05,outside_scope,2024,4,3512930,3413329,99601,"[""ELIZABETHANNWARREN"", ""JOHNDEATON"", ""OTHER""]",excluded,outside_initial_calibration_scope
2024-MD-ordinary-general,MD,2024,ordinary,general,2024-11-05,Official general-election calendar; Texas 2024 date approved in Decision 011,Decision 011 / Rahan-confirmed 2024-11-05,outside_scope,2024,4,3021378,3021378,0,"[""ANGELAALSOBROOKS"", ""LARRYHOGAN"", ""MIKESCOTT"", ""OTHER""]",excluded,outside_initial_calibration_scope
2024-ME-ordinary-general,ME,2024,ordinary,general,2024-11-05,Official general-election calendar; Texas 2024 date approved in Decision 011,Decision 011 / Rahan-confirmed 2024-11-05,outside_scope,2024,5,842447,821072,21375,"[""ANGUSSKINGJR"", ""DAVIDALLENCOSTELLO"", ""DEMIKOUZOUNAS"", ""JASONSCHERRY""]",excluded,outside_initial_calibration_scope
2024-MI-ordinary-general,MI,2024,ordinary,general,2024-11-05,Official general-election calendar; Texas 2024 date approved in Decision 011,Decision 011 / Rahan-confirmed 2024-11-05,outside_scope,2024,7,5577187,5577187,0,"[""DAVESTEIN"", ""DOUGDERN"", ""DOUGLASPMARSH"", ""ELISSASLOTKIN"", ""JOSEPHSOLISMULLEN"", ""MIKEROGERS"", ""OTHER""]",excluded,outside_initial_calibration_scope
2024-MN-ordinary-general,MN,2024,ordinary,general,2024-11-05,Official general-election calendar; Texas 2024 date approved in Decision 011,Decision 011 / Rahan-confirmed 2024-11-05,outside_scope,2024,5,3189323,3189323,0,"[""AMYKLOBUCHAR"", ""JOYCELYNNELACEY"", ""OTHER"", ""REBECCAWHITING"", ""ROYCEWHITE""]",excluded,outside_initial_calibration_scope
2024-MO-ordinary-general,MO,2024,ordinary,general,2024-11-05,Official general-election calendar; Texas 2024 date approved in Decision 011,Decision 011 / Rahan-confirmed 2024-11-05,outside_scope,2024,6,2972559,2972559,0,"[""JAREDYOUNG"", ""JOSHHAWLEY"", ""LUCASKUNCE"", ""NATHANKLINE"", ""OTHER"", ""WCYOUNG""]",excluded,outside_initial_calibration_scope
2024-MS-ordinary-general,MS,2024,ordinary,general,2024-11-05,Official general-election calendar; Texas 2024 date approved in Decision 011,Decision 011 / Rahan-confirmed 2024-11-05,outside_scope,2024,2,1215401,1215401,0,"[""ROGERFWICKER"", ""TYPINKINS""]",excluded,outside_initial_calibration_scope;unresolved_result_party;unresolved_result_sides
2024-MT-ordinary-general,MT,2024,ordinary,general,2024-11-05,Official general-election calendar; Texas 2024 date approved in Decision 011,Decision 011 / Rahan-confirmed 2024-11-05,outside_scope,2024,4,607262,607262,0,"[""JONTESTER"", ""ROBERTBARB"", ""SIDDAOUD"", ""TIMSHEEHY""]",excluded,outside_initial_calibration_scope
2024-ND-ordinary-general,ND,2024,ordinary,general,2024-11-05,Official general-election calendar; Texas 2024 date approved in Decision 011,Decision 011 / Rahan-confirmed 2024-11-05,outside_scope,2024,3,364327,364327,0,"[""KATRINACHRISTIANSEN"", ""KEVINCRAMER"", ""OTHER""]",excluded,outside_initial_calibration_scope
2024-NE-ordinary-general,NE,2024,ordinary,general,2024-11-05,Official general-election calendar; Texas 2024 date approved in Decision 011,Decision 011 / Rahan-confirmed 2024-11-05,outside_scope,2024,3,938336,938336,0,"[""DANOSBORN"", ""DEBFISCHER"", ""OTHER""]",excluded,outside_initial_calibration_scope;missing_D_or_R_side
2024-NE-special-general,NE,2024,special,general,2024-11-05,Official general-election calendar; Texas 2024 date approved in Decision 011,Decision 011 / Rahan-confirmed 2024-11-05,outside_scope,2024,2,935005,935005,0,"[""PETERICKETTS"", ""PRESTONLOVEJR""]",excluded,outside_initial_calibration_scope;unofficial_source_returns
2024-NJ-ordinary-general,NJ,2024,ordinary,general,2024-11-05,Official general-election calendar; Texas 2024 date approved in Decision 011,Decision 011 / Rahan-confirmed 2024-11-05,outside_scope,2024,6,4031795,4031795,0,"[""ANDYKIM"", ""CHRISTINAKHALIL"", ""CURTISBASHAW"", ""JOANNEKUNIANSKY"", ""KENNETHRKAPLAN"", ""PATRICIAGMOONEYHAM""]",excluded,outside_initial_calibration_scope
2024-NM-ordinary-general,NM,2024,ordinary,general,2024-11-05,Official general-election calendar; Texas 2024 date approved in Decision 011,Decision 011 / Rahan-confirmed 2024-11-05,outside_scope,2024,2,903311,903311,0,"[""MARTINHEINRICH"", ""NELLALOUISEDOMENICI""]",excluded,outside_initial_calibration_scope
2024-NV-ordinary-general,NV,2024,ordinary,general,2024-11-05,Official general-election calendar; Texas 2024 date approved in Decision 011,Decision 011 / Rahan-confirmed 2024-11-05,outside_scope,2024,5,1464728,,0,"[""CHRISCUNNINGHAM"", ""JACKYSROSEN"", ""JANINEHANSEN"", ""SAMBROWN""]",excluded,outside_initial_calibration_scope;unresolved_result_party;ballot_option_denominator_pending;unresolved_result_sides
2024-NY-ordinary-general,NY,2024,ordinary,general,2024-11-05,Official general-election calendar; Texas 2024 date approved in Decision 011,Decision 011 / Rahan-confirmed 2024-11-05,outside_scope,2024,6,8381397,8011270,370127,"[""DIANESARE"", ""KIRSTENEGILLIBRAND"", ""MICHAELDSAPRAICONE"", ""OTHER""]",excluded,outside_initial_calibration_scope
2024-OH-ordinary-general,OH,2024,ordinary,general,2024-11-05,Official general-election calendar; Texas 2024 date approved in Decision 011,Decision 011 / Rahan-confirmed 2024-11-05,outside_scope,2024,4,5704620,5704620,0,"[""BERNIEMORENO"", ""DONKISSICK"", ""OTHER"", ""SHERRODBROWN""]",excluded,outside_initial_calibration_scope
2024-PA-ordinary-general,PA,2024,ordinary,general,2024-11-05,Official general-election calendar; Texas 2024 date approved in Decision 011,Decision 011 / Rahan-confirmed 2024-11-05,outside_scope,2024,5,6963137,6963137,0,"[""DAVEMCCORMICK"", ""JOHNCTHOMAS"", ""LEILAHAZOU"", ""MARTYSELKER"", ""ROBERTPCASEYJR""]",excluded,outside_initial_calibration_scope
2024-RI-ordinary-general,RI,2024,ordinary,general,2024-11-05,Official general-election calendar; Texas 2024 date approved in Decision 011,Decision 011 / Rahan-confirmed 2024-11-05,outside_scope,2024,3,491948,491948,0,"[""OTHER"", ""PATRICIAMORGAN"", ""SHELDONWHITEHOUSE""]",excluded,outside_initial_calibration_scope
2024-TN-ordinary-general,TN,2024,ordinary,general,2024-11-05,Official general-election calendar; Texas 2024 date approved in Decision 011,Decision 011 / Rahan-confirmed 2024-11-05,outside_scope,2024,5,3007608,3007608,0,"[""GLORIAJOHNSON"", ""HASTINAROBINSON"", ""MARSHABLACKBURN"", ""PAMELAJEANINEPMOSES"", ""THARONCHANDLER""]",excluded,outside_initial_calibration_scope
2024-TX-ordinary-general,TX,2024,ordinary,general,2024-11-05,Official general-election calendar; Texas 2024 date approved in Decision 011,Decision 011 / Rahan-confirmed 2024-11-05,initial_calibration,2024,4,11291854,11291854,0,"[""COLINALLRED"", ""OTHER"", ""TEDBROWN"", ""TEDCRUZ""]",eligible,
2024-UT-ordinary-general,UT,2024,ordinary,general,2024-11-05,Official general-election calendar; Texas 2024 date approved in Decision 011,Decision 011 / Rahan-confirmed 2024-11-05,outside_scope,2024,4,1463509,1463509,0,"[""CARLTONEBOWEN"", ""CAROLINEGLEICH"", ""JOHNCURTIS"", ""OTHER""]",excluded,outside_initial_calibration_scope
2024-VA-ordinary-general,VA,2024,ordinary,general,2024-11-05,Official general-election calendar; Texas 2024 date approved in Decision 011,Decision 011 / Rahan-confirmed 2024-11-05,outside_scope,2024,3,4445535,4445535,0,"[""HUNGCAO"", ""OTHER"", ""TIMOTHYMKAINE""]",excluded,outside_initial_calibration_scope
2024-VT-ordinary-general,VT,2024,ordinary,general,2024-11-05,Official general-election calendar; Texas 2024 date approved in Decision 011,Decision 011 / Rahan-confirmed 2024-11-05,outside_scope,2024,9,372885,363253,9632,"[""BERNIESANDERS"", ""GERALDMALLOY"", ""JUSTINSCHOVILLE"", ""MARKSTEWARTGREENSTEIN"", ""MATTHILL"", ""OTHER"", ""STEVEBERRY""]",excluded,outside_initial_calibration_scope;missing_D_or_R_side
2024-WA-ordinary-general,WA,2024,ordinary,general,2024-11-05,Official general-election calendar; Texas 2024 date approved in Decision 011,Decision 011 / Rahan-confirmed 2024-11-05,outside_scope,2024,3,3812391,3812391,0,"[""DRRAULGARCIA"", ""MARIACANTWELL"", ""OTHER""]",excluded,outside_initial_calibration_scope;unofficial_source_returns
2024-WI-ordinary-general,WI,2024,ordinary,general,2024-11-05,Official general-election calendar; Texas 2024 date approved in Decision 011,Decision 011 / Rahan-confirmed 2024-11-05,outside_scope,2024,5,3390787,3390787,0,"[""ERICHOVDE"", ""OTHER"", ""PHILANDERSON"", ""TAMMYBALDWIN"", ""THOMASLEAGER""]",excluded,outside_initial_calibration_scope
2024-WV-ordinary-general,WV,2024,ordinary,general,2024-11-05,Official general-election calendar; Texas 2024 date approved in Decision 011,Decision 011 / Rahan-confirmed 2024-11-05,outside_scope,2024,4,747717,747717,0,"[""DAVIDMORAN"", ""GLENNELLIOTT"", ""JIMJUSTICE"", ""OTHER""]",excluded,outside_initial_calibration_scope
2024-WY-ordinary-general,WY,2024,ordinary,general,2024-11-05,Official general-election calendar; Texas 2024 date approved in Decision 011,Decision 011 / Rahan-confirmed 2024-11-05,outside_scope,2024,5,271123,264162,6961,"[""JOHNBARRASSO"", ""OTHER"", ""SCOTTDMORROW""]",excluded,outside_initial_calibration_scope
