record_type,record_key,contest_id,status,reasons
contest,2018-CA-ordinary-general,2018-CA-ordinary-general,excluded,missing_D_or_R_side
contest,2020-AR-ordinary-general,2020-AR-ordinary-general,excluded,missing_D_or_R_side
contest,2024-AZ-ordinary-general,2024-AZ-ordinary-general,excluded,outside_initial_calibration_scope;unofficial_source_returns
contest,2024-CA-ordinary-general,2024-CA-ordinary-general,excluded,outside_initial_calibration_scope
contest,2024-CA-special-general,2024-CA-special-general,excluded,outside_initial_calibration_scope;unofficial_source_returns
contest,2024-CT-ordinary-general,2024-CT-ordinary-general,excluded,outside_initial_calibration_scope
contest,2024-DE-ordinary-general,2024-DE-ordinary-general,excluded,outside_initial_calibration_scope
contest,2024-FL-ordinary-general,2024-FL-ordinary-general,excluded,outside_initial_calibration_scope
contest,2024-HI-ordinary-general,2024-HI-ordinary-general,excluded,outside_initial_calibration_scope
contest,2024-IN-ordinary-general,2024-IN-ordinary-general,excluded,outside_initial_calibration_scope
contest,2024-MA-ordinary-general,2024-MA-ordinary-general,excluded,outside_initial_calibration_scope
contest,2024-MD-ordinary-general,2024-MD-ordinary-general,excluded,outside_initial_calibration_scope
contest,2024-ME-ordinary-general,2024-ME-ordinary-general,excluded,outside_initial_calibration_scope
contest,2024-MI-ordinary-general,2024-MI-ordinary-general,excluded,outside_initial_calibration_scope
contest,2024-MN-ordinary-general,2024-MN-ordinary-general,excluded,outside_initial_calibration_scope
contest,2024-MO-ordinary-general,2024-MO-ordinary-general,excluded,outside_initial_calibration_scope
contest,2024-MS-ordinary-general,2024-MS-ordinary-general,excluded,outside_initial_calibration_scope;unresolved_result_party;unresolved_result_sides
contest,2024-MT-ordinary-general,2024-MT-ordinary-general,excluded,outside_initial_calibration_scope
contest,2024-ND-ordinary-general,2024-ND-ordinary-general,excluded,outside_initial_calibration_scope
contest,2024-NE-ordinary-general,2024-NE-ordinary-general,excluded,outside_initial_calibration_scope;missing_D_or_R_side
contest,2024-NE-special-general,2024-NE-special-general,excluded,outside_initial_calibration_scope;unofficial_source_returns
contest,2024-NJ-ordinary-general,2024-NJ-ordinary-general,excluded,outside_initial_calibration_scope
contest,2024-NM-ordinary-general,2024-NM-ordinary-general,excluded,outside_initial_calibration_scope
contest,2024-NV-ordinary-general,2024-NV-ordinary-general,excluded,outside_initial_calibration_scope;unresolved_result_party;ballot_option_denominator_pending;unresolved_result_sides
contest,2024-NY-ordinary-general,2024-NY-ordinary-general,excluded,outside_initial_calibration_scope
contest,2024-OH-ordinary-general,2024-OH-ordinary-general,excluded,outside_initial_calibration_scope
contest,2024-PA-ordinary-general,2024-PA-ordinary-general,excluded,outside_initial_calibration_scope
contest,2024-RI-ordinary-general,2024-RI-ordinary-general,excluded,outside_initial_calibration_scope
contest,2024-TN-ordinary-general,2024-TN-ordinary-general,excluded,outside_initial_calibration_scope
contest,2024-UT-ordinary-general,2024-UT-ordinary-general,excluded,outside_initial_calibration_scope
contest,2024-VA-ordinary-general,2024-VA-ordinary-general,excluded,outside_initial_calibration_scope
contest,2024-VT-ordinary-general,2024-VT-ordinary-general,excluded,outside_initial_calibration_scope;missing_D_or_R_side
contest,2024-WA-ordinary-general,2024-WA-ordinary-general,excluded,outside_initial_calibration_scope;unofficial_source_returns
contest,2024-WI-ordinary-general,2024-WI-ordinary-general,excluded,outside_initial_calibration_scope
contest,2024-WV-ordinary-general,2024-WV-ordinary-general,excluded,outside_initial_calibration_scope
contest,2024-WY-ordinary-general,2024-WY-ordinary-general,excluded,outside_initial_calibration_scope
question,538:2020:8737:74006:138845,2020-GA-ordinary-runoff,excluded,partisan_or_internal;contest_pending
question,538:2020:7781:74006:138846,2020-GA-special-runoff,excluded,partisan_or_internal;contest_pending
question,538:2020:8737:73991:138819,2020-GA-ordinary-runoff,excluded,partisan_or_internal;contest_pending
question,538:2020:7781:73991:138820,2020-GA-special-runoff,excluded,partisan_or_internal;contest_pending
question,538:2020:8737:73959:138757,2020-GA-ordinary-runoff,excluded,non_LV_population;contest_pending
question,538:2020:7781:73959:138758,2020-GA-special-runoff,excluded,non_LV_population;contest_pending
question,538:2020:8737:73906:138663,2020-GA-ordinary-runoff,excluded,partisan_or_internal;contest_pending
question,538:2020:7781:73906:138664,2020-GA-special-runoff,excluded,partisan_or_internal;contest_pending
question,538:2020:8737:73955:138741,2020-GA-ordinary-runoff,excluded,partisan_or_internal;contest_pending
question,538:2020:7781:73955:138742,2020-GA-special-runoff,excluded,partisan_or_internal;contest_pending
question,538:2020:8737:73835:138503,2020-GA-ordinary-runoff,excluded,partisan_or_internal;contest_pending
question,538:2020:7781:73835:138504,2020-GA-special-runoff,excluded,partisan_or_internal;contest_pending
question,538:2020:8737:73702:138266,2020-GA-ordinary-runoff,excluded,partisan_or_internal;contest_pending
question,538:2020:7781:73702:138267,2020-GA-special-runoff,excluded,partisan_or_internal;contest_pending
question,538:2020:8737:73495:137883,2020-GA-ordinary-runoff,excluded,partisan_or_internal;contest_pending
question,538:2020:7781:73495:137884,2020-GA-special-runoff,excluded,partisan_or_internal;contest_pending
question,538:2020:8737:73525:137950,2020-GA-ordinary-runoff,excluded,partisan_or_internal;contest_pending
question,538:2020:7781:73525:137951,2020-GA-special-runoff,excluded,partisan_or_internal;contest_pending
question,538:2020:7781:73164:137165,2020-GA-special-runoff,excluded,partisan_or_internal;contest_pending
question,538:2020:6272:72621:136284,2020-IA-ordinary-general,excluded,non_LV_population
question,538:2020:6279:72801:136607,2020-ME-ordinary-general,excluded,alternate_question
question,538:2020:6268:72649:136328,2020-AZ-special-general,excluded,non_LV_population
question,538:2020:6280:72333:135713,2020-MI-ordinary-general,excluded,non_LV_population;partisan_or_internal;contest_pending
question,538:2020:6281:72405:135861,2020-MN-ordinary-general,excluded,non_LV_population
question,538:2020:6280:72416:135879,2020-MI-ordinary-general,excluded,non_LV_population;contest_pending
question,538:2020:6268:72417:135887,2020-AZ-special-general,excluded,non_LV_population
question,538:2020:6284:72418:135890,2020-NC-ordinary-general,excluded,non_LV_population
question,538:2020:6281:72503:136064,2020-MN-ordinary-general,excluded,non_LV_population
question,538:2020:6271:72187:135403,2020-GA-ordinary-general,excluded,non_LV_population
question,538:2020:7780:72187:135404,2020-GA-special-first,excluded,non_LV_population
question,538:2020:6284:72331:135705,2020-NC-ordinary-general,excluded,non_LV_population
question,538:2020:6276:72239:135527,2020-KY-ordinary-general,excluded,non_LV_population;contest_pending
question,538:2020:6284:72057:135089,2020-NC-ordinary-general,excluded,non_LV_population;partisan_or_internal
question,538:2020:6283:72062:135099,2020-MT-ordinary-general,excluded,non_LV_population;partisan_or_internal
question,538:2020:6275:72165:135351,2020-KS-ordinary-general,excluded,partisan_or_internal
question,538:2020:6275:72165:135352,2020-KS-ordinary-general,excluded,partisan_or_internal
question,538:2020:6284:72397:135839,2020-NC-ordinary-general,excluded,partisan_or_internal
question,538:2020:6271:72146:135283,2020-GA-ordinary-general,excluded,non_LV_population
question,538:2020:7780:72146:135286,2020-GA-special-first,excluded,non_LV_population
question,538:2020:7781:72146:135289,2020-GA-special-runoff,excluded,non_LV_population;contest_pending
question,538:2020:7781:72146:135290,2020-GA-special-runoff,excluded,non_LV_population;confirmed_nonballot_candidate;contest_pending;question_missing_D_or_R_side
question,538:2020:7781:72146:135323,2020-GA-special-runoff,excluded,confirmed_nonballot_candidate;contest_pending;question_missing_D_or_R_side
question,538:2020:6279:72179:135389,2020-ME-ordinary-general,excluded,alternate_question
question,538:2020:6292:72071:135118,2020-SC-ordinary-general,excluded,partisan_or_internal
question,538:2020:6280:72073:135120,2020-MI-ordinary-general,excluded,partisan_or_internal;contest_pending
question,538:2020:7781:72040:135055,2020-GA-special-runoff,excluded,confirmed_nonballot_candidate;contest_pending;question_missing_D_or_R_side
question,538:2020:6295:71957:134886,2020-TX-ordinary-general,excluded,partisan_or_internal;contest_pending;unresolved_poll_side
question,538:2020:6268:72161:135337,2020-AZ-special-general,excluded,non_LV_population
question,538:2020:6280:72074:135125,2020-MI-ordinary-general,excluded,non_LV_population;contest_pending
question,538:2020:6268:72147:135278,2020-AZ-special-general,excluded,non_LV_population
question,538:2020:6295:72149:135279,2020-TX-ordinary-general,excluded,non_LV_population;contest_pending
question,538:2020:6268:72067:135111,2020-AZ-special-general,excluded,partisan_or_internal
question,538:2020:6287:72205:135439,2020-NJ-ordinary-general,excluded,non_LV_population;contest_pending
question,538:2020:6266:71959:134888,2020-AL-ordinary-general,excluded,partisan_or_internal
question,538:2020:6280:71679:134287,2020-MI-ordinary-general,excluded,non_LV_population;partisan_or_internal;contest_pending
question,538:2020:6294:71749:134437,2020-TN-ordinary-general,excluded,partisan_or_internal;contest_pending
question,538:2020:6284:71891:135039,2020-NC-ordinary-general,excluded,partisan_or_internal
question,538:2020:6285:71675:134276,2020-NE-ordinary-general,excluded,partisan_or_internal;contest_pending
question,538:2020:6267:72141:135273,2020-AR-ordinary-general,excluded,contest_excluded;question_missing_D_or_R_side
question,538:2020:6275:71558:134049,2020-KS-ordinary-general,excluded,non_LV_population;partisan_or_internal
question,538:2020:6265:71560:134053,2020-AK-ordinary-general,excluded,non_LV_population;partisan_or_internal
question,538:2020:6276:71672:134270,2020-KY-ordinary-general,excluded,partisan_or_internal;contest_pending
question,538:2020:6275:71545:134022,2020-KS-ordinary-general,excluded,partisan_or_internal
question,538:2020:6280:71625:134195,2020-MI-ordinary-general,excluded,non_LV_population;contest_pending
question,538:2020:6295:71884:134739,2020-TX-ordinary-general,excluded,non_LV_population;contest_pending
question,538:2020:6295:71458:133839,2020-TX-ordinary-general,excluded,partisan_or_internal;contest_pending
question,538:2020:7781:71435:133780,2020-GA-special-runoff,excluded,confirmed_nonballot_candidate;contest_pending;question_missing_D_or_R_side
question,538:2020:6265:71735:134398,2020-AK-ordinary-general,excluded,partisan_or_internal
question,538:2020:6272:71548:134029,2020-IA-ordinary-general,excluded,non_LV_population
question,538:2020:7781:71454:133829,2020-GA-special-runoff,excluded,confirmed_nonballot_candidate;contest_pending;question_missing_D_or_R_side
question,538:2020:6295:71437:133786,2020-TX-ordinary-general,excluded,partisan_or_internal;contest_pending;unresolved_poll_side
question,538:2020:6280:71623:134182,2020-MI-ordinary-general,excluded,partisan_or_internal;contest_pending
question,538:2020:6280:71649:134234,2020-MI-ordinary-general,excluded,partisan_or_internal;contest_pending
question,538:2020:6284:71752:134443,2020-NC-ordinary-general,excluded,partisan_or_internal
question,538:2020:6288:71528:133973,2020-NM-ordinary-general,excluded,partisan_or_internal
question,538:2020:6288:71528:133974,2020-NM-ordinary-general,excluded,partisan_or_internal
question,538:2020:6284:71441:133801,2020-NC-ordinary-general,excluded,non_LV_population
question,538:2020:6292:71233:133369,2020-SC-ordinary-general,excluded,partisan_or_internal
question,538:2020:6295:71169:133244,2020-TX-ordinary-general,excluded,non_LV_population;contest_pending
question,538:2020:6271:71759:134461,2020-GA-ordinary-general,excluded,partisan_or_internal
question,538:2020:7780:71759:134462,2020-GA-special-first,excluded,partisan_or_internal
question,538:2020:6280:71238:133386,2020-MI-ordinary-general,excluded,partisan_or_internal;contest_pending
question,538:2020:6266:71235:133379,2020-AL-ordinary-general,excluded,partisan_or_internal
question,538:2020:6266:71434:133775,2020-AL-ordinary-general,excluded,partisan_or_internal
question,538:2020:6271:71566:134062,2020-GA-ordinary-general,excluded,partisan_or_internal
question,538:2020:6271:71566:134173,2020-GA-ordinary-general,excluded,partisan_or_internal
question,538:2020:6267:71160:133784,2020-AR-ordinary-general,excluded,contest_excluded;question_missing_D_or_R_side
question,538:2020:6265:71162:133226,2020-AK-ordinary-general,excluded,partisan_or_internal
question,538:2020:6268:71090:133068,2020-AZ-special-general,excluded,non_LV_population
question,538:2020:7781:71000:132880,2020-GA-special-runoff,excluded,confirmed_nonballot_candidate;contest_pending;question_missing_D_or_R_side
question,538:2020:6296:71359:133634,2020-VA-ordinary-general,excluded,partisan_or_internal
question,538:2020:6284:70780:132419,2020-NC-ordinary-general,excluded,non_LV_population
question,538:2020:6271:71010:132894,2020-GA-ordinary-general,excluded,partisan_or_internal
question,538:2020:7780:71010:132895,2020-GA-special-first,excluded,partisan_or_internal
question,538:2020:7781:71010:132897,2020-GA-special-runoff,excluded,partisan_or_internal;contest_pending
question,538:2020:7781:71010:132898,2020-GA-special-runoff,excluded,partisan_or_internal;confirmed_nonballot_candidate;contest_pending;question_missing_D_or_R_side
question,538:2020:6292:71011:132896,2020-SC-ordinary-general,excluded,partisan_or_internal
question,538:2020:6272:71083:133055,2020-IA-ordinary-general,excluded,partisan_or_internal
question,538:2020:6283:70732:132323,2020-MT-ordinary-general,excluded,non_LV_population
question,538:2020:6271:70715:132278,2020-GA-ordinary-general,excluded,non_LV_population
question,538:2020:7780:70715:132279,2020-GA-special-first,excluded,non_LV_population
question,538:2020:6267:70727:132314,2020-AR-ordinary-general,excluded,partisan_or_internal;contest_excluded;question_missing_D_or_R_side
question,538:2020:6268:70728:132315,2020-AZ-special-general,excluded,partisan_or_internal
question,538:2020:6272:71760:134463,2020-IA-ordinary-general,excluded,partisan_or_internal
question,538:2020:6280:71761:134464,2020-MI-ordinary-general,excluded,partisan_or_internal;contest_pending
question,538:2020:6265:71163:133227,2020-AK-ordinary-general,excluded,partisan_or_internal
question,538:2020:6268:70681:132199,2020-AZ-special-general,excluded,partisan_or_internal
question,538:2020:6284:70576:131668,2020-NC-ordinary-general,excluded,non_LV_population
question,538:2020:6280:70632:132071,2020-MI-ordinary-general,excluded,non_LV_population;partisan_or_internal;contest_pending
question,538:2020:6268:71758:134460,2020-AZ-special-general,excluded,partisan_or_internal
question,538:2020:6283:70656:132127,2020-MT-ordinary-general,excluded,partisan_or_internal;confirmed_nonballot_candidate
question,538:2020:6284:70657:132128,2020-NC-ordinary-general,excluded,partisan_or_internal
question,538:2020:6295:70658:132129,2020-TX-ordinary-general,excluded,partisan_or_internal;contest_pending;unresolved_poll_side
question,538:2020:6292:70790:132441,2020-SC-ordinary-general,excluded,partisan_or_internal
question,538:2020:6279:70610:132025,2020-ME-ordinary-general,excluded,non_LV_population
question,538:2020:6268:72068:135112,2020-AZ-special-general,excluded,partisan_or_internal
question,538:2020:6266:70580:131963,2020-AL-ordinary-general,excluded,non_LV_population
question,538:2020:6280:70129:130658,2020-MI-ordinary-general,excluded,non_LV_population;partisan_or_internal;contest_pending
question,538:2020:7781:70049:130486,2020-GA-special-runoff,excluded,confirmed_nonballot_candidate;contest_pending;question_missing_D_or_R_side
question,538:2020:7781:70049:130488,2020-GA-special-runoff,excluded,confirmed_nonballot_candidate;contest_pending;question_missing_D_or_R_side
question,538:2020:7781:70049:130489,2020-GA-special-runoff,excluded,confirmed_nonballot_candidate;contest_pending;question_missing_D_or_R_side
question,538:2020:6280:70057:130580,2020-MI-ordinary-general,excluded,partisan_or_internal;contest_pending
question,538:2020:6292:70670:132164,2020-SC-ordinary-general,excluded,partisan_or_internal
question,538:2020:6268:70079:130562,2020-AZ-special-general,excluded,partisan_or_internal
question,538:2020:6272:70080:130563,2020-IA-ordinary-general,excluded,partisan_or_internal
question,538:2020:6272:70080:130564,2020-IA-ordinary-general,excluded,partisan_or_internal
question,538:2020:6279:70081:130565,2020-ME-ordinary-general,excluded,partisan_or_internal
question,538:2020:6279:70081:130566,2020-ME-ordinary-general,excluded,partisan_or_internal
question,538:2020:6292:70082:130567,2020-SC-ordinary-general,excluded,partisan_or_internal
question,538:2020:6292:70082:130568,2020-SC-ordinary-general,excluded,partisan_or_internal
question,538:2020:6284:70106:130602,2020-NC-ordinary-general,excluded,non_LV_population;partisan_or_internal
question,538:2020:6275:70056:130508,2020-KS-ordinary-general,excluded,partisan_or_internal
question,538:2020:6271:70131:130669,2020-GA-ordinary-general,excluded,partisan_or_internal
question,538:2020:7780:70131:130675,2020-GA-special-first,excluded,partisan_or_internal
question,538:2020:6272:70132:130670,2020-IA-ordinary-general,excluded,partisan_or_internal
question,538:2020:6284:70133:130671,2020-NC-ordinary-general,excluded,partisan_or_internal
question,538:2020:6280:70006:130404,2020-MI-ordinary-general,excluded,partisan_or_internal;contest_pending
question,538:2020:6296:71360:133633,2020-VA-ordinary-general,excluded,partisan_or_internal
question,538:2020:6292:69997:130361,2020-SC-ordinary-general,excluded,partisan_or_internal
question,538:2020:6265:70015:130423,2020-AK-ordinary-general,excluded,partisan_or_internal
question,538:2020:6280:69995:130359,2020-MI-ordinary-general,excluded,non_LV_population;contest_pending
question,538:2020:6279:69705:129974,2020-ME-ordinary-general,excluded,partisan_or_internal
question,538:2020:6272:69943:130249,2020-IA-ordinary-general,excluded,non_LV_population
question,538:2020:6284:70010:130414,2020-NC-ordinary-general,excluded,non_LV_population
question,538:2020:6271:69690:129933,2020-GA-ordinary-general,excluded,non_LV_population
question,538:2020:7780:69690:129936,2020-GA-special-first,excluded,non_LV_population
question,538:2020:6268:69675:129895,2020-AZ-special-general,excluded,non_LV_population
question,538:2020:6268:69981:130331,2020-AZ-special-general,excluded,partisan_or_internal
question,538:2020:6280:69983:130332,2020-MI-ordinary-general,excluded,partisan_or_internal;contest_pending
question,538:2020:6271:69937:130236,2020-GA-ordinary-general,excluded,partisan_or_internal
question,538:2020:6271:69937:130237,2020-GA-ordinary-general,excluded,partisan_or_internal
question,538:2020:7780:69937:130238,2020-GA-special-first,excluded,partisan_or_internal
question,538:2020:6275:69938:130239,2020-KS-ordinary-general,excluded,partisan_or_internal
question,538:2020:6275:69938:130240,2020-KS-ordinary-general,excluded,partisan_or_internal
question,538:2020:6276:69939:130241,2020-KY-ordinary-general,excluded,partisan_or_internal;contest_pending
question,538:2020:6276:69939:130242,2020-KY-ordinary-general,excluded,partisan_or_internal;contest_pending
question,538:2020:6280:69940:130243,2020-MI-ordinary-general,excluded,partisan_or_internal;contest_pending
question,538:2020:6278:70107:130603,2020-MA-ordinary-general,excluded,partisan_or_internal;contest_pending
question,538:2020:6275:70055:130507,2020-KS-ordinary-general,excluded,partisan_or_internal
question,538:2020:6283:69561:129596,2020-MT-ordinary-general,excluded,confirmed_nonballot_candidate
question,538:2020:7780:69575:129658,2020-GA-special-first,excluded,partisan_or_internal
question,538:2020:6271:69575:129947,2020-GA-ordinary-general,excluded,partisan_or_internal
question,538:2020:6268:69634:129826,2020-AZ-special-general,excluded,partisan_or_internal
question,538:2020:6279:69524:129511,2020-ME-ordinary-general,excluded,alternate_question
question,538:2020:6268:69513:129490,2020-AZ-special-general,excluded,non_LV_population
question,538:2020:6268:72069:135113,2020-AZ-special-general,excluded,partisan_or_internal
question,538:2020:6284:69462:129373,2020-NC-ordinary-general,excluded,non_LV_population
question,538:2020:6268:69500:129470,2020-AZ-special-general,excluded,non_LV_population
question,538:2020:6284:69502:129471,2020-NC-ordinary-general,excluded,non_LV_population
question,538:2020:6284:69442:129340,2020-NC-ordinary-general,excluded,partisan_or_internal
question,538:2020:6281:68481:128201,2020-MN-ordinary-general,excluded,non_LV_population
question,538:2020:6280:68477:128195,2020-MI-ordinary-general,excluded,non_LV_population;partisan_or_internal;contest_pending
question,538:2020:6295:68513:128273,2020-TX-ordinary-general,excluded,non_LV_population;partisan_or_internal;contest_pending
question,538:2020:6271:71754:134456,2020-GA-ordinary-general,excluded,partisan_or_internal
question,538:2020:7780:71754:134457,2020-GA-special-first,excluded,partisan_or_internal
question,538:2020:6272:71755:134458,2020-IA-ordinary-general,excluded,partisan_or_internal
question,538:2020:6280:71756:134459,2020-MI-ordinary-general,excluded,partisan_or_internal;contest_pending
question,538:2020:6295:68492:128224,2020-TX-ordinary-general,excluded,non_LV_population;contest_pending
question,538:2020:6281:68460:128149,2020-MN-ordinary-general,excluded,partisan_or_internal
question,538:2020:6268:68338:128022,2020-AZ-special-general,excluded,non_LV_population
question,538:2020:6284:68339:128024,2020-NC-ordinary-general,excluded,non_LV_population
question,538:2020:6284:68464:128161,2020-NC-ordinary-general,excluded,non_LV_population
question,538:2020:6286:68334:128015,2020-NH-ordinary-general,excluded,confirmed_nonballot_candidate;question_missing_D_or_R_side
question,538:2020:6269:69433:129321,2020-CO-ordinary-general,excluded,partisan_or_internal
question,538:2020:6268:71753:134455,2020-AZ-special-general,excluded,partisan_or_internal
question,538:2020:6271:69469:129388,2020-GA-ordinary-general,excluded,non_LV_population;partisan_or_internal
question,538:2020:7780:69469:129389,2020-GA-special-first,excluded,non_LV_population;partisan_or_internal
question,538:2020:6280:68306:127931,2020-MI-ordinary-general,excluded,non_LV_population;partisan_or_internal;contest_pending
question,538:2020:6265:68266:127881,2020-AK-ordinary-general,excluded,non_LV_population;partisan_or_internal
question,538:2020:6280:68238:127827,2020-MI-ordinary-general,excluded,partisan_or_internal;contest_pending
question,538:2020:6269:68200:127736,2020-CO-ordinary-general,excluded,non_LV_population;partisan_or_internal
question,538:2020:6280:68483:128207,2020-MI-ordinary-general,excluded,partisan_or_internal;contest_pending
question,538:2020:6279:68108:127571,2020-ME-ordinary-general,excluded,non_LV_population;partisan_or_internal
question,538:2020:6271:68109:127572,2020-GA-ordinary-general,excluded,non_LV_population;partisan_or_internal
question,538:2020:6272:68110:127573,2020-IA-ordinary-general,excluded,non_LV_population;partisan_or_internal
question,538:2020:6284:68076:127506,2020-NC-ordinary-general,excluded,non_LV_population
question,538:2020:6280:68101:127564,2020-MI-ordinary-general,excluded,non_LV_population;partisan_or_internal;contest_pending
question,538:2020:6271:68122:127599,2020-GA-ordinary-general,excluded,partisan_or_internal
question,538:2020:6295:68082:127527,2020-TX-ordinary-general,excluded,non_LV_population;contest_pending
question,538:2020:6277:68124:132276,2020-LA-ordinary-first,excluded,partisan_or_internal
question,538:2020:7787:68124:132277,,excluded,partisan_or_internal;unverified_round;missing_source_election_date;unresolved_poll_identity;question_missing_D_or_R_side
question,538:2020:6282:68045:127433,2020-MS-ordinary-general,excluded,partisan_or_internal
question,538:2020:6279:68001:127346,2020-ME-ordinary-general,excluded,non_LV_population
question,538:2020:6275:67956:127248,2020-KS-ordinary-general,excluded,non_LV_population;partisan_or_internal
question,538:2020:6268:68113:127581,2020-AZ-special-general,excluded,partisan_or_internal
question,538:2020:6272:67920:127157,2020-IA-ordinary-general,excluded,non_LV_population
question,538:2020:6276:67947:127226,2020-KY-ordinary-general,excluded,non_LV_population;contest_pending
question,538:2020:6279:67948:127227,2020-ME-ordinary-general,excluded,non_LV_population
question,538:2020:6292:67951:127228,2020-SC-ordinary-general,excluded,non_LV_population
question,538:2020:6279:67978:127291,2020-ME-ordinary-general,excluded,non_LV_population
question,538:2020:6284:67985:127306,2020-NC-ordinary-general,excluded,non_LV_population;partisan_or_internal
question,538:2020:6292:68008:127358,2020-SC-ordinary-general,excluded,non_LV_population;partisan_or_internal
question,538:2020:6271:67982:127299,2020-GA-ordinary-general,excluded,non_LV_population;partisan_or_internal
question,538:2020:7780:67982:127300,2020-GA-special-first,excluded,non_LV_population;partisan_or_internal
question,538:2020:6284:67983:127301,2020-NC-ordinary-general,excluded,non_LV_population;partisan_or_internal
question,538:2020:6289:67940:127201,2020-OK-ordinary-general,excluded,partisan_or_internal
question,538:2020:6272:67954:127238,2020-IA-ordinary-general,excluded,non_LV_population
question,538:2020:6280:67875:127082,2020-MI-ordinary-general,excluded,non_LV_population;partisan_or_internal;contest_pending
question,538:2020:6295:67883:127097,2020-TX-ordinary-general,excluded,partisan_or_internal;contest_pending
question,538:2020:6276:67928:127179,2020-KY-ordinary-general,excluded,non_LV_population;partisan_or_internal;contest_pending
question,538:2020:6286:67827:126957,2020-NH-ordinary-general,excluded,confirmed_nonballot_candidate;question_missing_D_or_R_side
question,538:2020:6271:67821:126938,2020-GA-ordinary-general,excluded,non_LV_population
question,538:2020:7780:67821:126941,2020-GA-special-first,excluded,non_LV_population
question,538:2020:6268:67661:126667,2020-AZ-special-general,excluded,non_LV_population
question,538:2020:6280:67663:126668,2020-MI-ordinary-general,excluded,non_LV_population;contest_pending
question,538:2020:6279:67653:126608,2020-ME-ordinary-general,excluded,non_LV_population;partisan_or_internal
question,538:2020:6284:67654:126609,2020-NC-ordinary-general,excluded,non_LV_population;partisan_or_internal
question,538:2020:6281:67851:127016,2020-MN-ordinary-general,excluded,non_LV_population;partisan_or_internal
question,538:2020:6268:67652:126607,2020-AZ-special-general,excluded,non_LV_population;partisan_or_internal
question,538:2020:6268:67665:126672,2020-AZ-special-general,excluded,non_LV_population
question,538:2020:6284:67669:126682,2020-NC-ordinary-general,excluded,non_LV_population
question,538:2020:6280:67645:126564,2020-MI-ordinary-general,excluded,non_LV_population;contest_pending
question,538:2020:6295:67617:126514,2020-TX-ordinary-general,excluded,non_LV_population;contest_pending
question,538:2020:6295:67629:126539,2020-TX-ordinary-general,excluded,partisan_or_internal;contest_pending
question,538:2020:6292:67684:126744,2020-SC-ordinary-general,excluded,partisan_or_internal
question,538:2020:6292:67677:126708,2020-SC-ordinary-general,excluded,partisan_or_internal;unresolved_poll_identity;unresolved_poll_side
question,538:2020:6280:67906:127132,2020-MI-ordinary-general,excluded,partisan_or_internal;contest_pending
question,538:2020:6284:67627:126538,2020-NC-ordinary-general,excluded,partisan_or_internal
question,538:2020:6268:67621:126531,2020-AZ-special-general,excluded,partisan_or_internal
question,538:2020:6271:67622:126532,2020-GA-ordinary-general,excluded,partisan_or_internal
question,538:2020:7780:67622:126533,2020-GA-special-first,excluded,partisan_or_internal
question,538:2020:6272:67623:126534,2020-IA-ordinary-general,excluded,partisan_or_internal
question,538:2020:6276:67624:126535,2020-KY-ordinary-general,excluded,partisan_or_internal;contest_pending
question,538:2020:6280:67625:126536,2020-MI-ordinary-general,excluded,partisan_or_internal;contest_pending
question,538:2020:6283:67626:126537,2020-MT-ordinary-general,excluded,partisan_or_internal
question,538:2020:6271:67616:126509,2020-GA-ordinary-general,excluded,partisan_or_internal
question,538:2020:6283:67079:125337,2020-MT-ordinary-general,excluded,non_LV_population
question,538:2020:6276:67116:125422,2020-KY-ordinary-general,excluded,partisan_or_internal;contest_pending
question,538:2020:6283:67067:125315,2020-MT-ordinary-general,excluded,non_LV_population
question,538:2020:6280:67579:126436,2020-MI-ordinary-general,excluded,non_LV_population;partisan_or_internal;contest_pending
question,538:2020:6295:67057:125294,2020-TX-ordinary-general,excluded,confirmed_nonballot_candidate;contest_pending;question_missing_D_or_R_side
question,538:2020:7780:69574:129657,2020-GA-special-first,excluded,partisan_or_internal
question,538:2020:6266:67048:125275,2020-AL-ordinary-general,excluded,non_LV_population;confirmed_nonballot_candidate;question_missing_D_or_R_side
question,538:2020:6266:67048:125276,2020-AL-ordinary-general,excluded,non_LV_population
question,538:2020:6265:67028:125246,2020-AK-ordinary-general,excluded,non_LV_population
question,538:2020:6284:67044:125268,2020-NC-ordinary-general,excluded,non_LV_population
question,538:2020:7780:67082:125343,2020-GA-special-first,excluded,partisan_or_internal
question,538:2020:6295:67054:125285,2020-TX-ordinary-general,excluded,non_LV_population;contest_pending
question,538:2020:6295:67054:125287,2020-TX-ordinary-general,excluded,non_LV_population;confirmed_nonballot_candidate;contest_pending;question_missing_D_or_R_side
question,538:2020:6295:67054:125288,2020-TX-ordinary-general,excluded,confirmed_nonballot_candidate;contest_pending;question_missing_D_or_R_side
question,538:2020:6279:66994:125130,2020-ME-ordinary-general,excluded,non_LV_population
question,538:2020:6271:67060:125298,2020-GA-ordinary-general,excluded,partisan_or_internal
question,538:2020:7780:67060:125299,2020-GA-special-first,excluded,partisan_or_internal
question,538:2020:7781:67060:125300,2020-GA-special-runoff,excluded,partisan_or_internal;contest_pending
question,538:2020:7781:67060:125301,2020-GA-special-runoff,excluded,partisan_or_internal;confirmed_nonballot_candidate;contest_pending;question_missing_D_or_R_side
question,538:2020:7781:67060:125302,2020-GA-special-runoff,excluded,partisan_or_internal;confirmed_nonballot_candidate;contest_pending;question_missing_D_or_R_side
question,538:2020:7781:67060:125303,2020-GA-special-runoff,excluded,partisan_or_internal;confirmed_nonballot_candidate;contest_pending;question_missing_D_or_R_side
question,538:2020:7781:67060:125304,2020-GA-special-runoff,excluded,partisan_or_internal;confirmed_nonballot_candidate;contest_pending;question_missing_D_or_R_side
question,538:2020:6266:67076:125332,2020-AL-ordinary-general,excluded,partisan_or_internal
question,538:2020:6269:66973:125079,2020-CO-ordinary-general,excluded,non_LV_population;partisan_or_internal
question,538:2020:6272:67003:125194,2020-IA-ordinary-general,excluded,partisan_or_internal
question,538:2020:6268:66976:125094,2020-AZ-special-general,excluded,partisan_or_internal
question,538:2020:6280:66975:125092,2020-MI-ordinary-general,excluded,non_LV_population;partisan_or_internal;contest_pending
question,538:2020:7780:66933:124983,2020-GA-special-first,excluded,non_LV_population;partisan_or_internal
question,538:2020:7781:66933:124984,2020-GA-special-runoff,excluded,non_LV_population;partisan_or_internal;confirmed_nonballot_candidate;contest_pending;question_missing_D_or_R_side
question,538:2020:7781:66933:124985,2020-GA-special-runoff,excluded,non_LV_population;partisan_or_internal;contest_pending
question,538:2020:6283:66978:125100,2020-MT-ordinary-general,excluded,non_LV_population
question,538:2020:6295:66979:125103,2020-TX-ordinary-general,excluded,non_LV_population;partisan_or_internal;contest_pending
question,538:2020:6284:66953:125024,2020-NC-ordinary-general,excluded,non_LV_population
question,538:2020:6279:66980:125104,2020-ME-ordinary-general,excluded,non_LV_population;partisan_or_internal
question,538:2020:6268:67007:125198,2020-AZ-special-general,excluded,partisan_or_internal
question,538:2020:6284:66888:124882,2020-NC-ordinary-general,excluded,non_LV_population
question,538:2020:6271:66917:124957,2020-GA-ordinary-general,excluded,non_LV_population
question,538:2020:6284:66918:124958,2020-NC-ordinary-general,excluded,non_LV_population
question,538:2020:6295:66919:124959,2020-TX-ordinary-general,excluded,non_LV_population;contest_pending
question,538:2020:6295:66919:124960,2020-TX-ordinary-general,excluded,non_LV_population;confirmed_nonballot_candidate;contest_pending;question_missing_D_or_R_side
question,538:2020:6268:67026:125242,2020-AZ-special-general,excluded,partisan_or_internal
question,538:2020:6268:67026:125243,2020-AZ-special-general,excluded,partisan_or_internal;confirmed_nonballot_candidate;question_missing_D_or_R_side
question,538:2020:7780:67964:127268,2020-GA-special-first,excluded,partisan_or_internal
question,538:2020:6266:66927:124970,2020-AL-ordinary-general,excluded,partisan_or_internal;confirmed_nonballot_candidate;question_missing_D_or_R_side
question,538:2020:6266:66927:124971,2020-AL-ordinary-general,excluded,partisan_or_internal
question,538:2020:6286:67828:126958,2020-NH-ordinary-general,excluded,confirmed_nonballot_candidate;question_missing_D_or_R_side
question,538:2020:6280:66902:124922,2020-MI-ordinary-general,excluded,partisan_or_internal;contest_pending
question,538:2020:6284:66895:124903,2020-NC-ordinary-general,excluded,non_LV_population
question,538:2020:6284:66855:124783,2020-NC-ordinary-general,excluded,non_LV_population;partisan_or_internal
question,538:2020:6280:66894:124902,2020-MI-ordinary-general,excluded,non_LV_population;contest_pending
question,538:2020:6266:66866:124796,2020-AL-ordinary-general,excluded,confirmed_nonballot_candidate;unresolved_poll_identity;unresolved_poll_side;question_missing_D_or_R_side
question,538:2020:6268:66892:124901,2020-AZ-special-general,excluded,non_LV_population
question,538:2020:6268:66820:124693,2020-AZ-special-general,excluded,non_LV_population
question,538:2020:6276:66846:124746,2020-KY-ordinary-general,excluded,non_LV_population;contest_pending
question,538:2020:6276:66846:124747,2020-KY-ordinary-general,excluded,non_LV_population;confirmed_nonballot_candidate;contest_pending;question_missing_D_or_R_side
question,538:2020:6288:66817:124680,2020-NM-ordinary-general,excluded,non_LV_population
question,538:2020:6271:66824:124702,2020-GA-ordinary-general,excluded,non_LV_population;partisan_or_internal
question,538:2020:6280:66818:124685,2020-MI-ordinary-general,excluded,non_LV_population;contest_pending
question,538:2020:6272:66767:124570,2020-IA-ordinary-general,excluded,non_LV_population
question,538:2020:6272:66740:124512,2020-IA-ordinary-general,excluded,non_LV_population;partisan_or_internal
question,538:2020:6284:66729:124484,2020-NC-ordinary-general,excluded,non_LV_population
question,538:2020:6268:66724:124472,2020-AZ-special-general,excluded,non_LV_population
question,538:2020:6275:66701:124410,2020-KS-ordinary-general,excluded,non_LV_population;confirmed_nonballot_candidate;question_missing_D_or_R_side
question,538:2020:6275:66701:124411,2020-KS-ordinary-general,excluded,non_LV_population
question,538:2020:6275:66701:124412,2020-KS-ordinary-general,excluded,non_LV_population;confirmed_nonballot_candidate;question_missing_D_or_R_side
question,538:2020:6280:66695:124394,2020-MI-ordinary-general,excluded,non_LV_population;partisan_or_internal;contest_pending
question,538:2020:6282:66780:124602,2020-MS-ordinary-general,excluded,non_LV_population;partisan_or_internal
question,538:2020:6281:68473:128190,2020-MN-ordinary-general,excluded,partisan_or_internal
question,538:2020:6292:66546:124016,2020-SC-ordinary-general,excluded,non_LV_population
question,538:2020:6276:66765:124565,2020-KY-ordinary-general,excluded,non_LV_population;contest_pending
question,538:2020:6275:66556:124037,2020-KS-ordinary-general,excluded,partisan_or_internal;confirmed_nonballot_candidate;question_missing_D_or_R_side
question,538:2020:6275:66556:124038,2020-KS-ordinary-general,excluded,partisan_or_internal
question,538:2020:6271:66312:123442,2020-GA-ordinary-general,excluded,non_LV_population;confirmed_nonballot_candidate;question_missing_D_or_R_side
question,538:2020:6271:66312:123443,2020-GA-ordinary-general,excluded,non_LV_population;confirmed_nonballot_candidate;question_missing_D_or_R_side
question,538:2020:6271:66312:123444,2020-GA-ordinary-general,excluded,non_LV_population
question,538:2020:7780:66312:123445,2020-GA-special-first,excluded,non_LV_population
question,538:2020:7781:66312:123446,2020-GA-special-runoff,excluded,non_LV_population;confirmed_nonballot_candidate;contest_pending;question_missing_D_or_R_side
question,538:2020:7781:66312:123447,2020-GA-special-runoff,excluded,non_LV_population;confirmed_nonballot_candidate;contest_pending;question_missing_D_or_R_side
question,538:2020:7781:66312:123448,2020-GA-special-runoff,excluded,non_LV_population;contest_pending
question,538:2020:7781:66312:123449,2020-GA-special-runoff,excluded,non_LV_population;confirmed_nonballot_candidate;contest_pending;question_missing_D_or_R_side
question,538:2020:7781:66312:123450,2020-GA-special-runoff,excluded,non_LV_population;confirmed_nonballot_candidate;contest_pending;question_missing_D_or_R_side
question,538:2020:7781:66312:123451,2020-GA-special-runoff,excluded,non_LV_population;confirmed_nonballot_candidate;contest_pending;question_missing_D_or_R_side
question,538:2020:6266:66864:124793,2020-AL-ordinary-general,excluded,partisan_or_internal
question,538:2020:6286:67829:126959,2020-NH-ordinary-general,excluded,confirmed_nonballot_candidate;question_missing_D_or_R_side
question,538:2020:6279:66552:124029,2020-ME-ordinary-general,excluded,partisan_or_internal
question,538:2020:6279:66552:124030,2020-ME-ordinary-general,excluded,partisan_or_internal;confirmed_nonballot_candidate;question_missing_D_or_R_side
question,538:2020:6271:66290:123394,2020-GA-ordinary-general,excluded,partisan_or_internal
question,538:2020:6284:66529:123977,2020-NC-ordinary-general,excluded,non_LV_population;partisan_or_internal
question,538:2020:6272:66285:123386,2020-IA-ordinary-general,excluded,partisan_or_internal;confirmed_nonballot_candidate;question_missing_D_or_R_side
question,538:2020:6284:66289:123392,2020-NC-ordinary-general,excluded,non_LV_population
question,538:2020:6271:66267:123327,2020-GA-ordinary-general,excluded,partisan_or_internal
question,538:2020:7780:66267:123328,2020-GA-special-first,excluded,partisan_or_internal
question,538:2020:6280:66400:123704,2020-MI-ordinary-general,excluded,partisan_or_internal;contest_pending
question,538:2020:6284:66073:122726,2020-NC-ordinary-general,excluded,non_LV_population
question,538:2020:6272:66047:122516,2020-IA-ordinary-general,excluded,non_LV_population
question,538:2020:6280:66008:122309,2020-MI-ordinary-general,excluded,non_LV_population;partisan_or_internal;contest_pending
question,538:2020:6284:66024:122465,2020-NC-ordinary-general,excluded,non_LV_population
question,538:2020:7780:66011:122313,2020-GA-special-first,excluded,partisan_or_internal
question,538:2020:6271:66011:122314,2020-GA-ordinary-general,excluded,partisan_or_internal
question,538:2020:6295:66043:122510,2020-TX-ordinary-general,excluded,non_LV_population;contest_pending
question,538:2020:6295:66043:122511,2020-TX-ordinary-general,excluded,non_LV_population;confirmed_nonballot_candidate;contest_pending;question_missing_D_or_R_side
question,538:2020:6280:65861:121896,2020-MI-ordinary-general,excluded,non_LV_population;contest_pending
question,538:2020:6287:65887:121970,2020-NJ-ordinary-general,excluded,non_LV_population;contest_pending
question,538:2020:6287:65887:121971,2020-NJ-ordinary-general,excluded,non_LV_population;confirmed_nonballot_candidate;contest_pending;question_missing_D_or_R_side
question,538:2020:6284:65761:121566,2020-NC-ordinary-general,excluded,non_LV_population
question,538:2020:6275:65754:121540,2020-KS-ordinary-general,excluded,non_LV_population;partisan_or_internal;confirmed_nonballot_candidate;question_missing_D_or_R_side
question,538:2020:6276:67931:127183,2020-KY-ordinary-general,excluded,non_LV_population;partisan_or_internal;contest_pending
question,538:2020:6280:65907:122096,2020-MI-ordinary-general,excluded,partisan_or_internal;contest_pending
question,538:2020:6280:65060:120729,2020-MI-ordinary-general,excluded,non_LV_population;partisan_or_internal;contest_pending
question,538:2020:7780:65227:120900,2020-GA-special-first,excluded,partisan_or_internal
question,538:2020:7781:65227:120901,2020-GA-special-runoff,excluded,partisan_or_internal;confirmed_nonballot_candidate;contest_pending;question_missing_D_or_R_side
question,538:2020:6280:65668:121345,2020-MI-ordinary-general,excluded,partisan_or_internal;contest_pending
question,538:2020:7780:64997:120532,2020-GA-special-first,excluded,partisan_or_internal
question,538:2020:7780:64996:120531,2020-GA-special-first,excluded,partisan_or_internal
question,538:2020:6280:65002:120545,2020-MI-ordinary-general,excluded,partisan_or_internal;contest_pending
question,538:2020:6268:64841:120058,2020-AZ-special-general,excluded,non_LV_population
question,538:2020:6268:64835:120036,2020-AZ-special-general,excluded,non_LV_population
question,538:2020:6283:64883:120179,2020-MT-ordinary-general,excluded,non_LV_population;partisan_or_internal
question,538:2020:7780:64995:120530,2020-GA-special-first,excluded,partisan_or_internal
question,538:2020:6275:64808:127252,2020-KS-ordinary-general,excluded,non_LV_population
question,538:2020:6268:64820:119994,2020-AZ-special-general,excluded,non_LV_population
question,538:2020:6292:64979:120474,2020-SC-ordinary-general,excluded,partisan_or_internal
question,538:2020:7780:64994:120529,2020-GA-special-first,excluded,partisan_or_internal
question,538:2020:6279:64717:119684,2020-ME-ordinary-general,excluded,non_LV_population
question,538:2020:6268:64718:119685,2020-AZ-special-general,excluded,non_LV_population
question,538:2020:6284:64641:119345,2020-NC-ordinary-general,excluded,non_LV_population
question,538:2020:6282:64719:119688,2020-MS-ordinary-general,excluded,non_LV_population
question,538:2020:7780:64618:119251,2020-GA-special-first,excluded,partisan_or_internal
question,538:2020:6284:64639:119336,2020-NC-ordinary-general,excluded,non_LV_population
question,538:2020:6295:64640:119337,2020-TX-ordinary-general,excluded,non_LV_population;contest_pending
question,538:2020:6284:64720:119689,2020-NC-ordinary-general,excluded,non_LV_population;partisan_or_internal
question,538:2020:6286:64585:119390,2020-NH-ordinary-general,excluded,confirmed_nonballot_candidate;question_missing_D_or_R_side
question,538:2020:6292:64515:118874,2020-SC-ordinary-general,excluded,non_LV_population
question,538:2020:7780:64522:118906,2020-GA-special-first,excluded,partisan_or_internal
question,538:2020:6280:64470:118640,2020-MI-ordinary-general,excluded,non_LV_population;contest_pending
question,538:2020:6275:64094:117927,2020-KS-ordinary-general,excluded,partisan_or_internal;confirmed_nonballot_candidate;question_missing_D_or_R_side
question,538:2020:6266:63515:116938,2020-AL-ordinary-general,excluded,non_LV_population;confirmed_nonballot_candidate;question_missing_D_or_R_side
question,538:2020:6266:63515:116939,2020-AL-ordinary-general,excluded,non_LV_population
question,538:2020:6266:63515:116940,2020-AL-ordinary-general,excluded,non_LV_population;confirmed_nonballot_candidate;question_missing_D_or_R_side
question,538:2020:6275:63509:116797,2020-KS-ordinary-general,excluded,non_LV_population;partisan_or_internal;confirmed_nonballot_candidate;question_missing_D_or_R_side
question,538:2020:6292:63470:116682,2020-SC-ordinary-general,excluded,non_LV_population
question,538:2020:6294:63464:116686,2020-TN-ordinary-general,excluded,non_LV_population;confirmed_nonballot_candidate;contest_pending;question_missing_D_or_R_side
question,538:2020:6294:63464:116687,2020-TN-ordinary-general,excluded,non_LV_population;confirmed_nonballot_candidate;contest_pending;question_missing_D_or_R_side
question,538:2020:6268:64752:119756,2020-AZ-special-general,excluded,partisan_or_internal
question,538:2020:6276:64510:118848,2020-KY-ordinary-general,excluded,partisan_or_internal;contest_pending
question,538:2020:6280:63318:116019,2020-MI-ordinary-general,excluded,non_LV_population;contest_pending
question,538:2020:6284:64715:119670,2020-NC-ordinary-general,excluded,partisan_or_internal
question,538:2020:6276:64504:118808,2020-KY-ordinary-general,excluded,partisan_or_internal;contest_pending
question,538:2020:6284:63321:115962,2020-NC-ordinary-general,excluded,partisan_or_internal
question,538:2020:6288:63224:115419,2020-NM-ordinary-general,excluded,non_LV_population;confirmed_nonballot_candidate;question_missing_D_or_R_side
question,538:2020:6268:63234:115528,2020-AZ-special-general,excluded,non_LV_population
question,538:2020:6266:63171:115116,2020-AL-ordinary-general,excluded,confirmed_nonballot_candidate;question_missing_D_or_R_side
question,538:2020:6266:63171:115118,2020-AL-ordinary-general,excluded,confirmed_nonballot_candidate;question_missing_D_or_R_side
question,538:2020:6266:63171:115119,2020-AL-ordinary-general,excluded,confirmed_nonballot_candidate;question_missing_D_or_R_side
question,538:2020:6266:63171:115120,2020-AL-ordinary-general,excluded,confirmed_nonballot_candidate;question_missing_D_or_R_side
question,538:2020:7780:63392:116351,2020-GA-special-first,excluded,partisan_or_internal
question,538:2020:6286:63148:115039,2020-NH-ordinary-general,excluded,non_LV_population;unresolved_poll_identity;unresolved_poll_side;question_missing_D_or_R_side
question,538:2020:6272:63144:114968,2020-IA-ordinary-general,excluded,non_LV_population;partisan_or_internal
question,538:2020:6280:65005:120546,2020-MI-ordinary-general,excluded,partisan_or_internal;contest_pending
question,538:2020:6286:62978:114002,2020-NH-ordinary-general,excluded,non_LV_population;unresolved_poll_identity;unresolved_poll_side;question_missing_D_or_R_side
question,538:2020:6295:62992:114141,2020-TX-ordinary-general,excluded,non_LV_population;partisan_or_internal;confirmed_nonballot_candidate;contest_pending;question_missing_D_or_R_side
question,538:2020:6295:62992:114142,2020-TX-ordinary-general,excluded,non_LV_population;partisan_or_internal;confirmed_nonballot_candidate;contest_pending;question_missing_D_or_R_side
question,538:2020:6295:62992:114143,2020-TX-ordinary-general,excluded,non_LV_population;partisan_or_internal;contest_pending
question,538:2020:6295:62992:114144,2020-TX-ordinary-general,excluded,non_LV_population;partisan_or_internal;confirmed_nonballot_candidate;contest_pending;question_missing_D_or_R_side
question,538:2020:6295:62992:114145,2020-TX-ordinary-general,excluded,non_LV_population;partisan_or_internal;confirmed_nonballot_candidate;contest_pending;question_missing_D_or_R_side
question,538:2020:6280:62538:112599,2020-MI-ordinary-general,excluded,non_LV_population;contest_pending
question,538:2020:6268:62508:112431,2020-AZ-special-general,excluded,non_LV_population
question,538:2020:6292:62561:112734,2020-SC-ordinary-general,excluded,non_LV_population;partisan_or_internal
question,538:2020:6272:60106:104652,2020-IA-ordinary-general,excluded,non_LV_population
question,538:2020:6280:66468:123839,2020-MI-ordinary-general,excluded,partisan_or_internal;contest_pending
question,538:2020:6284:60059:104334,2020-NC-ordinary-general,excluded,non_LV_population
question,538:2020:6284:60059:104335,2020-NC-ordinary-general,excluded,non_LV_population;confirmed_nonballot_candidate;question_missing_D_or_R_side
question,538:2020:6268:59778:103716,2020-AZ-special-general,excluded,non_LV_population
question,538:2020:6286:59715:103376,2020-NH-ordinary-general,excluded,non_LV_population;unresolved_poll_identity;unresolved_poll_side;question_missing_D_or_R_side
question,538:2020:6292:59753:103502,2020-SC-ordinary-general,excluded,partisan_or_internal
question,538:2020:6284:59605:102924,2020-NC-ordinary-general,excluded,non_LV_population;partisan_or_internal
question,538:2020:6268:59598:102804,2020-AZ-special-general,excluded,non_LV_population
question,538:2020:6286:59522:102338,2020-NH-ordinary-general,excluded,non_LV_population;unresolved_poll_identity;unresolved_poll_side;question_missing_D_or_R_side
question,538:2020:6274:59518:102305,2020-IL-ordinary-general,excluded,partisan_or_internal;contest_pending;question_missing_D_or_R_side
question,538:2020:6278:59461:102048,2020-MA-ordinary-general,excluded,non_LV_population;partisan_or_internal;contest_pending;unresolved_poll_identity;unresolved_poll_side;question_missing_D_or_R_side
question,538:2020:6278:59461:102049,2020-MA-ordinary-general,excluded,non_LV_population;partisan_or_internal;confirmed_nonballot_candidate;contest_pending;unresolved_poll_identity;unresolved_poll_side;question_missing_D_or_R_side
question,538:2020:6278:59461:102050,2020-MA-ordinary-general,excluded,non_LV_population;partisan_or_internal;contest_pending;unresolved_poll_identity;unresolved_poll_side;question_missing_D_or_R_side
question,538:2020:6278:59461:102051,2020-MA-ordinary-general,excluded,non_LV_population;partisan_or_internal;contest_pending;unresolved_poll_identity;unresolved_poll_side;question_missing_D_or_R_side
question,538:2020:6269:58930:100843,2020-CO-ordinary-general,excluded,non_LV_population
question,538:2020:6286:58959:100840,2020-NH-ordinary-general,excluded,partisan_or_internal;confirmed_nonballot_candidate;question_missing_D_or_R_side
question,538:2020:6269:58893:100839,2020-CO-ordinary-general,excluded,non_LV_population;partisan_or_internal
question,538:2020:6286:58891:100837,2020-NH-ordinary-general,excluded,non_LV_population;confirmed_nonballot_candidate;question_missing_D_or_R_side
question,538:2020:6286:58891:100838,2020-NH-ordinary-general,excluded,non_LV_population;unresolved_poll_identity;unresolved_poll_side;question_missing_D_or_R_side
question,538:2020:6279:58565:100834,2020-ME-ordinary-general,excluded,non_LV_population
question,538:2020:6279:58565:100835,2020-ME-ordinary-general,excluded,non_LV_population;unresolved_poll_identity;unresolved_poll_side
question,538:2020:6284:58512:100833,2020-NC-ordinary-general,excluded,non_LV_population
question,538:2020:6276:58958:100836,2020-KY-ordinary-general,excluded,partisan_or_internal;contest_pending
question,538:2020:6292:58465:100832,2020-SC-ordinary-general,excluded,non_LV_population
question,538:2020:6275:59599:102805,2020-KS-ordinary-general,excluded,partisan_or_internal;confirmed_nonballot_candidate;unresolved_poll_identity;unresolved_poll_side;question_missing_D_or_R_side
question,538:2020:6284:58187:100827,2020-NC-ordinary-general,excluded,non_LV_population;confirmed_nonballot_candidate;question_missing_D_or_R_side
question,538:2020:6272:58957:100831,2020-IA-ordinary-general,excluded,partisan_or_internal;confirmed_nonballot_candidate;question_missing_D_or_R_side
question,538:2020:6295:57962:100825,2020-TX-ordinary-general,excluded,non_LV_population;contest_pending
question,538:2020:6292:58955:100824,2020-SC-ordinary-general,excluded,partisan_or_internal
question,538:2020:6280:57656:100822,2020-MI-ordinary-general,excluded,non_LV_population;contest_pending
question,538:2020:6295:57601:100819,2020-TX-ordinary-general,excluded,non_LV_population;confirmed_nonballot_candidate;contest_pending;question_missing_D_or_R_side
question,538:2020:6286:57574:100818,2020-NH-ordinary-general,excluded,non_LV_population;unresolved_poll_identity;unresolved_poll_side;question_missing_D_or_R_side
question,538:2020:6286:57557:119933,2020-NH-ordinary-general,excluded,non_LV_population;unresolved_poll_identity;unresolved_poll_side;question_missing_D_or_R_side
question,538:2020:6286:57557:119934,2020-NH-ordinary-general,excluded,non_LV_population;unresolved_poll_identity;unresolved_poll_side;question_missing_D_or_R_side
question,538:2020:6295:57528:100817,2020-TX-ordinary-general,excluded,non_LV_population;partisan_or_internal;confirmed_nonballot_candidate;contest_pending;question_missing_D_or_R_side
question,538:2020:6295:57419:100814,2020-TX-ordinary-general,excluded,partisan_or_internal;confirmed_nonballot_candidate;contest_pending;question_missing_D_or_R_side
question,538:2018:100:56825:91583,2018-FL-ordinary-general,excluded,partisan_or_internal
question,538:2018:96:56827:91585,2018-AZ-ordinary-general,excluded,partisan_or_internal
question,538:2018:121:56817:91571,2018-TX-ordinary-general,excluded,partisan_or_internal
question,538:2018:106:56814:91558,2018-MI-ordinary-general,excluded,partisan_or_internal
question,538:2018:110:56816:91570,2018-MT-ordinary-general,excluded,partisan_or_internal
question,538:2018:97:56793:91520,2018-CA-ordinary-general,excluded,contest_excluded;question_missing_D_or_R_side
question,538:2018:109:56764:91457,2018-MO-ordinary-general,excluded,partisan_or_internal
question,538:2018:97:56737:91412,2018-CA-ordinary-general,excluded,non_LV_population;contest_excluded;question_missing_D_or_R_side
question,538:2018:106:56738:91413,2018-MI-ordinary-general,excluded,non_LV_population
question,538:2018:107:56739:91414,2018-MN-ordinary-general,excluded,non_LV_population
question,538:2018:129:56739:91415,2018-MN-special-general,excluded,non_LV_population
question,538:2018:115:56740:91416,2018-NY-ordinary-general,excluded,non_LV_population
question,538:2018:118:56741:91417,2018-PA-ordinary-general,excluded,non_LV_population
question,538:2018:96:56801:91545,2018-AZ-ordinary-general,excluded,non_LV_population
question,538:2018:100:56802:91546,2018-FL-ordinary-general,excluded,non_LV_population
question,538:2018:114:56803:91547,2018-NM-ordinary-general,excluded,non_LV_population
question,538:2018:117:56804:91548,2018-OH-ordinary-general,excluded,non_LV_population;contest_pending
question,538:2018:127:56805:91549,2018-WI-ordinary-general,excluded,non_LV_population
question,538:2018:100:56701:91331,2018-FL-ordinary-general,excluded,partisan_or_internal
question,538:2018:121:56702:91332,2018-TX-ordinary-general,excluded,partisan_or_internal
question,538:2018:97:56813:91557,2018-CA-ordinary-general,excluded,contest_excluded;question_missing_D_or_R_side
question,538:2018:100:56769:91478,2018-FL-ordinary-general,excluded,non_LV_population
question,538:2018:96:56730:91389,2018-AZ-ordinary-general,excluded,partisan_or_internal
question,538:2018:109:56773:91474,2018-MO-ordinary-general,excluded,non_LV_population
question,538:2018:109:56773:91476,2018-MO-ordinary-general,excluded,non_LV_population
question,538:2018:112:56723:91369,2018-NV-ordinary-general,excluded,partisan_or_internal;contest_pending
question,538:2018:100:56638:91210,2018-FL-ordinary-general,excluded,partisan_or_internal
question,538:2018:120:56616:91160,2018-TN-ordinary-general,excluded,non_LV_population
question,538:2018:116:56617:91162,2018-ND-ordinary-general,excluded,non_LV_population
question,538:2018:102:56618:91164,2018-IN-ordinary-general,excluded,non_LV_population
question,538:2018:109:56619:91165,2018-MO-ordinary-general,excluded,alternate_question
question,538:2018:109:56619:91166,2018-MO-ordinary-general,excluded,non_LV_population
question,538:2018:109:56619:91168,2018-MO-ordinary-general,excluded,non_LV_population
question,538:2018:97:56731:91394,2018-CA-ordinary-general,excluded,contest_excluded;question_missing_D_or_R_side
question,538:2018:96:56615:91158,2018-AZ-ordinary-general,excluded,non_LV_population
question,538:2018:96:56600:91125,2018-AZ-ordinary-general,excluded,non_LV_population
question,538:2018:112:56601:91127,2018-NV-ordinary-general,excluded,non_LV_population;contest_pending
question,538:2018:100:56640:91216,2018-FL-ordinary-general,excluded,non_LV_population
question,538:2018:120:56641:91218,2018-TN-ordinary-general,excluded,non_LV_population
question,538:2018:127:56602:91133,2018-WI-ordinary-general,excluded,non_LV_population
question,538:2018:102:56612:91146,2018-IN-ordinary-general,excluded,non_LV_population
question,538:2018:102:56612:91147,2018-IN-ordinary-general,excluded,alternate_question
question,538:2018:102:56612:91149,2018-IN-ordinary-general,excluded,non_LV_population
question,538:2018:118:56628:91189,2018-PA-ordinary-general,excluded,non_LV_population
question,538:2018:121:56590:91092,2018-TX-ordinary-general,excluded,non_LV_population
question,538:2018:100:56450:90792,2018-FL-ordinary-general,excluded,non_LV_population
question,538:2018:96:56539:90963,2018-AZ-ordinary-general,excluded,alternate_question
question,538:2018:96:56539:90964,2018-AZ-ordinary-general,excluded,non_LV_population
question,538:2018:96:56539:90966,2018-AZ-ordinary-general,excluded,non_LV_population
question,538:2018:111:56561:90999,2018-NE-ordinary-general,excluded,partisan_or_internal
question,538:2018:120:56577:91066,2018-TN-ordinary-general,excluded,non_LV_population
question,538:2018:105:56585:91120,2018-MA-ordinary-general,excluded,non_LV_population
question,538:2018:96:56586:91094,2018-AZ-ordinary-general,excluded,non_LV_population
question,538:2018:97:56595:91106,2018-CA-ordinary-general,excluded,contest_excluded;question_missing_D_or_R_side
question,538:2018:100:56587:91095,2018-FL-ordinary-general,excluded,non_LV_population
question,538:2018:116:56566:91006,2018-ND-ordinary-general,excluded,partisan_or_internal
question,538:2018:97:56669:91269,2018-CA-ordinary-general,excluded,non_LV_population;contest_excluded;question_missing_D_or_R_side
question,538:2018:106:56379:90637,2018-MI-ordinary-general,excluded,partisan_or_internal
question,538:2018:106:56485:90859,2018-MI-ordinary-general,excluded,non_LV_population
question,538:2018:121:56386:90645,2018-TX-ordinary-general,excluded,partisan_or_internal
question,538:2018:97:56451:90796,2018-CA-ordinary-general,excluded,contest_excluded;question_missing_D_or_R_side
question,538:2018:100:56335:90561,2018-FL-ordinary-general,excluded,partisan_or_internal
question,538:2018:100:56334:90558,2018-FL-ordinary-general,excluded,non_LV_population
question,538:2018:97:56345:90581,2018-CA-ordinary-general,excluded,contest_excluded;question_missing_D_or_R_side
question,538:2018:96:56263:90410,2018-AZ-ordinary-general,excluded,non_LV_population
question,538:2018:112:56414:90698,2018-NV-ordinary-general,excluded,non_LV_population;contest_pending
question,538:2018:113:56416:90687,2018-NJ-ordinary-general,excluded,non_LV_population
question,538:2018:109:56417:90688,2018-MO-ordinary-general,excluded,partisan_or_internal
question,538:2018:126:56440:90735,2018-WV-ordinary-general,excluded,partisan_or_internal;contest_pending
question,538:2018:126:56440:90736,2018-WV-ordinary-general,excluded,partisan_or_internal;contest_pending
question,538:2018:100:56360:90598,2018-FL-ordinary-general,excluded,partisan_or_internal
question,538:2018:130:56373:90619,2018-MS-special-first,excluded,non_LV_population;contest_pending
question,538:2018:6209:56373:90621,2018-MS-special-runoff,excluded,non_LV_population
question,538:2018:130:56373:90623,2018-MS-special-first,excluded,non_LV_population;contest_pending
question,538:2018:108:56373:90624,2018-MS-ordinary-general,excluded,alternate_question
question,538:2018:108:56373:90625,2018-MS-ordinary-general,excluded,non_LV_population
question,538:2018:108:56373:90627,2018-MS-ordinary-general,excluded,non_LV_population
question,538:2018:121:56413:90697,2018-TX-ordinary-general,excluded,non_LV_population
question,538:2018:127:56415:90699,2018-WI-ordinary-general,excluded,non_LV_population
question,538:2018:102:56347:90583,2018-IN-ordinary-general,excluded,partisan_or_internal
question,538:2018:113:73169:137170,2018-NJ-ordinary-general,excluded,partisan_or_internal
question,538:2018:112:56317:90515,2018-NV-ordinary-general,excluded,non_LV_population;partisan_or_internal;contest_pending
question,538:2018:103:56313:90510,2018-ME-ordinary-general,excluded,partisan_or_internal
question,538:2018:97:56243:90339,2018-CA-ordinary-general,excluded,contest_excluded;question_missing_D_or_R_side
question,538:2018:121:56232:90312,2018-TX-ordinary-general,excluded,partisan_or_internal
question,538:2018:97:56268:90483,2018-CA-ordinary-general,excluded,contest_excluded;question_missing_D_or_R_side
question,538:2018:97:56268:90484,2018-CA-ordinary-general,excluded,non_LV_population;contest_excluded;question_missing_D_or_R_side
question,538:2018:109:56225:90302,2018-MO-ordinary-general,excluded,partisan_or_internal
question,538:2018:126:56226:90303,2018-WV-ordinary-general,excluded,partisan_or_internal;contest_pending
question,538:2018:121:56237:90328,2018-TX-ordinary-general,excluded,non_LV_population
question,538:2018:121:56208:90274,2018-TX-ordinary-general,excluded,partisan_or_internal
question,538:2018:120:56291:90469,2018-TN-ordinary-general,excluded,non_LV_population
question,538:2018:120:56704:91340,2018-TN-ordinary-general,excluded,non_LV_population
question,538:2018:127:56207:90273,2018-WI-ordinary-general,excluded,non_LV_population;partisan_or_internal
question,538:2018:121:56090:89956,2018-TX-ordinary-general,excluded,non_LV_population
question,538:2018:120:56118:90075,2018-TN-ordinary-general,excluded,non_LV_population
question,538:2018:120:56270:90425,2018-TN-ordinary-general,excluded,non_LV_population
question,538:2018:96:56162:90162,2018-AZ-ordinary-general,excluded,partisan_or_internal
question,538:2018:96:56162:136798,2018-AZ-ordinary-general,excluded,partisan_or_internal;missing_population
question,538:2018:112:56123:90081,2018-NV-ordinary-general,excluded,non_LV_population;contest_pending
question,538:2018:102:56348:90584,2018-IN-ordinary-general,excluded,partisan_or_internal
question,538:2018:126:56145:90120,2018-WV-ordinary-general,excluded,partisan_or_internal;contest_pending
question,538:2018:113:56304:90488,2018-NJ-ordinary-general,excluded,partisan_or_internal
question,538:2018:119:56160:90208,2018-RI-ordinary-general,excluded,non_LV_population
question,538:2018:125:56148:90304,2018-WA-ordinary-general,excluded,non_LV_population
question,538:2018:122:56202:90260,2018-UT-ordinary-general,excluded,non_LV_population
question,538:2018:127:56142:90115,2018-WI-ordinary-general,excluded,non_LV_population
question,538:2018:105:56133:90097,2018-MA-ordinary-general,excluded,non_LV_population
question,538:2018:106:56153:90141,2018-MI-ordinary-general,excluded,partisan_or_internal
question,538:2018:109:56137:90106,2018-MO-ordinary-general,excluded,non_LV_population
question,538:2018:97:56272:90422,2018-CA-ordinary-general,excluded,contest_excluded;question_missing_D_or_R_side
question,538:2018:104:56124:90259,2018-MD-ordinary-general,excluded,partisan_or_internal
question,538:2018:110:56378:90636,2018-MT-ordinary-general,excluded,non_LV_population
question,538:2018:129:56149:90129,2018-MN-special-general,excluded,non_LV_population
question,538:2018:107:56149:90130,2018-MN-ordinary-general,excluded,non_LV_population
question,538:2018:107:56149:90132,2018-MN-ordinary-general,excluded,non_LV_population
question,538:2018:127:56163:90157,2018-WI-ordinary-general,excluded,non_LV_population
question,538:2018:117:56276:90433,2018-OH-ordinary-general,excluded,non_LV_population;contest_pending
question,538:2018:112:56115:90064,2018-NV-ordinary-general,excluded,non_LV_population;contest_pending
question,538:2018:112:56115:90066,2018-NV-ordinary-general,excluded,non_LV_population;contest_pending
question,538:2018:102:56349:90585,2018-IN-ordinary-general,excluded,partisan_or_internal
question,538:2018:118:56200:90257,2018-PA-ordinary-general,excluded,non_LV_population
question,538:2018:96:56016:89834,2018-AZ-ordinary-general,excluded,non_LV_population
question,538:2018:120:56017:89838,2018-TN-ordinary-general,excluded,non_LV_population
question,538:2018:102:56018:89835,2018-IN-ordinary-general,excluded,non_LV_population
question,538:2018:109:56019:89836,2018-MO-ordinary-general,excluded,non_LV_population
question,538:2018:109:56019:89839,2018-MO-ordinary-general,excluded,alternate_question
question,538:2018:109:56019:89840,2018-MO-ordinary-general,excluded,non_LV_population
question,538:2018:116:56020:89837,2018-ND-ordinary-general,excluded,non_LV_population
question,538:2018:109:56034:89869,2018-MO-ordinary-general,excluded,partisan_or_internal
question,538:2018:112:56294:90474,2018-NV-ordinary-general,excluded,non_LV_population;contest_pending
question,538:2018:100:56295:90475,2018-FL-ordinary-general,excluded,non_LV_population
question,538:2018:100:55960:89672,2018-FL-ordinary-general,excluded,non_LV_population;partisan_or_internal
question,538:2018:103:56161:90151,2018-ME-ordinary-general,excluded,partisan_or_internal
question,538:2018:113:56002:89799,2018-NJ-ordinary-general,excluded,non_LV_population
question,538:2018:112:55956:89667,2018-NV-ordinary-general,excluded,non_LV_population;contest_pending
question,538:2018:109:55957:89668,2018-MO-ordinary-general,excluded,non_LV_population
question,538:2018:110:55955:89665,2018-MT-ordinary-general,excluded,non_LV_population;partisan_or_internal
question,538:2018:123:55954:89814,2018-VT-ordinary-general,excluded,partisan_or_internal;contest_pending
question,538:2018:126:55898:89569,2018-WV-ordinary-general,excluded,partisan_or_internal;contest_pending
question,538:2018:126:56037:89872,2018-WV-ordinary-general,excluded,partisan_or_internal;contest_pending
question,538:2018:120:56201:90258,2018-TN-ordinary-general,excluded,partisan_or_internal
question,538:2018:96:56184:90217,2018-AZ-ordinary-general,excluded,non_LV_population
question,538:2018:114:55901:89575,2018-NM-ordinary-general,excluded,partisan_or_internal
question,538:2018:100:55924:89610,2018-FL-ordinary-general,excluded,partisan_or_internal
question,538:2018:120:55974:89702,2018-TN-ordinary-general,excluded,non_LV_population
question,538:2018:108:55975:89700,2018-MS-ordinary-general,excluded,non_LV_population
question,538:2018:130:55975:89701,2018-MS-special-first,excluded,non_LV_population;contest_pending
question,538:2018:126:56013:89816,2018-WV-ordinary-general,excluded,partisan_or_internal;contest_pending
question,538:2018:118:55900:89576,2018-PA-ordinary-general,excluded,non_LV_population
question,538:2018:96:55835:89398,2018-AZ-ordinary-general,excluded,non_LV_population
question,538:2018:106:55873:90194,2018-MI-ordinary-general,excluded,non_LV_population
question,538:2018:127:55876:90197,2018-WI-ordinary-general,excluded,non_LV_population
question,538:2018:121:54134:87618,2018-TX-ordinary-general,excluded,non_LV_population;partisan_or_internal
question,538:2018:121:54134:87638,2018-TX-ordinary-general,excluded,non_LV_population;partisan_or_internal
question,538:2018:96:55845:89415,2018-AZ-ordinary-general,excluded,non_LV_population
question,538:2018:96:55845:89416,2018-AZ-ordinary-general,excluded,non_LV_population
question,538:2018:96:55845:89417,2018-AZ-ordinary-general,excluded,alternate_question
question,538:2018:100:55868:89505,2018-FL-ordinary-general,excluded,non_LV_population
question,538:2018:117:55872:89522,2018-OH-ordinary-general,excluded,non_LV_population;contest_pending
question,538:2018:117:55872:89524,2018-OH-ordinary-general,excluded,non_LV_population;contest_pending;unresolved_poll_identity;unresolved_poll_side
question,538:2018:117:55874:90195,2018-OH-ordinary-general,excluded,non_LV_population;contest_pending
question,538:2018:110:54138:87624,2018-MT-ordinary-general,excluded,partisan_or_internal
question,538:2018:118:55875:90196,2018-PA-ordinary-general,excluded,non_LV_population
question,538:2018:102:55878:90198,2018-IN-ordinary-general,excluded,non_LV_population
question,538:2018:97:54119:87517,2018-CA-ordinary-general,excluded,contest_excluded;question_missing_D_or_R_side
question,538:2018:97:55899:89570,2018-CA-ordinary-general,excluded,contest_excluded;question_missing_D_or_R_side
question,538:2018:114:55902:89578,2018-NM-ordinary-general,excluded,partisan_or_internal
question,538:2018:99:55877:89561,2018-DE-ordinary-general,excluded,non_LV_population
question,538:2018:112:54092:90203,2018-NV-ordinary-general,excluded,non_LV_population;contest_pending
question,538:2018:127:54074:87235,2018-WI-ordinary-general,excluded,non_LV_population
question,538:2018:126:54051:87190,2018-WV-ordinary-general,excluded,non_LV_population;contest_pending
question,538:2018:96:54057:87207,2018-AZ-ordinary-general,excluded,non_LV_population
question,538:2018:120:54058:87208,2018-TN-ordinary-general,excluded,non_LV_population
question,538:2018:121:54091:90202,2018-TX-ordinary-general,excluded,non_LV_population
question,538:2018:96:54088:90199,2018-AZ-ordinary-general,excluded,non_LV_population
question,538:2018:97:54090:87434,2018-CA-ordinary-general,excluded,contest_excluded;question_missing_D_or_R_side
question,538:2018:97:54090:90201,2018-CA-ordinary-general,excluded,non_LV_population;contest_excluded;question_missing_D_or_R_side
question,538:2018:109:54064:87217,2018-MO-ordinary-general,excluded,partisan_or_internal
question,538:2018:96:54084:87417,2018-AZ-ordinary-general,excluded,partisan_or_internal
question,538:2018:121:54167:87696,2018-TX-ordinary-general,excluded,partisan_or_internal
question,538:2018:100:54089:90200,2018-FL-ordinary-general,excluded,non_LV_population
question,538:2018:96:53975:86867,2018-AZ-ordinary-general,excluded,non_LV_population
question,538:2018:120:53976:86869,2018-TN-ordinary-general,excluded,non_LV_population
question,538:2018:116:53977:86871,2018-ND-ordinary-general,excluded,non_LV_population
question,538:2018:102:53978:86873,2018-IN-ordinary-general,excluded,non_LV_population
question,538:2018:109:53979:86874,2018-MO-ordinary-general,excluded,alternate_question
question,538:2018:109:53979:86875,2018-MO-ordinary-general,excluded,non_LV_population
question,538:2018:109:53979:86878,2018-MO-ordinary-general,excluded,non_LV_population
question,538:2018:117:53959:86830,2018-OH-ordinary-general,excluded,non_LV_population;contest_pending
question,538:2018:124:54070:87224,2018-VA-ordinary-general,excluded,non_LV_population
question,538:2018:124:54070:87226,2018-VA-ordinary-general,excluded,non_LV_population
question,538:2018:117:53874:86639,2018-OH-ordinary-general,excluded,partisan_or_internal;contest_pending
question,538:2018:97:53878:86649,2018-CA-ordinary-general,excluded,contest_excluded;question_missing_D_or_R_side
question,538:2018:100:53812:86504,2018-FL-ordinary-general,excluded,non_LV_population;partisan_or_internal
question,538:2018:100:53845:86562,2018-FL-ordinary-general,excluded,non_LV_population
question,538:2018:115:53886:86725,2018-NY-ordinary-general,excluded,partisan_or_internal
question,538:2018:130:53830:86527,2018-MS-special-first,excluded,partisan_or_internal;contest_pending
question,538:2018:102:53866:86625,2018-IN-ordinary-general,excluded,non_LV_population
question,538:2018:102:53866:86627,2018-IN-ordinary-general,excluded,non_LV_population
question,538:2018:102:53866:86628,2018-IN-ordinary-general,excluded,alternate_question
question,538:2018:109:53839:86551,2018-MO-ordinary-general,excluded,non_LV_population
question,538:2018:109:53839:86553,2018-MO-ordinary-general,excluded,non_LV_population
question,538:2018:120:53876:86643,2018-TN-ordinary-general,excluded,non_LV_population
question,538:2018:122:53899:86683,2018-UT-ordinary-general,excluded,non_LV_population
question,538:2018:126:53813:86505,2018-WV-ordinary-general,excluded,partisan_or_internal;contest_pending
question,538:2018:118:53810:86500,2018-PA-ordinary-general,excluded,non_LV_population
question,538:2018:121:53776:86415,2018-TX-ordinary-general,excluded,non_LV_population
question,538:2018:110:53777:86414,2018-MT-ordinary-general,excluded,partisan_or_internal
question,538:2018:112:53785:86426,2018-NV-ordinary-general,excluded,non_LV_population;partisan_or_internal;contest_pending
question,538:2018:98:53762:86311,2018-CT-ordinary-general,excluded,non_LV_population
question,538:2018:100:53711:86195,2018-FL-ordinary-general,excluded,non_LV_population
question,538:2018:113:53733:86227,2018-NJ-ordinary-general,excluded,non_LV_population
question,538:2018:127:53730:86228,2018-WI-ordinary-general,excluded,non_LV_population
question,538:2018:114:53661:86119,2018-NM-ordinary-general,excluded,non_LV_population
question,538:2018:121:53736:86236,2018-TX-ordinary-general,excluded,non_LV_population
question,538:2018:118:53765:86316,2018-PA-ordinary-general,excluded,non_LV_population
question,538:2018:100:53784:86425,2018-FL-ordinary-general,excluded,non_LV_population
question,538:2018:113:53684:86147,2018-NJ-ordinary-general,excluded,partisan_or_internal
question,538:2018:118:53662:86121,2018-PA-ordinary-general,excluded,partisan_or_internal
question,538:2018:109:53647:86099,2018-MO-ordinary-general,excluded,partisan_or_internal
question,538:2018:106:54065:87218,2018-MI-ordinary-general,excluded,partisan_or_internal
question,538:2018:130:53735:86233,2018-MS-special-first,excluded,partisan_or_internal;contest_pending
question,538:2018:6209:53735:86532,2018-MS-special-runoff,excluded,partisan_or_internal
question,538:2018:6209:53735:86533,2018-MS-special-runoff,excluded,partisan_or_internal;confirmed_nonballot_candidate;question_missing_D_or_R_side
question,538:2018:102:53629:86055,2018-IN-ordinary-general,excluded,partisan_or_internal
question,538:2018:103:53545:85932,2018-ME-ordinary-general,excluded,RCV_reallocated_question
question,538:2018:114:53772:86407,2018-NM-ordinary-general,excluded,partisan_or_internal
question,538:2018:114:53625:86050,2018-NM-ordinary-general,excluded,partisan_or_internal
question,538:2018:114:53625:86679,2018-NM-ordinary-general,excluded,partisan_or_internal;question_missing_D_or_R_side
question,538:2018:121:53476:85660,2018-TX-ordinary-general,excluded,non_LV_population;partisan_or_internal
question,538:2018:114:53732:86226,2018-NM-ordinary-general,excluded,partisan_or_internal
question,538:2018:6209:53572:86539,2018-MS-special-runoff,excluded,confirmed_nonballot_candidate;question_missing_D_or_R_side
question,538:2018:121:53463:84641,2018-TX-ordinary-general,excluded,non_LV_population
question,538:2018:114:73079:137023,2018-NM-ordinary-general,excluded,partisan_or_internal;question_missing_D_or_R_side
question,538:2018:114:73179:137183,2018-NM-ordinary-general,excluded,partisan_or_internal;missing_population
question,538:2018:127:53650:86128,2018-WI-ordinary-general,excluded,non_LV_population
question,538:2018:96:53703:86175,2018-AZ-ordinary-general,excluded,confirmed_nonballot_candidate;question_missing_D_or_R_side
question,538:2018:96:53703:86176,2018-AZ-ordinary-general,excluded,confirmed_nonballot_candidate;question_missing_D_or_R_side
question,538:2018:121:53466:84648,2018-TX-ordinary-general,excluded,non_LV_population
question,538:2018:100:53713:86197,2018-FL-ordinary-general,excluded,non_LV_population
question,538:2018:106:53550:85940,2018-MI-ordinary-general,excluded,non_LV_population
question,538:2018:127:53651:86125,2018-WI-ordinary-general,excluded,non_LV_population
question,538:2018:129:53665:86126,2018-MN-special-general,excluded,non_LV_population
question,538:2018:114:73180:137184,2018-NM-ordinary-general,excluded,partisan_or_internal;missing_population
question,538:2018:97:53426:84569,2018-CA-ordinary-general,excluded,contest_excluded;question_missing_D_or_R_side
question,538:2018:126:53683:86146,2018-WV-ordinary-general,excluded,partisan_or_internal;contest_pending
question,538:2018:115:54003:137358,2018-NY-ordinary-general,excluded,non_LV_population
question,538:2018:120:53484:85669,2018-TN-ordinary-general,excluded,non_LV_population
question,538:2018:109:55913:89595,2018-MO-ordinary-general,excluded,partisan_or_internal
question,538:2018:120:53478:85662,2018-TN-ordinary-general,excluded,partisan_or_internal
question,538:2018:120:53481:85666,2018-TN-ordinary-general,excluded,partisan_or_internal
question,538:2018:117:73425:137629,2018-OH-ordinary-general,excluded,non_LV_population;partisan_or_internal;contest_pending
question,538:2018:96:53704:86177,2018-AZ-ordinary-general,excluded,confirmed_nonballot_candidate;question_missing_D_or_R_side
question,538:2018:96:53704:86179,2018-AZ-ordinary-general,excluded,confirmed_nonballot_candidate;question_missing_D_or_R_side
question,538:2018:102:52804:83448,2018-IN-ordinary-general,excluded,non_LV_population
question,538:2018:110:52805:83449,2018-MT-ordinary-general,excluded,non_LV_population
question,538:2018:116:52806:83450,2018-ND-ordinary-general,excluded,non_LV_population
question,538:2018:118:52807:83451,2018-PA-ordinary-general,excluded,non_LV_population
question,538:2018:117:52808:83452,2018-OH-ordinary-general,excluded,non_LV_population;contest_pending
question,538:2018:126:52809:83453,2018-WV-ordinary-general,excluded,non_LV_population;contest_pending
question,538:2018:112:52810:83454,2018-NV-ordinary-general,excluded,non_LV_population;contest_pending
question,538:2018:120:53477:85661,2018-TN-ordinary-general,excluded,non_LV_population
question,538:2018:127:53664:86124,2018-WI-ordinary-general,excluded,non_LV_population
question,538:2018:106:53669:86131,2018-MI-ordinary-general,excluded,non_LV_population
question,538:2018:109:53678:86141,2018-MO-ordinary-general,excluded,non_LV_population
question,538:2018:100:53756:86296,2018-FL-ordinary-general,excluded,non_LV_population
question,538:2018:96:53757:86297,2018-AZ-ordinary-general,excluded,non_LV_population
question,538:2018:96:53757:86298,2018-AZ-ordinary-general,excluded,non_LV_population;confirmed_nonballot_candidate;question_missing_D_or_R_side
question,538:2018:96:53757:86299,2018-AZ-ordinary-general,excluded,non_LV_population;confirmed_nonballot_candidate;question_missing_D_or_R_side
question,538:2018:96:53757:86387,2018-AZ-ordinary-general,excluded,confirmed_nonballot_candidate;question_missing_D_or_R_side
question,538:2018:96:53757:86388,2018-AZ-ordinary-general,excluded,confirmed_nonballot_candidate;question_missing_D_or_R_side
question,538:2018:96:53757:86389,2018-AZ-ordinary-general,excluded,confirmed_nonballot_candidate;question_missing_D_or_R_side
question,538:2018:96:53757:86390,2018-AZ-ordinary-general,excluded,confirmed_nonballot_candidate;question_missing_D_or_R_side
question,538:2018:96:53757:86391,2018-AZ-ordinary-general,excluded,confirmed_nonballot_candidate;question_missing_D_or_R_side
question,538:2018:96:53757:86392,2018-AZ-ordinary-general,excluded,confirmed_nonballot_candidate;question_missing_D_or_R_side
question,538:2018:96:53757:86393,2018-AZ-ordinary-general,excluded,confirmed_nonballot_candidate;question_missing_D_or_R_side
question,538:2018:96:53757:86394,2018-AZ-ordinary-general,excluded,confirmed_nonballot_candidate;question_missing_D_or_R_side
question,538:2018:96:53757:86395,2018-AZ-ordinary-general,excluded,confirmed_nonballot_candidate;question_missing_D_or_R_side
question,538:2018:96:53757:86396,2018-AZ-ordinary-general,excluded,confirmed_nonballot_candidate;question_missing_D_or_R_side
question,538:2018:97:52745:83339,2018-CA-ordinary-general,excluded,contest_excluded;question_missing_D_or_R_side
question,538:2018:107:53670:86132,2018-MN-ordinary-general,excluded,partisan_or_internal
question,538:2018:129:53670:86133,2018-MN-special-general,excluded,partisan_or_internal
question,538:2018:124:52718:83293,2018-VA-ordinary-general,excluded,non_LV_population
question,538:2018:96:53705:86180,2018-AZ-ordinary-general,excluded,non_LV_population
question,538:2018:96:53705:86181,2018-AZ-ordinary-general,excluded,non_LV_population;confirmed_nonballot_candidate;question_missing_D_or_R_side
question,538:2018:96:53705:86182,2018-AZ-ordinary-general,excluded,non_LV_population;confirmed_nonballot_candidate;question_missing_D_or_R_side
question,538:2018:121:52737:83322,2018-TX-ordinary-general,excluded,non_LV_population
question,538:2018:96:53706:86183,2018-AZ-ordinary-general,excluded,non_LV_population;confirmed_nonballot_candidate;question_missing_D_or_R_side
question,538:2018:96:53706:86184,2018-AZ-ordinary-general,excluded,non_LV_population;confirmed_nonballot_candidate;question_missing_D_or_R_side
question,538:2018:96:53706:86185,2018-AZ-ordinary-general,excluded,non_LV_population
question,538:2018:100:53715:86199,2018-FL-ordinary-general,excluded,non_LV_population
question,538:2018:117:52692:83261,2018-OH-ordinary-general,excluded,non_LV_population;contest_pending
question,538:2018:96:53707:86186,2018-AZ-ordinary-general,excluded,non_LV_population;confirmed_nonballot_candidate;question_missing_D_or_R_side
question,538:2018:96:53707:86187,2018-AZ-ordinary-general,excluded,non_LV_population
question,538:2018:96:53707:86188,2018-AZ-ordinary-general,excluded,non_LV_population;confirmed_nonballot_candidate;question_missing_D_or_R_side
question,538:2018:100:53716:86200,2018-FL-ordinary-general,excluded,non_LV_population
question,538:2018:100:53717:86201,2018-FL-ordinary-general,excluded,non_LV_population;partisan_or_internal
question,538:2018:126:52636:83169,2018-WV-ordinary-general,excluded,non_LV_population;contest_pending
question,538:2018:126:52636:83170,2018-WV-ordinary-general,excluded,non_LV_population;confirmed_nonballot_candidate;contest_pending
question,538:2018:126:52636:83172,2018-WV-ordinary-general,excluded,confirmed_nonballot_candidate;contest_pending
question,538:2018:126:52636:84521,2018-WV-ordinary-general,excluded,confirmed_nonballot_candidate;contest_pending
question,538:2018:118:67643:126559,2018-PA-ordinary-general,excluded,partisan_or_internal
question,538:2018:122:52719:83294,2018-UT-ordinary-general,excluded,non_LV_population
question,538:2018:127:53666:86127,2018-WI-ordinary-general,excluded,non_LV_population
question,538:2018:121:52735:83318,2018-TX-ordinary-general,excluded,non_LV_population
question,538:2018:97:52723:83298,2018-CA-ordinary-general,excluded,non_LV_population;contest_excluded;question_missing_D_or_R_side
question,538:2018:97:52723:83299,2018-CA-ordinary-general,excluded,non_LV_population;contest_excluded;question_missing_D_or_R_side
question,538:2018:114:52627:83204,2018-NM-ordinary-general,excluded,confirmed_nonballot_candidate
question,538:2018:116:52655:83196,2018-ND-ordinary-general,excluded,non_LV_population
question,538:2018:126:52744:83337,2018-WV-ordinary-general,excluded,non_LV_population;confirmed_nonballot_candidate;contest_pending
question,538:2018:126:52744:83338,2018-WV-ordinary-general,excluded,non_LV_population;contest_pending
question,538:2018:109:53677:86140,2018-MO-ordinary-general,excluded,partisan_or_internal
question,538:2018:117:52606:83163,2018-OH-ordinary-general,excluded,non_LV_population;contest_pending
question,538:2018:118:52619:83184,2018-PA-ordinary-general,excluded,non_LV_population
question,538:2018:121:53682:86145,2018-TX-ordinary-general,excluded,partisan_or_internal
question,538:2018:119:53988:86902,2018-RI-ordinary-general,excluded,non_LV_population
question,538:2018:100:53936:86756,2018-FL-ordinary-general,excluded,partisan_or_internal
question,538:2018:117:55911:89593,2018-OH-ordinary-general,excluded,partisan_or_internal;missing_population;contest_pending
question,538:2018:100:53931:86744,2018-FL-ordinary-general,excluded,non_LV_population
question,538:2018:100:53724:86217,2018-FL-ordinary-general,excluded,non_LV_population
question,538:2018:124:52652:83193,2018-VA-ordinary-general,excluded,non_LV_population
question,538:2018:121:52597:83157,2018-TX-ordinary-general,excluded,non_LV_population
question,538:2018:121:52776:83388,2018-TX-ordinary-general,excluded,partisan_or_internal
question,538:2018:105:53895:86678,2018-MA-ordinary-general,excluded,non_LV_population
question,538:2018:117:52608:83165,2018-OH-ordinary-general,excluded,non_LV_population;contest_pending
question,538:2018:126:52637:83174,2018-WV-ordinary-general,excluded,confirmed_nonballot_candidate;contest_pending
question,538:2018:121:52632:83161,2018-TX-ordinary-general,excluded,non_LV_population;partisan_or_internal
question,538:2018:121:52596:83156,2018-TX-ordinary-general,excluded,partisan_or_internal;unresolved_poll_identity;unresolved_poll_side
question,538:2018:113:52649:83190,2018-NJ-ordinary-general,excluded,non_LV_population
question,538:2018:126:52638:83175,2018-WV-ordinary-general,excluded,partisan_or_internal;contest_pending
question,538:2018:126:52639:83176,2018-WV-ordinary-general,excluded,partisan_or_internal;contest_pending
question,538:2018:126:52639:83177,2018-WV-ordinary-general,excluded,partisan_or_internal;contest_pending
question,538:2018:100:53725:86218,2018-FL-ordinary-general,excluded,non_LV_population
question,538:2018:130:53737:86235,2018-MS-special-first,excluded,partisan_or_internal;contest_pending;unresolved_poll_identity;unresolved_poll_side
question,538:2018:112:52658:83199,2018-NV-ordinary-general,excluded,non_LV_population;partisan_or_internal;contest_pending
question,538:2018:120:53489:85674,2018-TN-ordinary-general,excluded,non_LV_population;partisan_or_internal
question,538:2018:115:52695:83264,2018-NY-ordinary-general,excluded,non_LV_population
question,538:2018:112:52659:83200,2018-NV-ordinary-general,excluded,non_LV_population;contest_pending
question,538:2018:120:53490:85675,2018-TN-ordinary-general,excluded,non_LV_population
question,538:2018:96:53758:86300,2018-AZ-ordinary-general,excluded,non_LV_population
question,538:2018:96:53758:86301,2018-AZ-ordinary-general,excluded,non_LV_population;confirmed_nonballot_candidate;question_missing_D_or_R_side
question,538:2018:96:53758:86302,2018-AZ-ordinary-general,excluded,non_LV_population;confirmed_nonballot_candidate;question_missing_D_or_R_side
question,538:2018:120:53485:85670,2018-TN-ordinary-general,excluded,non_LV_population
question,538:2018:97:53671:86134,2018-CA-ordinary-general,excluded,non_LV_population;contest_excluded;question_missing_D_or_R_side
question,538:2018:109:53675:86138,2018-MO-ordinary-general,excluded,partisan_or_internal
question,538:2018:121:52598:83158,2018-TX-ordinary-general,excluded,non_LV_population
question,538:2018:6209:53834:86535,2018-MS-special-runoff,excluded,non_LV_population
question,538:2018:6209:53834:86536,2018-MS-special-runoff,excluded,non_LV_population;confirmed_nonballot_candidate;question_missing_D_or_R_side
question,538:2018:109:55912:89594,2018-MO-ordinary-general,excluded,partisan_or_internal;missing_population
question,538:2018:115:52697:83266,2018-NY-ordinary-general,excluded,non_LV_population
question,538:2018:118:52620:83185,2018-PA-ordinary-general,excluded,non_LV_population
question,538:2018:6209:53573:86542,2018-MS-special-runoff,excluded,confirmed_nonballot_candidate;question_missing_D_or_R_side
question,538:2018:96:53708:86190,2018-AZ-ordinary-general,excluded,confirmed_nonballot_candidate;question_missing_D_or_R_side
question,538:2018:96:53708:86191,2018-AZ-ordinary-general,excluded,confirmed_nonballot_candidate;question_missing_D_or_R_side
question,538:2018:100:53726:86219,2018-FL-ordinary-general,excluded,non_LV_population;partisan_or_internal
question,538:2018:120:53488:85673,2018-TN-ordinary-general,excluded,partisan_or_internal
question,538:2018:113:52650:83191,2018-NJ-ordinary-general,excluded,non_LV_population
question,538:2018:109:53561:85947,2018-MO-ordinary-general,excluded,non_LV_population
question,538:2018:130:53833:86534,2018-MS-special-first,excluded,partisan_or_internal;contest_pending
question,538:2018:120:53486:85671,2018-TN-ordinary-general,excluded,non_LV_population
question,538:2018:118:52621:83186,2018-PA-ordinary-general,excluded,non_LV_population
question,538:2018:117:52611:83166,2018-OH-ordinary-general,excluded,non_LV_population;contest_pending
question,538:2018:105:53894:86677,2018-MA-ordinary-general,excluded,non_LV_population
question,538:2018:112:52660:83202,2018-NV-ordinary-general,excluded,non_LV_population;partisan_or_internal;contest_pending
question,538:2018:118:52646:83187,2018-PA-ordinary-general,excluded,non_LV_population;partisan_or_internal
question,538:2018:120:53479:85664,2018-TN-ordinary-general,excluded,non_LV_population;partisan_or_internal
question,538:2018:127:53667:86129,2018-WI-ordinary-general,excluded,non_LV_population;partisan_or_internal
question,538:2018:96:53709:86192,2018-AZ-ordinary-general,excluded,non_LV_population;partisan_or_internal
question,538:2018:115:52696:83265,2018-NY-ordinary-general,excluded,non_LV_population
question,538:2018:100:53901:86689,2018-FL-ordinary-general,excluded,partisan_or_internal
question,538:2018:113:52651:83192,2018-NJ-ordinary-general,excluded,non_LV_population
question,538:2018:117:52634:83167,2018-OH-ordinary-general,excluded,non_LV_population;contest_pending
question,538:2018:109:53560:85946,2018-MO-ordinary-general,excluded,non_LV_population
question,538:2018:117:52635:83168,2018-OH-ordinary-general,excluded,non_LV_population;contest_pending
question,538:2018:118:52647:83188,2018-PA-ordinary-general,excluded,non_LV_population
question,538:2018:109:53674:86137,2018-MO-ordinary-general,excluded,non_LV_population
question,538:2018:100:53746:86286,2018-FL-ordinary-general,excluded,non_LV_population
question,538:2018:124:52653:83194,2018-VA-ordinary-general,excluded,non_LV_population
question,538:2018:100:53747:86287,2018-FL-ordinary-general,excluded,non_LV_population
question,538:2018:100:53748:86288,2018-FL-ordinary-general,excluded,non_LV_population
question,538:2018:116:52656:83197,2018-ND-ordinary-general,excluded,non_LV_population
question,538:2018:100:53749:86289,2018-FL-ordinary-general,excluded,non_LV_population
question,538:2018:116:52657:83198,2018-ND-ordinary-general,excluded,partisan_or_internal
question,538:2018:100:53750:86290,2018-FL-ordinary-general,excluded,non_LV_population
question,538:2018:120:53482:85667,2018-TN-ordinary-general,excluded,partisan_or_internal
question,538:2018:100:53751:86291,2018-FL-ordinary-general,excluded,non_LV_population
question,538:2018:100:53753:86293,2018-FL-ordinary-general,excluded,non_LV_population
question,538:2018:111:52644:83182,2018-NE-ordinary-general,excluded,partisan_or_internal
question,538:2018:121:53681:86144,2018-TX-ordinary-general,excluded,non_LV_population;partisan_or_internal
question,538:2018:122:52720:83295,2018-UT-ordinary-general,excluded,non_LV_population
question,538:2018:109:53673:86136,2018-MO-ordinary-general,excluded,non_LV_population;partisan_or_internal
question,538:2018:100:53754:86294,2018-FL-ordinary-general,excluded,non_LV_population
question,538:2018:120:53483:85668,2018-TN-ordinary-general,excluded,partisan_or_internal
question,538:2018:121:52631:83160,2018-TX-ordinary-general,excluded,partisan_or_internal
question,538:2018:120:53487:85672,2018-TN-ordinary-general,excluded,non_LV_population
question,538:2018:100:53755:86295,2018-FL-ordinary-general,excluded,non_LV_population
question,538:2018:122:52721:83296,2018-UT-ordinary-general,excluded,non_LV_population
question,538:2018:111:52645:83183,2018-NE-ordinary-general,excluded,non_LV_population;partisan_or_internal
question,538:2018:105:53893:86673,2018-MA-ordinary-general,excluded,non_LV_population
question,538:2018:96:53710:86194,2018-AZ-ordinary-general,excluded,confirmed_nonballot_candidate;question_missing_D_or_R_side
question,538:2018:120:53480:85665,2018-TN-ordinary-general,excluded,partisan_or_internal
question,538:2018:124:52654:83195,2018-VA-ordinary-general,excluded,non_LV_population
question,538:2018:122:52722:83297,2018-UT-ordinary-general,excluded,non_LV_population
question,538:2018:109:53672:86135,2018-MO-ordinary-general,excluded,partisan_or_internal
question,538:2018:112:52661:83203,2018-NV-ordinary-general,excluded,non_LV_population;contest_pending
question,538:2018:105:53946:86824,2018-MA-ordinary-general,excluded,non_LV_population
question,538:2018:121:52630:83159,2018-TX-ordinary-general,excluded,non_LV_population
question,ut2024:13,2024-TX-ordinary-general,excluded,non_LV_population
question,ut2024:19,2024-TX-ordinary-general,excluded,non_LV_population
question,ut2024:20,2024-TX-ordinary-general,excluded,non_LV_population;missing_fieldwork_end
question,ut2024:22,2024-TX-ordinary-general,excluded,non_LV_population
question,ut2024:27,2024-TX-ordinary-general,excluded,non_LV_population
question,ut2024:28,2024-TX-ordinary-general,excluded,non_LV_population
question,ut2024:29,2024-TX-ordinary-general,excluded,non_LV_population
question,ut2024:30,2024-TX-ordinary-general,excluded,non_LV_population
question,ut2024:32,2024-TX-ordinary-general,excluded,non_LV_population
question,ut2024:33,2024-TX-ordinary-general,excluded,non_LV_population
question,ut2024:34,2024-TX-ordinary-general,excluded,non_LV_population
question,ut2024:35,2024-TX-ordinary-general,excluded,non_LV_population
question,ut2024:36,2024-TX-ordinary-general,excluded,non_LV_population
question,ut2024:37,2024-TX-ordinary-general,excluded,non_LV_population
