record_type,record_key,contest_id,status,reasons
contest,2018-MS-special-first,2018-MS-special-first,pending,missing_first_round_results
contest,2018-NV-ordinary-general,2018-NV-ordinary-general,pending,ballot_option_denominator_pending
contest,2018-OH-ordinary-general,2018-OH-ordinary-general,pending,reference_vote_count_conflict
contest,2018-VT-ordinary-general,2018-VT-ordinary-general,pending,reference_vote_count_conflict
contest,2018-WV-ordinary-general,2018-WV-ordinary-general,pending,unofficial_source_returns;reference_vote_count_conflict
contest,2020-GA-ordinary-runoff,2020-GA-ordinary-runoff,pending,unofficial_source_returns;reference_vote_count_conflict
contest,2020-GA-special-runoff,2020-GA-special-runoff,pending,unofficial_source_returns;reference_vote_count_conflict
contest,2020-IL-ordinary-general,2020-IL-ordinary-general,pending,unresolved_result_party
contest,2020-KY-ordinary-general,2020-KY-ordinary-general,pending,unresolved_result_party
contest,2020-MA-ordinary-general,2020-MA-ordinary-general,pending,unresolved_result_party
contest,2020-MI-ordinary-general,2020-MI-ordinary-general,pending,unresolved_result_party
contest,2020-NE-ordinary-general,2020-NE-ordinary-general,pending,unresolved_result_party
contest,2020-NJ-ordinary-general,2020-NJ-ordinary-general,pending,reference_vote_count_conflict
contest,2020-SD-ordinary-general,2020-SD-ordinary-general,pending,unofficial_source_returns
contest,2020-TN-ordinary-general,2020-TN-ordinary-general,pending,unresolved_result_party
contest,2020-TX-ordinary-general,2020-TX-ordinary-general,pending,unresolved_result_party
question,538:2020:8737:73993:138823,2020-GA-ordinary-runoff,pending,contest_pending
question,538:2020:7781:73993:138824,2020-GA-special-runoff,pending,contest_pending
question,538:2020:8737:73992:138821,2020-GA-ordinary-runoff,pending,contest_pending
question,538:2020:7781:73992:138822,2020-GA-special-runoff,pending,contest_pending
question,538:2020:8737:73958:138753,2020-GA-ordinary-runoff,pending,contest_pending
question,538:2020:7781:73958:138754,2020-GA-special-runoff,pending,contest_pending
question,538:2020:8737:73959:138755,2020-GA-ordinary-runoff,pending,contest_pending
question,538:2020:7781:73959:138756,2020-GA-special-runoff,pending,contest_pending
question,538:2020:8737:73957:138751,2020-GA-ordinary-runoff,pending,contest_pending
question,538:2020:7781:73957:138752,2020-GA-special-runoff,pending,contest_pending
question,538:2020:8737:73956:138744,2020-GA-ordinary-runoff,pending,contest_pending
question,538:2020:7781:73956:138745,2020-GA-special-runoff,pending,contest_pending
question,538:2020:8737:73908:138671,2020-GA-ordinary-runoff,pending,contest_pending
question,538:2020:7781:73908:138672,2020-GA-special-runoff,pending,contest_pending
question,538:2020:8737:73898:138646,2020-GA-ordinary-runoff,pending,contest_pending
question,538:2020:7781:73898:138647,2020-GA-special-runoff,pending,contest_pending
question,538:2020:8737:73886:138617,2020-GA-ordinary-runoff,pending,contest_pending
question,538:2020:7781:73886:138618,2020-GA-special-runoff,pending,contest_pending
question,538:2020:8737:73888:138628,2020-GA-ordinary-runoff,pending,contest_pending
question,538:2020:7781:73888:138629,2020-GA-special-runoff,pending,contest_pending
question,538:2020:8737:73860:138540,2020-GA-ordinary-runoff,pending,contest_pending
question,538:2020:7781:73860:138541,2020-GA-special-runoff,pending,contest_pending
question,538:2020:8737:73801:138448,2020-GA-ordinary-runoff,pending,contest_pending
question,538:2020:7781:73801:138449,2020-GA-special-runoff,pending,contest_pending
question,538:2020:8737:73789:138389,2020-GA-ordinary-runoff,pending,contest_pending
question,538:2020:7781:73789:138390,2020-GA-special-runoff,pending,contest_pending
question,538:2020:8737:73831:138492,2020-GA-ordinary-runoff,pending,contest_pending
question,538:2020:7781:73831:138493,2020-GA-special-runoff,pending,contest_pending
question,538:2020:8737:73838:138507,2020-GA-ordinary-runoff,pending,contest_pending
question,538:2020:7781:73838:138508,2020-GA-special-runoff,pending,contest_pending
question,538:2020:8737:73672:138229,2020-GA-ordinary-runoff,pending,contest_pending
question,538:2020:7781:73672:138230,2020-GA-special-runoff,pending,contest_pending
question,538:2020:8737:73446:137759,2020-GA-ordinary-runoff,pending,contest_pending
question,538:2020:7781:73446:137760,2020-GA-special-runoff,pending,contest_pending
question,538:2020:8737:73492:137854,2020-GA-ordinary-runoff,pending,contest_pending
question,538:2020:7781:73492:137855,2020-GA-special-runoff,pending,contest_pending
question,538:2020:8737:73121:137096,2020-GA-ordinary-runoff,pending,contest_pending
question,538:2020:7781:73121:137097,2020-GA-special-runoff,pending,contest_pending
question,538:2020:8737:72935:136831,2020-GA-ordinary-runoff,pending,contest_pending
question,538:2020:7781:72935:136832,2020-GA-special-runoff,pending,contest_pending
question,538:2020:6295:72774:136577,2020-TX-ordinary-general,pending,contest_pending
question,538:2020:6274:72623:136295,2020-IL-ordinary-general,pending,contest_pending
question,538:2020:6280:72624:136296,2020-MI-ordinary-general,pending,contest_pending
question,538:2020:6287:72626:136298,2020-NJ-ordinary-general,pending,contest_pending
question,538:2020:6274:72716:136479,2020-IL-ordinary-general,pending,contest_pending
question,538:2020:6280:72728:136504,2020-MI-ordinary-general,pending,contest_pending
question,538:2020:6280:72508:136079,2020-MI-ordinary-general,pending,contest_pending
question,538:2020:6295:72583:136217,2020-TX-ordinary-general,pending,contest_pending;unresolved_poll_side
question,538:2020:6280:72769:136579,2020-MI-ordinary-general,pending,contest_pending
question,538:2020:6276:72779:136588,2020-KY-ordinary-general,pending,contest_pending
question,538:2020:6294:72786:136584,2020-TN-ordinary-general,pending,contest_pending
question,538:2020:6280:72487:136038,2020-MI-ordinary-general,pending,contest_pending
question,538:2020:6295:72518:136088,2020-TX-ordinary-general,pending,contest_pending
question,538:2020:6280:72607:136273,2020-MI-ordinary-general,pending,contest_pending
question,538:2020:6295:72614:136276,2020-TX-ordinary-general,pending,contest_pending
question,538:2020:6276:72618:136272,2020-KY-ordinary-general,pending,contest_pending
question,538:2020:6280:72587:136227,2020-MI-ordinary-general,pending,contest_pending
question,538:2020:6280:72416:135878,2020-MI-ordinary-general,pending,contest_pending
question,538:2020:6278:72715:136478,2020-MA-ordinary-general,pending,contest_pending
question,538:2020:6280:72493:136047,2020-MI-ordinary-general,pending,contest_pending
question,538:2020:6280:72335:135888,2020-MI-ordinary-general,pending,contest_pending
question,538:2020:6295:72229:135688,2020-TX-ordinary-general,pending,contest_pending
question,538:2020:6295:72498:136057,2020-TX-ordinary-general,pending,contest_pending
question,538:2020:6280:72483:136026,2020-MI-ordinary-general,pending,contest_pending
question,538:2020:6293:72794:136599,2020-SD-ordinary-general,pending,contest_pending
question,538:2020:6280:72311:135660,2020-MI-ordinary-general,pending,contest_pending
question,538:2020:6280:72170:135364,2020-MI-ordinary-general,pending,contest_pending
question,538:2020:6271:72146:135284,2020-GA-ordinary-general,pending,ambiguous_question_preference
question,538:2020:6271:72146:135285,2020-GA-ordinary-general,pending,ambiguous_question_preference
question,538:2020:7780:72146:135287,2020-GA-special-first,pending,ambiguous_question_preference
question,538:2020:7780:72146:135288,2020-GA-special-first,pending,ambiguous_question_preference
question,538:2020:7781:72146:135322,2020-GA-special-runoff,pending,contest_pending
question,538:2020:7781:72040:135054,2020-GA-special-runoff,pending,contest_pending
question,538:2020:6280:72152:135299,2020-MI-ordinary-general,pending,contest_pending
question,538:2020:6280:72302:135654,2020-MI-ordinary-general,pending,contest_pending
question,538:2020:6287:72304:135656,2020-NJ-ordinary-general,pending,contest_pending
question,538:2020:6295:72308:135652,2020-TX-ordinary-general,pending,contest_pending
question,538:2020:6280:72058:135093,2020-MI-ordinary-general,pending,contest_pending
question,538:2020:6295:72206:135451,2020-TX-ordinary-general,pending,contest_pending
question,538:2020:6280:72065:135139,2020-MI-ordinary-general,pending,contest_pending
question,538:2020:6295:71967:134908,2020-TX-ordinary-general,pending,contest_pending
question,538:2020:6280:72074:135126,2020-MI-ordinary-general,pending,contest_pending
question,538:2020:6280:71890:134749,2020-MI-ordinary-general,pending,contest_pending
question,538:2020:6287:72205:135440,2020-NJ-ordinary-general,pending,contest_pending
question,538:2020:6278:71972:134921,2020-MA-ordinary-general,pending,contest_pending
question,538:2020:6280:71625:134187,2020-MI-ordinary-general,pending,contest_pending
question,538:2020:6280:72182:135399,2020-MI-ordinary-general,pending,contest_pending
question,538:2020:6295:72186:135401,2020-TX-ordinary-general,pending,contest_pending
question,538:2020:6280:71462:133845,2020-MI-ordinary-general,pending,contest_pending
question,538:2020:6295:71884:134740,2020-TX-ordinary-general,pending,contest_pending
question,538:2020:6295:71955:134883,2020-TX-ordinary-general,pending,contest_pending
question,538:2020:6280:71641:134229,2020-MI-ordinary-general,pending,contest_pending
question,538:2020:6295:71647:134232,2020-TX-ordinary-general,pending,contest_pending
question,538:2020:7781:71435:133781,2020-GA-special-runoff,pending,contest_pending
question,538:2020:6280:71521:133964,2020-MI-ordinary-general,pending,contest_pending
question,538:2020:6295:71556:134044,2020-TX-ordinary-general,pending,contest_pending
question,538:2020:6272:71548:134030,2020-IA-ordinary-general,pending,ambiguous_question_preference
question,538:2020:6272:71548:134031,2020-IA-ordinary-general,pending,ambiguous_question_preference
question,538:2020:6280:71738:134409,2020-MI-ordinary-general,pending,contest_pending
question,538:2020:7781:71454:133830,2020-GA-special-runoff,pending,contest_pending
question,538:2020:6280:71367:133645,2020-MI-ordinary-general,pending,contest_pending
question,538:2020:6269:71352:133614,2020-CO-ordinary-general,pending,unresolved_poll_identity;unresolved_poll_side
question,538:2020:6280:71178:133262,2020-MI-ordinary-general,pending,contest_pending
question,538:2020:6276:71443:133987,2020-KY-ordinary-general,pending,contest_pending
question,538:2020:6269:71069:133035,2020-CO-ordinary-general,pending,unresolved_poll_identity;unresolved_poll_side
question,538:2020:6268:71090:133069,2020-AZ-special-general,pending,ambiguous_question_preference
question,538:2020:6268:71090:133070,2020-AZ-special-general,pending,ambiguous_question_preference
question,538:2020:6280:70785:132436,2020-MI-ordinary-general,pending,contest_pending
question,538:2020:6287:71176:133258,2020-NJ-ordinary-general,pending,contest_pending
question,538:2020:6280:70979:133019,2020-MI-ordinary-general,pending,contest_pending
question,538:2020:7781:71000:132879,2020-GA-special-runoff,pending,contest_pending
question,538:2020:6284:70780:132420,2020-NC-ordinary-general,pending,ambiguous_question_preference
question,538:2020:6284:70780:132421,2020-NC-ordinary-general,pending,ambiguous_question_preference
question,538:2020:6280:70737:132336,2020-MI-ordinary-general,pending,contest_pending
question,538:2020:6280:70756:132379,2020-MI-ordinary-general,pending,contest_pending
question,538:2020:6295:70762:132382,2020-TX-ordinary-general,pending,contest_pending
question,538:2020:6280:70724:132311,2020-MI-ordinary-general,pending,contest_pending
question,538:2020:6280:70719:132292,2020-MI-ordinary-general,pending,contest_pending
question,538:2020:6280:70692:132228,2020-MI-ordinary-general,pending,contest_pending
question,538:2020:6295:70682:132201,2020-TX-ordinary-general,pending,contest_pending
question,538:2020:6295:70630:132069,2020-TX-ordinary-general,pending,contest_pending
question,538:2020:6280:70615:132033,2020-MI-ordinary-general,pending,contest_pending
question,538:2020:6280:70606:132075,2020-MI-ordinary-general,pending,contest_pending
question,538:2020:6295:70694:132240,2020-TX-ordinary-general,pending,contest_pending
question,538:2020:6280:70589:132036,2020-MI-ordinary-general,pending,contest_pending
question,538:2020:7781:70049:130487,2020-GA-special-runoff,pending,contest_pending
question,538:2020:6295:70046:130476,2020-TX-ordinary-general,pending,contest_pending
question,538:2020:6280:69995:130360,2020-MI-ordinary-general,pending,contest_pending
question,538:2020:6272:69943:130250,2020-IA-ordinary-general,pending,ambiguous_question_preference
question,538:2020:6272:69943:130251,2020-IA-ordinary-general,pending,ambiguous_question_preference
question,538:2020:6295:69711:129986,2020-TX-ordinary-general,pending,contest_pending
question,538:2020:6295:69975:130315,2020-TX-ordinary-general,pending,contest_pending
question,538:2020:6280:69701:129964,2020-MI-ordinary-general,pending,contest_pending
question,538:2020:6271:69690:129934,2020-GA-ordinary-general,pending,ambiguous_question_preference
question,538:2020:6271:69690:129935,2020-GA-ordinary-general,pending,ambiguous_question_preference
question,538:2020:7780:69690:129937,2020-GA-special-first,pending,ambiguous_question_preference
question,538:2020:7780:69690:129938,2020-GA-special-first,pending,ambiguous_question_preference
question,538:2020:6295:69955:130272,2020-TX-ordinary-general,pending,contest_pending
question,538:2020:6280:69683:129910,2020-MI-ordinary-general,pending,contest_pending
question,538:2020:6279:69587:129676,2020-ME-ordinary-general,pending,ambiguous_question_preference
question,538:2020:6279:69587:129677,2020-ME-ordinary-general,pending,ambiguous_question_preference
question,538:2020:6276:69640:129833,2020-KY-ordinary-general,pending,contest_pending
question,538:2020:6280:69641:129834,2020-MI-ordinary-general,pending,contest_pending
question,538:2020:6295:69642:129835,2020-TX-ordinary-general,pending,contest_pending
question,538:2020:6280:69648:129848,2020-MI-ordinary-general,pending,contest_pending
question,538:2020:6295:69565:129608,2020-TX-ordinary-general,pending,contest_pending
question,538:2020:6280:70767:132386,2020-MI-ordinary-general,pending,contest_pending
question,538:2020:6295:70770:132389,2020-TX-ordinary-general,pending,contest_pending
question,538:2020:6280:69661:129868,2020-MI-ordinary-general,pending,contest_pending
question,538:2020:6268:69513:129491,2020-AZ-special-general,pending,ambiguous_question_preference
question,538:2020:6268:69513:129492,2020-AZ-special-general,pending,ambiguous_question_preference
question,538:2020:6280:69529:129531,2020-MI-ordinary-general,pending,contest_pending
question,538:2020:6280:69544:129568,2020-MI-ordinary-general,pending,contest_pending
question,538:2020:6276:69487:129448,2020-KY-ordinary-general,pending,contest_pending
question,538:2020:6280:68582:128416,2020-MI-ordinary-general,pending,contest_pending
question,538:2020:6287:68512:128266,2020-NJ-ordinary-general,pending,contest_pending
question,538:2020:6280:68535:128360,2020-MI-ordinary-general,pending,contest_pending
question,538:2020:6279:68578:128414,2020-ME-ordinary-general,pending,ambiguous_question_preference
question,538:2020:6279:68578:128582,2020-ME-ordinary-general,pending,ambiguous_question_preference
question,538:2020:6280:68586:129233,2020-MI-ordinary-general,pending,contest_pending
question,538:2020:6280:68527:128299,2020-MI-ordinary-general,pending,contest_pending
question,538:2020:6280:68522:128374,2020-MI-ordinary-general,pending,contest_pending
question,538:2020:6295:68492:128225,2020-TX-ordinary-general,pending,contest_pending
question,538:2020:6284:68464:128162,2020-NC-ordinary-general,pending,ambiguous_question_preference
question,538:2020:6284:68464:128163,2020-NC-ordinary-general,pending,ambiguous_question_preference
question,538:2020:6295:68480:128199,2020-TX-ordinary-general,pending,contest_pending
question,538:2020:6295:69578:129667,2020-TX-ordinary-general,pending,contest_pending
question,538:2020:6280:68206:127747,2020-MI-ordinary-general,pending,contest_pending
question,538:2020:6280:68155:127662,2020-MI-ordinary-general,pending,contest_pending
question,538:2020:6280:68013:127369,2020-MI-ordinary-general,pending,contest_pending
question,538:2020:6272:67920:127158,2020-IA-ordinary-general,pending,ambiguous_question_preference
question,538:2020:6272:67920:127159,2020-IA-ordinary-general,pending,ambiguous_question_preference
question,538:2020:6276:67880:127094,2020-KY-ordinary-general,pending,contest_pending
question,538:2020:6295:67882:127096,2020-TX-ordinary-general,pending,contest_pending
question,538:2020:6280:67955:127243,2020-MI-ordinary-general,pending,contest_pending
question,538:2020:6271:67821:126939,2020-GA-ordinary-general,pending,ambiguous_question_preference
question,538:2020:6271:67821:126940,2020-GA-ordinary-general,pending,ambiguous_question_preference
question,538:2020:7780:67821:129941,2020-GA-special-first,pending,ambiguous_question_preference
question,538:2020:7780:67821:129942,2020-GA-special-first,pending,ambiguous_question_preference
question,538:2020:6280:67810:126909,2020-MI-ordinary-general,pending,contest_pending
question,538:2020:6280:67689:126764,2020-MI-ordinary-general,pending,contest_pending
question,538:2020:6280:67842:126991,2020-MI-ordinary-general,pending,contest_pending
question,538:2020:6280:67655:126611,2020-MI-ordinary-general,pending,contest_pending
question,538:2020:6280:67830:126963,2020-MI-ordinary-general,pending,contest_pending
question,538:2020:6280:67089:125358,2020-MI-ordinary-general,pending,contest_pending
question,538:2020:6295:67057:125293,2020-TX-ordinary-general,pending,contest_pending
question,538:2020:6295:67054:125286,2020-TX-ordinary-general,pending,contest_pending
question,538:2020:6280:66958:125036,2020-MI-ordinary-general,pending,contest_pending
question,538:2020:6280:66908:124940,2020-MI-ordinary-general,pending,contest_pending
question,538:2020:6266:66866:124797,2020-AL-ordinary-general,pending,unresolved_poll_identity;unresolved_poll_side
question,538:2020:6280:66823:124700,2020-MI-ordinary-general,pending,contest_pending
question,538:2020:6280:66769:124575,2020-MI-ordinary-general,pending,contest_pending
question,538:2020:6280:66748:124529,2020-MI-ordinary-general,pending,contest_pending
question,538:2020:6280:66406:123716,2020-MI-ordinary-general,pending,contest_pending
question,538:2020:6280:64982:120493,2020-MI-ordinary-general,pending,contest_pending
question,538:2020:6280:64755:119791,2020-MI-ordinary-general,pending,contest_pending
question,538:2020:6286:64585:119391,2020-NH-ordinary-general,pending,unresolved_poll_identity;unresolved_poll_side;question_missing_D_or_R_side
question,538:2020:6286:64585:119392,2020-NH-ordinary-general,pending,pending_sibling_question
question,538:2020:6280:63238:115546,2020-MI-ordinary-general,pending,contest_pending
question,538:2020:6280:60105:104646,2020-MI-ordinary-general,pending,contest_pending
question,538:2020:6280:59737:103440,2020-MI-ordinary-general,pending,contest_pending
question,538:2020:6280:62437:111761,2020-MI-ordinary-general,pending,contest_pending
question,538:2020:6269:59585:102775,2020-CO-ordinary-general,pending,unresolved_poll_identity;unresolved_poll_side;question_missing_D_or_R_side
question,538:2020:6276:59586:102776,2020-KY-ordinary-general,pending,contest_pending
question,538:2020:6265:58956:100828,2020-AK-ordinary-general,pending,unresolved_poll_identity;unresolved_poll_side;question_missing_D_or_R_side
question,538:2020:6265:58956:100829,2020-AK-ordinary-general,pending,unresolved_poll_identity;unresolved_poll_side;question_missing_D_or_R_side
question,538:2020:6280:59754:103503,2020-MI-ordinary-general,pending,contest_pending;unresolved_poll_identity;unresolved_poll_side;question_missing_D_or_R_side
question,538:2020:6280:59754:103504,2020-MI-ordinary-general,pending,contest_pending
question,538:2020:6268:57556:100815,2020-AZ-special-general,pending,pending_sibling_question
question,538:2020:6268:57556:100816,2020-AZ-special-general,pending,unresolved_poll_identity;unresolved_poll_side;question_missing_D_or_R_side
question,538:2018:112:56831:91595,2018-NV-ordinary-general,pending,contest_pending
question,538:2018:112:56800:91544,2018-NV-ordinary-general,pending,contest_pending
question,538:2018:130:56806:91535,2018-MS-special-first,pending,contest_pending
question,538:2018:117:56818:91573,2018-OH-ordinary-general,pending,contest_pending
question,538:2018:112:56778:91491,2018-NV-ordinary-general,pending,contest_pending
question,538:2018:112:56752:91438,2018-NV-ordinary-general,pending,contest_pending
question,538:2018:112:56718:91366,2018-NV-ordinary-general,pending,contest_pending
question,538:2018:123:56663:91260,2018-VT-ordinary-general,pending,contest_pending
question,538:2018:112:56687:91305,2018-NV-ordinary-general,pending,contest_pending
question,538:2018:109:56773:91473,2018-MO-ordinary-general,pending,ambiguous_question_preference
question,538:2018:109:56773:91475,2018-MO-ordinary-general,pending,ambiguous_question_preference
question,538:2018:112:73034:136967,2018-NV-ordinary-general,pending,contest_pending
question,538:2018:117:56646:91230,2018-OH-ordinary-general,pending,contest_pending
question,538:2018:112:56651:91242,2018-NV-ordinary-general,pending,contest_pending
question,538:2018:126:56634:91197,2018-WV-ordinary-general,pending,contest_pending
question,538:2018:112:73035:136968,2018-NV-ordinary-general,pending,contest_pending
question,538:2018:117:56661:91258,2018-OH-ordinary-general,pending,contest_pending
question,538:2018:112:56712:91357,2018-NV-ordinary-general,pending,contest_pending
question,538:2018:126:56629:91191,2018-WV-ordinary-general,pending,contest_pending
question,538:2018:112:56601:91128,2018-NV-ordinary-general,pending,contest_pending
question,538:2018:117:56544:90976,2018-OH-ordinary-general,pending,contest_pending;unresolved_poll_identity;unresolved_poll_side
question,538:2018:117:56541:90971,2018-OH-ordinary-general,pending,contest_pending
question,538:2018:112:56683:91296,2018-NV-ordinary-general,pending,contest_pending
question,538:2018:126:56355:90591,2018-WV-ordinary-general,pending,contest_pending
question,538:2018:112:56414:90684,2018-NV-ordinary-general,pending,contest_pending
question,538:2018:130:56373:90618,2018-MS-special-first,pending,contest_pending
question,538:2018:130:56373:90622,2018-MS-special-first,pending,contest_pending
question,538:2018:96:56316:90513,2018-AZ-ordinary-general,pending,ambiguous_question_preference
question,538:2018:96:56316:90514,2018-AZ-ordinary-general,pending,ambiguous_question_preference
question,538:2018:112:56293:90472,2018-NV-ordinary-general,pending,contest_pending
question,538:2018:126:56298:90473,2018-WV-ordinary-general,pending,contest_pending
question,538:2018:113:56302:90485,2018-NJ-ordinary-general,pending,ambiguous_question_preference
question,538:2018:113:56302:90494,2018-NJ-ordinary-general,pending,ambiguous_question_preference
question,538:2018:113:56302:90495,2018-NJ-ordinary-general,pending,ambiguous_question_preference
question,538:2018:123:56339:90575,2018-VT-ordinary-general,pending,contest_pending
question,538:2018:112:56204:90265,2018-NV-ordinary-general,pending,contest_pending
question,538:2018:112:56123:90080,2018-NV-ordinary-general,pending,contest_pending
question,538:2018:117:56130:90096,2018-OH-ordinary-general,pending,contest_pending;unresolved_poll_identity;unresolved_poll_side
question,538:2018:117:56094:89969,2018-OH-ordinary-general,pending,contest_pending
question,538:2018:109:72879:136748,2018-MO-ordinary-general,pending,missing_population
question,538:2018:107:56149:90131,2018-MN-ordinary-general,pending,ambiguous_question_preference
question,538:2018:107:56149:90133,2018-MN-ordinary-general,pending,ambiguous_question_preference
question,538:2018:112:56115:90065,2018-NV-ordinary-general,pending,contest_pending
question,538:2018:112:56115:90067,2018-NV-ordinary-general,pending,contest_pending
question,538:2018:112:55956:89666,2018-NV-ordinary-general,pending,contest_pending
question,538:2018:126:55963:89680,2018-WV-ordinary-general,pending,contest_pending
question,538:2018:117:54141:87629,2018-OH-ordinary-general,pending,contest_pending
question,538:2018:117:55872:89523,2018-OH-ordinary-general,pending,contest_pending
question,538:2018:117:55872:89525,2018-OH-ordinary-general,pending,contest_pending;unresolved_poll_identity;unresolved_poll_side
question,538:2018:117:55874:89528,2018-OH-ordinary-general,pending,contest_pending
question,538:2018:112:54092:87436,2018-NV-ordinary-general,pending,contest_pending
question,538:2018:117:54069:87223,2018-OH-ordinary-general,pending,contest_pending
question,538:2018:112:54050:87187,2018-NV-ordinary-general,pending,contest_pending
question,538:2018:112:53942:86765,2018-NV-ordinary-general,pending,contest_pending
question,538:2018:96:53928:86851,2018-AZ-ordinary-general,pending,unresolved_poll_identity;unresolved_poll_side
question,538:2018:109:53839:86550,2018-MO-ordinary-general,pending,ambiguous_question_preference
question,538:2018:109:53839:86552,2018-MO-ordinary-general,pending,ambiguous_question_preference
question,538:2018:126:53820:86513,2018-WV-ordinary-general,pending,contest_pending
question,538:2018:121:72925:136809,2018-TX-ordinary-general,pending,missing_population
question,538:2018:130:53572:86537,2018-MS-special-first,pending,contest_pending
question,538:2018:112:53452:84613,2018-NV-ordinary-general,pending,contest_pending
question,538:2018:102:52804:86322,2018-IN-ordinary-general,pending,ambiguous_question_preference
question,538:2018:102:52804:86323,2018-IN-ordinary-general,pending,ambiguous_question_preference
question,538:2018:102:52804:86324,2018-IN-ordinary-general,pending,ambiguous_question_preference
question,538:2018:102:52804:86325,2018-IN-ordinary-general,pending,ambiguous_question_preference
question,538:2018:102:52804:86326,2018-IN-ordinary-general,pending,ambiguous_question_preference
question,538:2018:110:52805:86342,2018-MT-ordinary-general,pending,ambiguous_question_preference
question,538:2018:110:52805:86343,2018-MT-ordinary-general,pending,ambiguous_question_preference
question,538:2018:110:52805:86344,2018-MT-ordinary-general,pending,ambiguous_question_preference
question,538:2018:110:52805:86345,2018-MT-ordinary-general,pending,ambiguous_question_preference
question,538:2018:110:52805:86346,2018-MT-ordinary-general,pending,ambiguous_question_preference
question,538:2018:116:52806:86347,2018-ND-ordinary-general,pending,ambiguous_question_preference
question,538:2018:116:52806:86348,2018-ND-ordinary-general,pending,ambiguous_question_preference
question,538:2018:116:52806:86349,2018-ND-ordinary-general,pending,ambiguous_question_preference
question,538:2018:116:52806:86350,2018-ND-ordinary-general,pending,ambiguous_question_preference
question,538:2018:116:52806:86351,2018-ND-ordinary-general,pending,ambiguous_question_preference
question,538:2018:118:52807:86357,2018-PA-ordinary-general,pending,ambiguous_question_preference
question,538:2018:118:52807:86358,2018-PA-ordinary-general,pending,ambiguous_question_preference
question,538:2018:118:52807:86359,2018-PA-ordinary-general,pending,ambiguous_question_preference
question,538:2018:118:52807:86360,2018-PA-ordinary-general,pending,ambiguous_question_preference
question,538:2018:118:52807:86361,2018-PA-ordinary-general,pending,ambiguous_question_preference
question,538:2018:117:52808:86352,2018-OH-ordinary-general,pending,contest_pending
question,538:2018:117:52808:86353,2018-OH-ordinary-general,pending,contest_pending
question,538:2018:117:52808:86354,2018-OH-ordinary-general,pending,contest_pending
question,538:2018:117:52808:86355,2018-OH-ordinary-general,pending,contest_pending
question,538:2018:117:52808:86356,2018-OH-ordinary-general,pending,contest_pending
question,538:2018:126:52809:86367,2018-WV-ordinary-general,pending,contest_pending
question,538:2018:126:52809:86368,2018-WV-ordinary-general,pending,contest_pending
question,538:2018:126:52809:86369,2018-WV-ordinary-general,pending,contest_pending
question,538:2018:126:52809:86370,2018-WV-ordinary-general,pending,contest_pending
question,538:2018:126:52809:86371,2018-WV-ordinary-general,pending,contest_pending
question,538:2018:112:52810:86372,2018-NV-ordinary-general,pending,contest_pending
question,538:2018:112:52810:86373,2018-NV-ordinary-general,pending,contest_pending
question,538:2018:112:52810:86374,2018-NV-ordinary-general,pending,contest_pending
question,538:2018:112:52810:86375,2018-NV-ordinary-general,pending,contest_pending
question,538:2018:112:52810:86376,2018-NV-ordinary-general,pending,contest_pending
question,538:2018:120:53477:86377,2018-TN-ordinary-general,pending,ambiguous_question_preference
question,538:2018:120:53477:86378,2018-TN-ordinary-general,pending,ambiguous_question_preference
question,538:2018:120:53477:86379,2018-TN-ordinary-general,pending,ambiguous_question_preference
question,538:2018:120:53477:86380,2018-TN-ordinary-general,pending,ambiguous_question_preference
question,538:2018:120:53477:86381,2018-TN-ordinary-general,pending,ambiguous_question_preference
question,538:2018:127:53664:86362,2018-WI-ordinary-general,pending,ambiguous_question_preference
question,538:2018:127:53664:86363,2018-WI-ordinary-general,pending,ambiguous_question_preference
question,538:2018:127:53664:86364,2018-WI-ordinary-general,pending,ambiguous_question_preference
question,538:2018:127:53664:86365,2018-WI-ordinary-general,pending,ambiguous_question_preference
question,538:2018:127:53664:86366,2018-WI-ordinary-general,pending,ambiguous_question_preference
question,538:2018:106:53669:86332,2018-MI-ordinary-general,pending,ambiguous_question_preference
question,538:2018:106:53669:86333,2018-MI-ordinary-general,pending,ambiguous_question_preference
question,538:2018:106:53669:86334,2018-MI-ordinary-general,pending,ambiguous_question_preference
question,538:2018:106:53669:86335,2018-MI-ordinary-general,pending,ambiguous_question_preference
question,538:2018:106:53669:86336,2018-MI-ordinary-general,pending,ambiguous_question_preference
question,538:2018:109:53678:86337,2018-MO-ordinary-general,pending,ambiguous_question_preference
question,538:2018:109:53678:86338,2018-MO-ordinary-general,pending,ambiguous_question_preference
question,538:2018:109:53678:86339,2018-MO-ordinary-general,pending,ambiguous_question_preference
question,538:2018:109:53678:86340,2018-MO-ordinary-general,pending,ambiguous_question_preference
question,538:2018:109:53678:86341,2018-MO-ordinary-general,pending,ambiguous_question_preference
question,538:2018:100:53756:86317,2018-FL-ordinary-general,pending,ambiguous_question_preference
question,538:2018:100:53756:86318,2018-FL-ordinary-general,pending,ambiguous_question_preference
question,538:2018:100:53756:86319,2018-FL-ordinary-general,pending,ambiguous_question_preference
question,538:2018:100:53756:86320,2018-FL-ordinary-general,pending,ambiguous_question_preference
question,538:2018:100:53756:86321,2018-FL-ordinary-general,pending,ambiguous_question_preference
question,538:2018:96:53757:86382,2018-AZ-ordinary-general,pending,ambiguous_question_preference
question,538:2018:96:53757:86383,2018-AZ-ordinary-general,pending,ambiguous_question_preference
question,538:2018:96:53757:86384,2018-AZ-ordinary-general,pending,ambiguous_question_preference
question,538:2018:96:53757:86385,2018-AZ-ordinary-general,pending,ambiguous_question_preference
question,538:2018:96:53757:86386,2018-AZ-ordinary-general,pending,ambiguous_question_preference
question,538:2018:112:52771:83379,2018-NV-ordinary-general,pending,contest_pending
question,538:2018:126:52636:83171,2018-WV-ordinary-general,pending,contest_pending
question,538:2018:126:52636:84520,2018-WV-ordinary-general,pending,contest_pending
question,538:2018:120:73247:137317,2018-TN-ordinary-general,pending,missing_population
question,538:2018:117:52607:83164,2018-OH-ordinary-general,pending,contest_pending
question,538:2018:126:52637:83173,2018-WV-ordinary-general,pending,contest_pending
question,538:2018:126:52640:83178,2018-WV-ordinary-general,pending,contest_pending
question,538:2018:112:52624:83201,2018-NV-ordinary-general,pending,contest_pending
question,538:2018:130:53573:86540,2018-MS-special-first,pending,contest_pending;unresolved_poll_identity;unresolved_poll_side
question,538:2018:126:52641:83179,2018-WV-ordinary-general,pending,contest_pending
question,538:2018:126:52642:83180,2018-WV-ordinary-general,pending,contest_pending
question,538:2018:126:52643:83181,2018-WV-ordinary-general,pending,contest_pending
candidate_mapping,medsl:3347,2018-NV-ordinary-general,pending,unresolved_identity_or_side
candidate_mapping,medsl:3489,2020-IL-ordinary-general,pending,unresolved_identity_or_side
candidate_mapping,medsl:3492,2020-IL-ordinary-general,pending,unresolved_identity_or_side
candidate_mapping,medsl:3493,2020-IL-ordinary-general,pending,unresolved_identity_or_side
candidate_mapping,medsl:3509,2020-KY-ordinary-general,pending,unresolved_identity_or_side
candidate_mapping,medsl:3510,2020-KY-ordinary-general,pending,unresolved_identity_or_side
candidate_mapping,medsl:3511,2020-KY-ordinary-general,pending,unresolved_identity_or_side
candidate_mapping,medsl:3513,2020-KY-ordinary-general,pending,unresolved_identity_or_side
candidate_mapping,medsl:3514,2020-KY-ordinary-general,pending,unresolved_identity_or_side
candidate_mapping,medsl:3539,2020-MA-ordinary-general,pending,unresolved_identity_or_side
candidate_mapping,medsl:3544,2020-MI-ordinary-general,pending,unresolved_identity_or_side
candidate_mapping,medsl:3546,2020-MI-ordinary-general,pending,unresolved_identity_or_side
candidate_mapping,medsl:3561,2020-NE-ordinary-general,pending,unresolved_identity_or_side
candidate_mapping,medsl:3604,2020-TN-ordinary-general,pending,unresolved_identity_or_side
candidate_mapping,medsl:3614,2020-TX-ordinary-general,pending,unresolved_identity_or_side
candidate_mapping,medsl:3853,2024-MS-ordinary-general,pending,unresolved_identity_or_side
candidate_mapping,medsl:3854,2024-MS-ordinary-general,pending,unresolved_identity_or_side
candidate_mapping,medsl:3870,2024-NV-ordinary-general,pending,unresolved_identity_or_side
candidate_mapping,medsl:3871,2024-NV-ordinary-general,pending,unresolved_identity_or_side
candidate_mapping,medsl:3872,2024-NV-ordinary-general,pending,unresolved_identity_or_side
candidate_mapping,medsl:3873,2024-NV-ordinary-general,pending,unresolved_identity_or_side
candidate_mapping,medsl:3874,2024-NV-ordinary-general,pending,unresolved_identity_or_side
candidate_mapping,538-row:187,2020-TX-ordinary-general,pending,unresolved_identity_or_side
candidate_mapping,538-row:540,2020-TX-ordinary-general,pending,unresolved_identity_or_side
candidate_mapping,538-row:778,2020-TX-ordinary-general,pending,unresolved_identity_or_side
candidate_mapping,538-row:803,2020-CO-ordinary-general,pending,unresolved_identity_or_side
candidate_mapping,538-row:842,2020-CO-ordinary-general,pending,unresolved_identity_or_side
candidate_mapping,538-row:1082,2020-TX-ordinary-general,pending,unresolved_identity_or_side
candidate_mapping,538-row:1731,,pending,unresolved_identity_or_side
candidate_mapping,538-row:1732,,pending,unresolved_identity_or_side
candidate_mapping,538-row:1930,2020-SC-ordinary-general,pending,unresolved_identity_or_side
candidate_mapping,538-row:2113,2020-AL-ordinary-general,pending,unresolved_identity_or_side
candidate_mapping,538-row:2116,2020-AL-ordinary-general,pending,unresolved_identity_or_side
candidate_mapping,538-row:2369,2020-NH-ordinary-general,pending,unresolved_identity_or_side
candidate_mapping,538-row:2437,2020-NH-ordinary-general,pending,unresolved_identity_or_side
candidate_mapping,538-row:2447,2020-NH-ordinary-general,pending,unresolved_identity_or_side
candidate_mapping,538-row:2483,2020-NH-ordinary-general,pending,unresolved_identity_or_side
candidate_mapping,538-row:2491,2020-NH-ordinary-general,pending,unresolved_identity_or_side
candidate_mapping,538-row:2495,2020-MA-ordinary-general,pending,unresolved_identity_or_side
candidate_mapping,538-row:2497,2020-MA-ordinary-general,pending,unresolved_identity_or_side
candidate_mapping,538-row:2498,2020-MA-ordinary-general,pending,unresolved_identity_or_side
candidate_mapping,538-row:2499,2020-MA-ordinary-general,pending,unresolved_identity_or_side
candidate_mapping,538-row:2500,2020-MA-ordinary-general,pending,unresolved_identity_or_side
candidate_mapping,538-row:2501,2020-MA-ordinary-general,pending,unresolved_identity_or_side
candidate_mapping,538-row:2513,2020-NH-ordinary-general,pending,unresolved_identity_or_side
candidate_mapping,538-row:2518,2020-CO-ordinary-general,pending,unresolved_identity_or_side
candidate_mapping,538-row:2528,2020-ME-ordinary-general,pending,unresolved_identity_or_side
candidate_mapping,538-row:2535,2020-KS-ordinary-general,pending,unresolved_identity_or_side
candidate_mapping,538-row:2538,2020-AK-ordinary-general,pending,unresolved_identity_or_side
candidate_mapping,538-row:2539,2020-AK-ordinary-general,pending,unresolved_identity_or_side
candidate_mapping,538-row:2550,2020-MI-ordinary-general,pending,unresolved_identity_or_side
candidate_mapping,538-row:2562,2020-NH-ordinary-general,pending,unresolved_identity_or_side
candidate_mapping,538-row:2564,2020-NH-ordinary-general,pending,unresolved_identity_or_side
candidate_mapping,538-row:2566,2020-NH-ordinary-general,pending,unresolved_identity_or_side
candidate_mapping,538-row:2571,2020-AZ-special-general,pending,unresolved_identity_or_side
candidate_mapping,538-row:2949,2018-OH-ordinary-general,pending,unresolved_identity_or_side
candidate_mapping,538-row:3332,2018-OH-ordinary-general,pending,unresolved_identity_or_side
candidate_mapping,538-row:3607,2018-OH-ordinary-general,pending,unresolved_identity_or_side
candidate_mapping,538-row:3608,2018-OH-ordinary-general,pending,unresolved_identity_or_side
candidate_mapping,538-row:3611,2018-OH-ordinary-general,pending,unresolved_identity_or_side
candidate_mapping,538-row:3612,2018-OH-ordinary-general,pending,unresolved_identity_or_side
candidate_mapping,538-row:3805,2018-AZ-ordinary-general,pending,unresolved_identity_or_side
candidate_mapping,538-row:4374,2018-TX-ordinary-general,pending,unresolved_identity_or_side
candidate_mapping,538-row:4397,2018-MS-special-first,pending,unresolved_identity_or_side
candidate_mapping,538-row:4443,2018-MS-special-first,pending,unresolved_identity_or_side
