cycle,race_id,state_po,source_stage,source_seat_name,source_seat_number,contest_id,mapped_round_id,election_date,status,basis
2018,100,FL,general,Class I,0,2018-FL-ordinary-general,2018-FL-ordinary-general,2018-11-06,mapped,Explicit exceptional seat/round crosswalk plus official date registry
2018,102,IN,general,Class I,0,2018-IN-ordinary-general,2018-IN-ordinary-general,2018-11-06,mapped,Explicit exceptional seat/round crosswalk plus official date registry
2018,103,ME,general,Class I,0,2018-ME-ordinary-general,2018-ME-ordinary-general,2018-11-06,mapped,Explicit exceptional seat/round crosswalk plus official date registry
2018,104,MD,general,Class I,0,2018-MD-ordinary-general,2018-MD-ordinary-general,2018-11-06,mapped,Explicit exceptional seat/round crosswalk plus official date registry
2018,105,MA,general,Class I,0,2018-MA-ordinary-general,2018-MA-ordinary-general,2018-11-06,mapped,Explicit exceptional seat/round crosswalk plus official date registry
2018,106,MI,general,Class I,0,2018-MI-ordinary-general,2018-MI-ordinary-general,2018-11-06,mapped,Explicit exceptional seat/round crosswalk plus official date registry
2018,107,MN,general,Class I,0,2018-MN-ordinary-general,2018-MN-ordinary-general,2018-11-06,mapped,Explicit exceptional seat/round crosswalk plus official date registry
2018,108,MS,general,Class I,0,2018-MS-ordinary-general,2018-MS-ordinary-general,2018-11-06,mapped,Explicit exceptional seat/round crosswalk plus official date registry
2018,109,MO,general,Class I,0,2018-MO-ordinary-general,2018-MO-ordinary-general,2018-11-06,mapped,Explicit exceptional seat/round crosswalk plus official date registry
2018,110,MT,general,Class I,0,2018-MT-ordinary-general,2018-MT-ordinary-general,2018-11-06,mapped,Explicit exceptional seat/round crosswalk plus official date registry
2018,111,NE,general,Class I,0,2018-NE-ordinary-general,2018-NE-ordinary-general,2018-11-06,mapped,Explicit exceptional seat/round crosswalk plus official date registry
2018,112,NV,general,Class I,0,2018-NV-ordinary-general,2018-NV-ordinary-general,2018-11-06,mapped,Explicit exceptional seat/round crosswalk plus official date registry
2018,113,NJ,general,Class I,0,2018-NJ-ordinary-general,2018-NJ-ordinary-general,2018-11-06,mapped,Explicit exceptional seat/round crosswalk plus official date registry
2018,114,NM,general,Class I,0,2018-NM-ordinary-general,2018-NM-ordinary-general,2018-11-06,mapped,Explicit exceptional seat/round crosswalk plus official date registry
2018,115,NY,general,Class I,0,2018-NY-ordinary-general,2018-NY-ordinary-general,2018-11-06,mapped,Explicit exceptional seat/round crosswalk plus official date registry
2018,116,ND,general,Class I,0,2018-ND-ordinary-general,2018-ND-ordinary-general,2018-11-06,mapped,Explicit exceptional seat/round crosswalk plus official date registry
2018,117,OH,general,Class I,0,2018-OH-ordinary-general,2018-OH-ordinary-general,2018-11-06,mapped,Explicit exceptional seat/round crosswalk plus official date registry
2018,118,PA,general,Class I,0,2018-PA-ordinary-general,2018-PA-ordinary-general,2018-11-06,mapped,Explicit exceptional seat/round crosswalk plus official date registry
2018,119,RI,general,Class I,0,2018-RI-ordinary-general,2018-RI-ordinary-general,2018-11-06,mapped,Explicit exceptional seat/round crosswalk plus official date registry
2018,120,TN,general,Class I,0,2018-TN-ordinary-general,2018-TN-ordinary-general,2018-11-06,mapped,Explicit exceptional seat/round crosswalk plus official date registry
2018,121,TX,general,Class I,0,2018-TX-ordinary-general,2018-TX-ordinary-general,2018-11-06,mapped,Explicit exceptional seat/round crosswalk plus official date registry
2018,122,UT,general,Class I,0,2018-UT-ordinary-general,2018-UT-ordinary-general,2018-11-06,mapped,Explicit exceptional seat/round crosswalk plus official date registry
2018,123,VT,general,Class I,0,2018-VT-ordinary-general,2018-VT-ordinary-general,2018-11-06,mapped,Explicit exceptional seat/round crosswalk plus official date registry
2018,124,VA,general,Class I,0,2018-VA-ordinary-general,2018-VA-ordinary-general,2018-11-06,mapped,Explicit exceptional seat/round crosswalk plus official date registry
2018,125,WA,general,Class I,0,2018-WA-ordinary-general,2018-WA-ordinary-general,2018-11-06,mapped,Explicit exceptional seat/round crosswalk plus official date registry
2018,126,WV,general,Class I,0,2018-WV-ordinary-general,2018-WV-ordinary-general,2018-11-06,mapped,Explicit exceptional seat/round crosswalk plus official date registry
2018,127,WI,general,Class I,0,2018-WI-ordinary-general,2018-WI-ordinary-general,2018-11-06,mapped,Explicit exceptional seat/round crosswalk plus official date registry
2018,128,WY,general,Class I,0,2018-WY-ordinary-general,2018-WY-ordinary-general,2018-11-06,mapped,Explicit exceptional seat/round crosswalk plus official date registry
2018,129,MN,general,Class II,2,2018-MN-special-general,2018-MN-special-general,2018-11-06,mapped,Explicit exceptional seat/round crosswalk plus official date registry
2018,130,MS,jungle primary,Class II,2,2018-MS-special-first,2018-MS-special-first,2018-11-06,mapped,Explicit exceptional seat/round crosswalk plus official date registry
2018,6209,MS,runoff,Class II,2,2018-MS-special-runoff,2018-MS-special-runoff,2018-11-27,mapped,Explicit exceptional seat/round crosswalk plus official date registry
2018,96,AZ,general,Class I,0,2018-AZ-ordinary-general,2018-AZ-ordinary-general,2018-11-06,mapped,Explicit exceptional seat/round crosswalk plus official date registry
2018,97,CA,general,Class I,0,2018-CA-ordinary-general,2018-CA-ordinary-general,2018-11-06,mapped,Explicit exceptional seat/round crosswalk plus official date registry
2018,98,CT,general,Class I,0,2018-CT-ordinary-general,2018-CT-ordinary-general,2018-11-06,mapped,Explicit exceptional seat/round crosswalk plus official date registry
2018,99,DE,general,Class I,0,2018-DE-ordinary-general,2018-DE-ordinary-general,2018-11-06,mapped,Explicit exceptional seat/round crosswalk plus official date registry
2020,6265,AK,general,Class II,0,2020-AK-ordinary-general,2020-AK-ordinary-general,2020-11-03,mapped,Explicit exceptional seat/round crosswalk plus official date registry
2020,6266,AL,general,Class II,0,2020-AL-ordinary-general,2020-AL-ordinary-general,2020-11-03,mapped,Explicit exceptional seat/round crosswalk plus official date registry
2020,6267,AR,general,Class II,0,2020-AR-ordinary-general,2020-AR-ordinary-general,2020-11-03,mapped,Explicit exceptional seat/round crosswalk plus official date registry
2020,6268,AZ,general,Class III,2,2020-AZ-special-general,2020-AZ-special-general,2020-11-03,mapped,Explicit exceptional seat/round crosswalk plus official date registry
2020,6269,CO,general,Class II,0,2020-CO-ordinary-general,2020-CO-ordinary-general,2020-11-03,mapped,Explicit exceptional seat/round crosswalk plus official date registry
2020,6270,DE,general,Class II,2,2020-DE-ordinary-general,2020-DE-ordinary-general,2020-11-03,mapped,Explicit exceptional seat/round crosswalk plus official date registry
2020,6271,GA,general,Class II,0,2020-GA-ordinary-general,2020-GA-ordinary-general,2020-11-03,mapped,Explicit exceptional seat/round crosswalk plus official date registry
2020,6272,IA,general,Class II,0,2020-IA-ordinary-general,2020-IA-ordinary-general,2020-11-03,mapped,Explicit exceptional seat/round crosswalk plus official date registry
2020,6273,ID,general,Class II,0,2020-ID-ordinary-general,2020-ID-ordinary-general,2020-11-03,mapped,Explicit exceptional seat/round crosswalk plus official date registry
2020,6274,IL,general,Class II,0,2020-IL-ordinary-general,2020-IL-ordinary-general,2020-11-03,mapped,Explicit exceptional seat/round crosswalk plus official date registry
2020,6275,KS,general,Class II,0,2020-KS-ordinary-general,2020-KS-ordinary-general,2020-11-03,mapped,Explicit exceptional seat/round crosswalk plus official date registry
2020,6276,KY,general,Class II,0,2020-KY-ordinary-general,2020-KY-ordinary-general,2020-11-03,mapped,Explicit exceptional seat/round crosswalk plus official date registry
2020,6277,LA,jungle primary,Class II,0,2020-LA-ordinary-first,2020-LA-ordinary-first,2020-11-03,mapped,Explicit exceptional seat/round crosswalk plus official date registry
2020,6278,MA,general,Class II,2,2020-MA-ordinary-general,2020-MA-ordinary-general,2020-11-03,mapped,Explicit exceptional seat/round crosswalk plus official date registry
2020,6279,ME,general,Class II,2,2020-ME-ordinary-general,2020-ME-ordinary-general,2020-11-03,mapped,Explicit exceptional seat/round crosswalk plus official date registry
2020,6280,MI,general,Class II,2,2020-MI-ordinary-general,2020-MI-ordinary-general,2020-11-03,mapped,Explicit exceptional seat/round crosswalk plus official date registry
2020,6281,MN,general,Class II,2,2020-MN-ordinary-general,2020-MN-ordinary-general,2020-11-03,mapped,Explicit exceptional seat/round crosswalk plus official date registry
2020,6282,MS,general,Class II,2,2020-MS-ordinary-general,2020-MS-ordinary-general,2020-11-03,mapped,Explicit exceptional seat/round crosswalk plus official date registry
2020,6283,MT,general,Class II,2,2020-MT-ordinary-general,2020-MT-ordinary-general,2020-11-03,mapped,Explicit exceptional seat/round crosswalk plus official date registry
2020,6284,NC,general,Class II,0,2020-NC-ordinary-general,2020-NC-ordinary-general,2020-11-03,mapped,Explicit exceptional seat/round crosswalk plus official date registry
2020,6285,NE,general,Class II,2,2020-NE-ordinary-general,2020-NE-ordinary-general,2020-11-03,mapped,Explicit exceptional seat/round crosswalk plus official date registry
2020,6286,NH,general,Class II,0,2020-NH-ordinary-general,2020-NH-ordinary-general,2020-11-03,mapped,Explicit exceptional seat/round crosswalk plus official date registry
2020,6287,NJ,general,Class II,2,2020-NJ-ordinary-general,2020-NJ-ordinary-general,2020-11-03,mapped,Explicit exceptional seat/round crosswalk plus official date registry
2020,6288,NM,general,Class II,2,2020-NM-ordinary-general,2020-NM-ordinary-general,2020-11-03,mapped,Explicit exceptional seat/round crosswalk plus official date registry
2020,6289,OK,general,Class II,0,2020-OK-ordinary-general,2020-OK-ordinary-general,2020-11-03,mapped,Explicit exceptional seat/round crosswalk plus official date registry
2020,6290,OR,general,Class II,0,2020-OR-ordinary-general,2020-OR-ordinary-general,2020-11-03,mapped,Explicit exceptional seat/round crosswalk plus official date registry
2020,6292,SC,general,Class II,0,2020-SC-ordinary-general,2020-SC-ordinary-general,2020-11-03,mapped,Explicit exceptional seat/round crosswalk plus official date registry
2020,6293,SD,general,Class II,0,2020-SD-ordinary-general,2020-SD-ordinary-general,2020-11-03,mapped,Explicit exceptional seat/round crosswalk plus official date registry
2020,6294,TN,general,Class II,2,2020-TN-ordinary-general,2020-TN-ordinary-general,2020-11-03,mapped,Explicit exceptional seat/round crosswalk plus official date registry
2020,6295,TX,general,Class II,2,2020-TX-ordinary-general,2020-TX-ordinary-general,2020-11-03,mapped,Explicit exceptional seat/round crosswalk plus official date registry
2020,6296,VA,general,Class II,2,2020-VA-ordinary-general,2020-VA-ordinary-general,2020-11-03,mapped,Explicit exceptional seat/round crosswalk plus official date registry
2020,6297,WV,general,Class II,2,2020-WV-ordinary-general,2020-WV-ordinary-general,2020-11-03,mapped,Explicit exceptional seat/round crosswalk plus official date registry
2020,6298,WY,general,Class II,2,2020-WY-ordinary-general,2020-WY-ordinary-general,2020-11-03,mapped,Explicit exceptional seat/round crosswalk plus official date registry
2020,7780,GA,jungle primary,Class III,2,2020-GA-special-first,2020-GA-special-first,2020-11-03,mapped,Explicit exceptional seat/round crosswalk plus official date registry
2020,7781,GA,runoff,Class III,2,2020-GA-special-runoff,2020-GA-special-runoff,2021-01-05,mapped,Explicit exceptional seat/round crosswalk plus official date registry
2020,7787,LA,runoff,Class II,0,,2020-LA-ordinary-runoff,,pending,Explicit exceptional seat/round crosswalk plus official date registry
2020,8737,GA,runoff,Class II,0,2020-GA-ordinary-runoff,2020-GA-ordinary-runoff,2021-01-05,mapped,Explicit exceptional seat/round crosswalk plus official date registry
