contest_id,cycle,state_po,contest_status,questions,selected_questions,excluded_questions,pending_questions,unpolled_in_archive,horizon_drop_status
2018-AZ-ordinary-general,2018,AZ,eligible,102,39,55,8,false,Rahan computes after horizon cutoff
2018-CA-ordinary-general,2018,CA,excluded,22,0,22,0,false,Rahan computes after horizon cutoff
2018-CT-ordinary-general,2018,CT,eligible,6,5,1,0,false,Rahan computes after horizon cutoff
2018-DE-ordinary-general,2018,DE,eligible,3,2,1,0,false,Rahan computes after horizon cutoff
2018-FL-ordinary-general,2018,FL,eligible,104,59,40,5,false,Rahan computes after horizon cutoff
2018-HI-ordinary-general,2018,HI,eligible,0,0,0,0,true,Rahan computes after horizon cutoff
2018-IN-ordinary-general,2018,IN,eligible,42,22,15,5,false,Rahan computes after horizon cutoff
2018-MA-ordinary-general,2018,MA,eligible,13,7,6,0,false,Rahan computes after horizon cutoff
2018-MD-ordinary-general,2018,MD,eligible,2,1,1,0,false,Rahan computes after horizon cutoff
2018-ME-ordinary-general,2018,ME,eligible,6,3,3,0,false,Rahan computes after horizon cutoff
2018-MI-ordinary-general,2018,MI,eligible,35,21,9,5,false,Rahan computes after horizon cutoff
2018-MN-ordinary-general,2018,MN,eligible,15,9,4,2,false,Rahan computes after horizon cutoff
2018-MN-special-general,2018,MN,eligible,14,10,4,0,false,Rahan computes after horizon cutoff
2018-MO-ordinary-general,2018,MO,eligible,73,32,31,10,false,Rahan computes after horizon cutoff
2018-MS-ordinary-general,2018,MS,eligible,8,4,4,0,false,Rahan computes after horizon cutoff
2018-MS-special-first,2018,MS,pending,12,0,7,5,false,Rahan computes after horizon cutoff
2018-MS-special-runoff,2018,MS,eligible,12,5,7,0,false,Rahan computes after horizon cutoff
2018-MT-ordinary-general,2018,MT,eligible,30,19,6,5,false,Rahan computes after horizon cutoff
2018-ND-ordinary-general,2018,ND,eligible,18,5,8,5,false,Rahan computes after horizon cutoff
2018-NE-ordinary-general,2018,NE,eligible,3,0,3,0,false,Rahan computes after horizon cutoff
2018-NJ-ordinary-general,2018,NJ,eligible,25,13,9,3,false,Rahan computes after horizon cutoff
2018-NM-ordinary-general,2018,NM,eligible,17,5,12,0,false,Rahan computes after horizon cutoff
2018-NV-ordinary-general,2018,NV,pending,46,0,16,30,false,Rahan computes after horizon cutoff
2018-NY-ordinary-general,2018,NY,eligible,10,4,6,0,false,Rahan computes after horizon cutoff
2018-OH-ordinary-general,2018,OH,pending,34,0,16,18,false,Rahan computes after horizon cutoff
2018-PA-ordinary-general,2018,PA,eligible,29,9,15,5,false,Rahan computes after horizon cutoff
2018-RI-ordinary-general,2018,RI,eligible,5,3,2,0,false,Rahan computes after horizon cutoff
2018-TN-ordinary-general,2018,TN,eligible,53,20,27,6,false,Rahan computes after horizon cutoff
2018-TX-ordinary-general,2018,TX,eligible,49,19,29,1,false,Rahan computes after horizon cutoff
2018-UT-ordinary-general,2018,UT,eligible,7,1,6,0,false,Rahan computes after horizon cutoff
2018-VA-ordinary-general,2018,VA,eligible,11,5,6,0,false,Rahan computes after horizon cutoff
2018-VT-ordinary-general,2018,VT,pending,3,0,1,2,false,Rahan computes after horizon cutoff
2018-WA-ordinary-general,2018,WA,eligible,2,1,1,0,false,Rahan computes after horizon cutoff
2018-WI-ordinary-general,2018,WI,eligible,28,9,14,5,false,Rahan computes after horizon cutoff
2018-WV-ordinary-general,2018,WV,pending,39,0,21,18,false,Rahan computes after horizon cutoff
2018-WY-ordinary-general,2018,WY,eligible,1,1,0,0,false,Rahan computes after horizon cutoff
2020-AK-ordinary-general,2020,AK,eligible,14,5,7,2,false,Rahan computes after horizon cutoff
2020-AL-ordinary-general,2020,AL,eligible,27,8,18,1,false,Rahan computes after horizon cutoff
2020-AR-ordinary-general,2020,AR,excluded,3,0,3,0,false,Rahan computes after horizon cutoff
2020-AZ-special-general,2020,AZ,eligible,120,74,40,6,false,Rahan computes after horizon cutoff
2020-CO-ordinary-general,2020,CO,eligible,26,18,5,3,false,Rahan computes after horizon cutoff
2020-DE-ordinary-general,2020,DE,eligible,1,1,0,0,false,Rahan computes after horizon cutoff
2020-GA-ordinary-general,2020,GA,eligible,68,33,29,6,false,Rahan computes after horizon cutoff
2020-GA-ordinary-runoff,2020,GA,pending,29,0,9,20,false,Rahan computes after horizon cutoff
2020-GA-special-first,2020,GA,eligible,59,23,30,6,false,Rahan computes after horizon cutoff
2020-GA-special-runoff,2020,GA,pending,62,0,36,26,false,Rahan computes after horizon cutoff
2020-IA-ordinary-general,2020,IA,eligible,48,21,21,6,false,Rahan computes after horizon cutoff
2020-ID-ordinary-general,2020,ID,eligible,1,1,0,0,false,Rahan computes after horizon cutoff
2020-IL-ordinary-general,2020,IL,pending,3,0,1,2,false,Rahan computes after horizon cutoff
2020-KS-ordinary-general,2020,KS,eligible,25,6,19,0,false,Rahan computes after horizon cutoff
2020-KY-ordinary-general,2020,KY,pending,22,0,15,7,false,Rahan computes after horizon cutoff
2020-LA-ordinary-first,2020,LA,eligible,1,0,1,0,false,Rahan computes after horizon cutoff
2020-MA-ordinary-general,2020,MA,pending,7,0,5,2,false,Rahan computes after horizon cutoff
2020-ME-ordinary-general,2020,ME,eligible,39,16,19,4,false,Rahan computes after horizon cutoff
2020-MI-ordinary-general,2020,MI,pending,122,0,47,75,false,Rahan computes after horizon cutoff
2020-MN-ordinary-general,2020,MN,eligible,23,17,6,0,false,Rahan computes after horizon cutoff
2020-MS-ordinary-general,2020,MS,eligible,9,6,3,0,false,Rahan computes after horizon cutoff
2020-MT-ordinary-general,2020,MT,eligible,19,10,9,0,false,Rahan computes after horizon cutoff
2020-NC-ordinary-general,2020,NC,eligible,130,80,46,4,false,Rahan computes after horizon cutoff
2020-NE-ordinary-general,2020,NE,pending,1,0,1,0,false,Rahan computes after horizon cutoff
2020-NH-ordinary-general,2020,NH,eligible,32,15,15,2,false,Rahan computes after horizon cutoff
2020-NJ-ordinary-general,2020,NJ,pending,8,0,3,5,false,Rahan computes after horizon cutoff
2020-NM-ordinary-general,2020,NM,eligible,7,3,4,0,false,Rahan computes after horizon cutoff
2020-OK-ordinary-general,2020,OK,eligible,5,4,1,0,false,Rahan computes after horizon cutoff
2020-OR-ordinary-general,2020,OR,eligible,1,1,0,0,false,Rahan computes after horizon cutoff
2020-RI-ordinary-general,2020,RI,eligible,0,0,0,0,true,Rahan computes after horizon cutoff
2020-SC-ordinary-general,2020,SC,eligible,37,17,20,0,false,Rahan computes after horizon cutoff
2020-SD-ordinary-general,2020,SD,pending,1,0,0,1,false,Rahan computes after horizon cutoff
2020-TN-ordinary-general,2020,TN,pending,4,0,3,1,false,Rahan computes after horizon cutoff
2020-TX-ordinary-general,2020,TX,pending,63,0,32,31,false,Rahan computes after horizon cutoff
2020-VA-ordinary-general,2020,VA,eligible,14,12,2,0,false,Rahan computes after horizon cutoff
2020-WV-ordinary-general,2020,WV,eligible,1,1,0,0,false,Rahan computes after horizon cutoff
2020-WY-ordinary-general,2020,WY,eligible,1,1,0,0,false,Rahan computes after horizon cutoff
2024-AZ-ordinary-general,2024,AZ,excluded,0,0,0,0,true,Rahan computes after horizon cutoff
2024-CA-ordinary-general,2024,CA,excluded,0,0,0,0,true,Rahan computes after horizon cutoff
2024-CA-special-general,2024,CA,excluded,0,0,0,0,true,Rahan computes after horizon cutoff
2024-CT-ordinary-general,2024,CT,excluded,0,0,0,0,true,Rahan computes after horizon cutoff
2024-DE-ordinary-general,2024,DE,excluded,0,0,0,0,true,Rahan computes after horizon cutoff
2024-FL-ordinary-general,2024,FL,excluded,0,0,0,0,true,Rahan computes after horizon cutoff
2024-HI-ordinary-general,2024,HI,excluded,0,0,0,0,true,Rahan computes after horizon cutoff
2024-IN-ordinary-general,2024,IN,excluded,0,0,0,0,true,Rahan computes after horizon cutoff
2024-MA-ordinary-general,2024,MA,excluded,0,0,0,0,true,Rahan computes after horizon cutoff
2024-MD-ordinary-general,2024,MD,excluded,0,0,0,0,true,Rahan computes after horizon cutoff
2024-ME-ordinary-general,2024,ME,excluded,0,0,0,0,true,Rahan computes after horizon cutoff
2024-MI-ordinary-general,2024,MI,excluded,0,0,0,0,true,Rahan computes after horizon cutoff
2024-MN-ordinary-general,2024,MN,excluded,0,0,0,0,true,Rahan computes after horizon cutoff
2024-MO-ordinary-general,2024,MO,excluded,0,0,0,0,true,Rahan computes after horizon cutoff
2024-MS-ordinary-general,2024,MS,excluded,0,0,0,0,true,Rahan computes after horizon cutoff
2024-MT-ordinary-general,2024,MT,excluded,0,0,0,0,true,Rahan computes after horizon cutoff
2024-ND-ordinary-general,2024,ND,excluded,0,0,0,0,true,Rahan computes after horizon cutoff
2024-NE-ordinary-general,2024,NE,excluded,0,0,0,0,true,Rahan computes after horizon cutoff
2024-NE-special-general,2024,NE,excluded,0,0,0,0,true,Rahan computes after horizon cutoff
2024-NJ-ordinary-general,2024,NJ,excluded,0,0,0,0,true,Rahan computes after horizon cutoff
2024-NM-ordinary-general,2024,NM,excluded,0,0,0,0,true,Rahan computes after horizon cutoff
2024-NV-ordinary-general,2024,NV,excluded,0,0,0,0,true,Rahan computes after horizon cutoff
2024-NY-ordinary-general,2024,NY,excluded,0,0,0,0,true,Rahan computes after horizon cutoff
2024-OH-ordinary-general,2024,OH,excluded,0,0,0,0,true,Rahan computes after horizon cutoff
2024-PA-ordinary-general,2024,PA,excluded,0,0,0,0,true,Rahan computes after horizon cutoff
2024-RI-ordinary-general,2024,RI,excluded,0,0,0,0,true,Rahan computes after horizon cutoff
2024-TN-ordinary-general,2024,TN,excluded,0,0,0,0,true,Rahan computes after horizon cutoff
2024-TX-ordinary-general,2024,TX,eligible,37,23,14,0,false,Rahan computes after horizon cutoff
2024-UT-ordinary-general,2024,UT,excluded,0,0,0,0,true,Rahan computes after horizon cutoff
2024-VA-ordinary-general,2024,VA,excluded,0,0,0,0,true,Rahan computes after horizon cutoff
2024-VT-ordinary-general,2024,VT,excluded,0,0,0,0,true,Rahan computes after horizon cutoff
2024-WA-ordinary-general,2024,WA,excluded,0,0,0,0,true,Rahan computes after horizon cutoff
2024-WI-ordinary-general,2024,WI,excluded,0,0,0,0,true,Rahan computes after horizon cutoff
2024-WV-ordinary-general,2024,WV,excluded,0,0,0,0,true,Rahan computes after horizon cutoff
2024-WY-ordinary-general,2024,WY,excluded,0,0,0,0,true,Rahan computes after horizon cutoff
