contest_id,state_po,cycle,seat,round,election_date,date_basis,date_reference,scope,source_year,result_rows,reported_total,valid_vote_total,noncandidate_votes,ballot_candidate_ids_json,status,reasons,dem_votes,rep_votes,other_votes,unknown_votes,side_counts_complete,source_record_keys_json
2018-AZ-ordinary-general,AZ,2018,ordinary,general,2018-11-06,Official general-election calendar; Texas 2024 date approved in Decision 011,https://www.fec.gov/documents/2706/federalelections2018.xlsx,initial_calibration,2018,4,2384308,2384308,0,"[""ANGELAGREEN"", ""KYRSTENSINEMA"", ""MARTHAMCSALLY""]",eligible,,1191100,1135200,58008,0,true,"[""medsl:3270"", ""medsl:3271"", ""medsl:3272"", ""medsl:3273""]"
2018-CA-ordinary-general,CA,2018,ordinary,general,2018-11-06,Official general-election calendar; Texas 2024 date approved in Decision 011,https://www.fec.gov/documents/2706/federalelections2018.xlsx,initial_calibration,2018,2,11113364,11113364,0,"[""DIANNEFEINSTEIN"", ""KEVINDELEON""]",excluded,missing_D_or_R_side,11113364,0,0,0,true,"[""medsl:3274"", ""medsl:3275""]"
2018-CT-ordinary-general,CT,2018,ordinary,general,2018-11-06,Official general-election calendar; Texas 2024 date approved in Decision 011,https://www.fec.gov/documents/2706/federalelections2018.xlsx,initial_calibration,2018,6,1386840,1386840,0,"[""CHRISTOPHERSMURPHY"", ""JEFFRUSSELL"", ""MATTHEWCOREY"", ""RICHARDLION""]",eligible,,825579,545717,15544,0,true,"[""medsl:3276"", ""medsl:3277"", ""medsl:3278"", ""medsl:3279"", ""medsl:3280"", ""medsl:3281""]"
2018-DE-ordinary-general,DE,2018,ordinary,general,2018-11-06,Official general-election calendar; Texas 2024 date approved in Decision 011,https://www.fec.gov/documents/2706/federalelections2018.xlsx,initial_calibration,2018,4,362592,362592,0,"[""DEMITRIGTHEODOROPOULOS"", ""NADINEMFROST"", ""ROBERTBARLETT"", ""THOMASRCARPER""]",eligible,,217385,137127,8080,0,true,"[""medsl:3282"", ""medsl:3283"", ""medsl:3284"", ""medsl:3285""]"
2018-FL-ordinary-general,FL,2018,ordinary,general,2018-11-06,Official general-election calendar; Texas 2024 date approved in Decision 011,https://www.fec.gov/documents/2706/federalelections2018.xlsx,initial_calibration,2018,3,8190005,8190005,0,"[""BILLNELSON"", ""RICKSCOTT""]",eligible,,4089472,4099505,1028,0,true,"[""medsl:3286"", ""medsl:3287"", ""medsl:3288""]"
2018-HI-ordinary-general,HI,2018,ordinary,general,2018-11-06,Official general-election calendar; Texas 2024 date approved in Decision 011,https://www.fec.gov/documents/2706/federalelections2018.xlsx,initial_calibration,2018,2,388351,388351,0,"[""MAZIEKHIRONO"", ""RONCURTIS""]",eligible,,276316,112035,0,0,true,"[""medsl:3289"", ""medsl:3290""]"
2018-IN-ordinary-general,IN,2018,ordinary,general,2018-11-06,Official general-election calendar; Texas 2024 date approved in Decision 011,https://www.fec.gov/documents/2706/federalelections2018.xlsx,initial_calibration,2018,4,2282565,2282565,0,"[""JOEDONNELLY"", ""LUCYMBRENTON"", ""MIKEBRAUN""]",eligible,,1023553,1158000,101012,0,true,"[""medsl:3291"", ""medsl:3292"", ""medsl:3293"", ""medsl:3294""]"
2018-MA-ordinary-general,MA,2018,ordinary,general,2018-11-06,Official general-election calendar; Texas 2024 date approved in Decision 011,https://www.fec.gov/documents/2706/federalelections2018.xlsx,initial_calibration,2018,4,2707090,2707090,0,"[""ELIZABETHAWARREN"", ""GEOFFDIEHL"", ""SHIVAAYYADURAI""]",eligible,,1633371,979210,94509,0,true,"[""medsl:3304"", ""medsl:3305"", ""medsl:3306"", ""medsl:3307""]"
2018-MD-ordinary-general,MD,2018,ordinary,general,2018-11-06,Official general-election calendar; Texas 2024 date approved in Decision 011,https://www.fec.gov/documents/2706/federalelections2018.xlsx,initial_calibration,2018,5,2299889,2299889,0,"[""ARVINVOHRA"", ""BENCARDIN"", ""NEALSIMON"", ""TONYCAMPBELL""]",eligible,,1491614,697017,111258,0,true,"[""medsl:3299"", ""medsl:3300"", ""medsl:3301"", ""medsl:3302"", ""medsl:3303""]"
2018-ME-ordinary-general,ME,2018,ordinary,general,2018-11-06,Official general-election calendar; Texas 2024 date approved in Decision 011,https://www.fec.gov/documents/2706/federalelections2018.xlsx,initial_calibration,2018,4,634409,634409,0,"[""ANGUSSKINGJR"", ""ERICLBRAKEY"", ""ZAKRINGELSTEIN""]",eligible,,344575,223502,66332,0,true,"[""medsl:3295"", ""medsl:3296"", ""medsl:3297"", ""medsl:3298""]"
2018-MI-ordinary-general,MI,2018,ordinary,general,2018-11-06,Official general-election calendar; Texas 2024 date approved in Decision 011,https://www.fec.gov/documents/2706/federalelections2018.xlsx,initial_calibration,2018,6,4237271,4237271,0,"[""DEBBIESTABENOW"", ""GEORGEEHUFFMANIII"", ""JOHNHOWARDWILHELM"", ""JOHNJAMES"", ""MARCIASQUIER""]",eligible,,2214478,1938818,83975,0,true,"[""medsl:3308"", ""medsl:3309"", ""medsl:3310"", ""medsl:3311"", ""medsl:3312"", ""medsl:3313""]"
2018-MN-ordinary-general,MN,2018,ordinary,general,2018-11-06,Official general-election calendar; Texas 2024 date approved in Decision 011,https://www.fec.gov/documents/2706/federalelections2018.xlsx,initial_calibration,2018,5,2596879,2596879,0,"[""AMYKLOBUCHAR"", ""DENNISSCHULLER"", ""JIMNEWBERGER"", ""PAULAMOVERBY""]",eligible,,1566174,940437,90268,0,true,"[""medsl:3314"", ""medsl:3315"", ""medsl:3316"", ""medsl:3317"", ""medsl:3318""]"
2018-MN-special-general,MN,2018,special,general,2018-11-06,Official general-election calendar; Texas 2024 date approved in Decision 011,https://www.fec.gov/documents/2706/federalelections2018.xlsx,initial_calibration,2018,5,2587356,2587356,0,"[""JERRYTROOIEN"", ""KARINHOUSLEY"", ""SARAHWELLINGTON"", ""TINASMITH""]",eligible,,1370540,1095777,121039,0,true,"[""medsl:3319"", ""medsl:3320"", ""medsl:3321"", ""medsl:3322"", ""medsl:3323""]"
2018-MO-ordinary-general,MO,2018,ordinary,general,2018-11-06,Official general-election calendar; Texas 2024 date approved in Decision 011,https://www.fec.gov/documents/2706/federalelections2018.xlsx,initial_calibration,2018,6,2442289,2442289,0,"[""CLAIREMCCASKILL"", ""CRAIGODEAR"", ""JAPHETHCAMPBELL"", ""JOCRAIN"", ""JOSHHAWLEY""]",eligible,,1112935,1254927,74427,0,true,"[""medsl:3330"", ""medsl:3331"", ""medsl:3332"", ""medsl:3333"", ""medsl:3334"", ""medsl:3335""]"
2018-MS-ordinary-general,MS,2018,ordinary,general,2018-11-06,Official general-election calendar; Texas 2024 date approved in Decision 011,https://www.fec.gov/documents/2706/federalelections2018.xlsx,initial_calibration,2018,4,936215,936215,0,"[""DANNYBEDWELL"", ""DAVIDBARIA"", ""ROGERFWICKER"", ""SHAWNOHARA""]",eligible,,369567,547619,19029,0,true,"[""medsl:3324"", ""medsl:3325"", ""medsl:3326"", ""medsl:3327""]"
2018-MS-special-first,MS,2018,special,first,2018-11-06,Official general-election calendar; Texas 2024 date approved in Decision 011,https://www.fec.gov/documents/2706/federalelections2018.xlsx,initial_calibration,,0,,,0,"[""CHRISMCDANIEL"", ""CINDYHYDESMITH"", ""MIKEESPY"", ""TOBEYBERNARDBARTEE""]",pending,missing_first_round_results,,,,,false,[]
2018-MS-special-runoff,MS,2018,special,runoff,2018-11-27,General runoff date in candidate notes,https://www.fec.gov/documents/2706/federalelections2018.xlsx,initial_calibration,2018,2,907588,907588,0,"[""CINDYHYDESMITH"", ""MIKEESPY""]",eligible,,420819,486769,0,0,true,"[""medsl:3328"", ""medsl:3329""]"
2018-MT-ordinary-general,MT,2018,ordinary,general,2018-11-06,Official general-election calendar; Texas 2024 date approved in Decision 011,https://www.fec.gov/documents/2706/federalelections2018.xlsx,initial_calibration,2018,3,504384,504384,0,"[""JONTESTER"", ""MATTROSENDALE"", ""RICKBRECKENRIDGE""]",eligible,,253876,235963,14545,0,true,"[""medsl:3336"", ""medsl:3337"", ""medsl:3338""]"
2018-ND-ordinary-general,ND,2018,ordinary,general,2018-11-06,Official general-election calendar; Texas 2024 date approved in Decision 011,https://www.fec.gov/documents/2706/federalelections2018.xlsx,initial_calibration,2018,3,326138,326138,0,"[""HEIDIHEITKAMP"", ""KEVINCRAMER""]",eligible,,144376,179720,2042,0,true,"[""medsl:3367"", ""medsl:3368"", ""medsl:3369""]"
2018-NE-ordinary-general,NE,2018,ordinary,general,2018-11-06,Official general-election calendar; Texas 2024 date approved in Decision 011,https://www.fec.gov/documents/2706/federalelections2018.xlsx,initial_calibration,2018,4,698883,698883,0,"[""DEBFISCHER"", ""JANERAYBOULD"", ""JIMSCHULTZ""]",eligible,,269917,403151,25815,0,true,"[""medsl:3339"", ""medsl:3340"", ""medsl:3341"", ""medsl:3342""]"
2018-NJ-ordinary-general,NJ,2018,ordinary,general,2018-11-06,Official general-election calendar; Texas 2024 date approved in Decision 011,https://www.fec.gov/documents/2706/federalelections2018.xlsx,initial_calibration,2018,8,3169310,3169310,0,"[""BOBHUGIN"", ""HANKSCHROEDER"", ""KEVINKIMPLE"", ""MADELYNRHOFFMAN"", ""MURRAYSABRIN"", ""NATALIELYNNRIVERA"", ""ROBERTMENENDEZ"", ""TRICIAFLANAGAN""]",eligible,,1711654,1357355,100301,0,true,"[""medsl:3349"", ""medsl:3350"", ""medsl:3351"", ""medsl:3352"", ""medsl:3353"", ""medsl:3354"", ""medsl:3355"", ""medsl:3356""]"
2018-NM-ordinary-general,NM,2018,ordinary,general,2018-11-06,Official general-election calendar; Texas 2024 date approved in Decision 011,https://www.fec.gov/documents/2706/federalelections2018.xlsx,initial_calibration,2018,3,697012,697012,0,"[""GARYEJOHNSON"", ""MARTINTHEINRICH"", ""MICKRICH""]",eligible,,376998,212813,107201,0,true,"[""medsl:3357"", ""medsl:3358"", ""medsl:3359""]"
2018-NV-ordinary-general,NV,2018,ordinary,general,2018-11-06,Official general-election calendar; Texas 2024 date approved in Decision 011,https://www.fec.gov/documents/2706/federalelections2018.xlsx,initial_calibration,2018,6,972132,,0,"[""BARRYMICHAELS"", ""DEANHELLER"", ""JACKYROSEN"", ""KAMAUABAKARI"", ""TIMHAGAN""]",pending,ballot_option_denominator_pending,490071,441202,25556,0,false,"[""medsl:3343"", ""medsl:3344"", ""medsl:3345"", ""medsl:3346"", ""medsl:3347"", ""medsl:3348""]"
2018-NY-ordinary-general,NY,2018,ordinary,general,2018-11-06,Official general-election calendar; Texas 2024 date approved in Decision 011,https://www.fec.gov/documents/2706/federalelections2018.xlsx,initial_calibration,2018,7,6055151,6055151,0,"[""CHELECHIAVACCIFARLEY"", ""KIRSTENEGILLIBRAND""]",eligible,,4056931,1998220,0,0,true,"[""medsl:3360"", ""medsl:3361"", ""medsl:3362"", ""medsl:3363"", ""medsl:3364"", ""medsl:3365"", ""medsl:3366""]"
2018-OH-ordinary-general,OH,2018,ordinary,general,2018-11-06,Official general-election calendar; Texas 2024 date approved in Decision 011,https://www.fec.gov/documents/2706/federalelections2018.xlsx,initial_calibration,2018,3,4410898,4410898,0,"[""JIMRENACCI"", ""SHERRODBROWN""]",pending,reference_vote_count_conflict,2355923,2053963,1012,0,true,"[""medsl:3370"", ""medsl:3371"", ""medsl:3372""]"
2018-PA-ordinary-general,PA,2018,ordinary,general,2018-11-06,Official general-election calendar; Texas 2024 date approved in Decision 011,https://www.fec.gov/documents/2706/federalelections2018.xlsx,initial_calibration,2018,4,4994643,4994643,0,"[""DALERKERNSJR"", ""LOUISJBARLETTA"", ""NEALTAYLORGALE"", ""ROBERTPCASEYJR""]",eligible,,2777680,2134848,82115,0,true,"[""medsl:3373"", ""medsl:3374"", ""medsl:3375"", ""medsl:3376""]"
2018-RI-ordinary-general,RI,2018,ordinary,general,2018-11-06,Official general-election calendar; Texas 2024 date approved in Decision 011,https://www.fec.gov/documents/2706/federalelections2018.xlsx,initial_calibration,2018,3,376738,376738,0,"[""ROBERTGFLANDERSJR"", ""SHELDONWHITEHOUSE""]",eligible,,231477,144421,840,0,true,"[""medsl:3377"", ""medsl:3378"", ""medsl:3379""]"
2018-TN-ordinary-general,TN,2018,ordinary,general,2018-11-06,Official general-election calendar; Texas 2024 date approved in Decision 011,https://www.fec.gov/documents/2706/federalelections2018.xlsx,initial_calibration,2018,8,2243740,2243740,0,"[""BRETONPHILLIPS"", ""DEANHILL"", ""JOHNCARICO"", ""KEVINLEEMCCANTS"", ""KRISLTODD"", ""MARSHABLACKBURN"", ""PHILBREDESEN"", ""TRUDYAAUSTIN""]",eligible,,985450,1227483,30807,0,true,"[""medsl:3380"", ""medsl:3381"", ""medsl:3382"", ""medsl:3383"", ""medsl:3384"", ""medsl:3385"", ""medsl:3386"", ""medsl:3387""]"
2018-TX-ordinary-general,TX,2018,ordinary,general,2018-11-06,Official general-election calendar; Texas 2024 date approved in Decision 011,https://www.fec.gov/documents/2706/federalelections2018.xlsx,initial_calibration,2018,3,8371655,8371655,0,"[""BETOOROURKE"", ""NEALMDIKEMAN"", ""TEDCRUZ""]",eligible,,4045632,4260553,65470,0,true,"[""medsl:3388"", ""medsl:3389"", ""medsl:3390""]"
2018-UT-ordinary-general,UT,2018,ordinary,general,2018-11-06,Official general-election calendar; Texas 2024 date approved in Decision 011,https://www.fec.gov/documents/2706/federalelections2018.xlsx,initial_calibration,2018,5,1062845,1062845,0,"[""CRAIGRBOWDEN"", ""JENNYWILSON"", ""MITTROMNEY"", ""REEDCMCCANDLESS"", ""TIMAALDERS""]",eligible,,328541,665215,69089,0,true,"[""medsl:3391"", ""medsl:3392"", ""medsl:3393"", ""medsl:3394"", ""medsl:3395""]"
2018-VA-ordinary-general,VA,2018,ordinary,general,2018-11-06,Official general-election calendar; Texas 2024 date approved in Decision 011,https://www.fec.gov/documents/2706/federalelections2018.xlsx,initial_calibration,2018,4,3351373,3351373,0,"[""COREYASTEWART"", ""MATTJWATERS"", ""TIMOTHYMKAINE""]",eligible,,1910370,1374313,66690,0,true,"[""medsl:3406"", ""medsl:3407"", ""medsl:3408"", ""medsl:3409""]"
2018-VT-ordinary-general,VT,2018,ordinary,general,2018-11-06,Official general-election calendar; Texas 2024 date approved in Decision 011,https://www.fec.gov/documents/2706/federalelections2018.xlsx,initial_calibration,2018,10,272624,272624,0,"[""BERNIESANDERS"", ""BRADJPEACOCK"", ""BRUCEBUSA"", ""EDWARDSGILBERTJR"", ""FOLASADEADELUOLA"", ""JONSVITAVSKY"", ""LAWRENCEZUPAN"", ""REIDKANE"", ""RUSSELLBESTE""]",pending,reference_vote_count_conflict,183529,74663,14432,0,true,"[""medsl:3396"", ""medsl:3397"", ""medsl:3398"", ""medsl:3399"", ""medsl:3400"", ""medsl:3401"", ""medsl:3402"", ""medsl:3403"", ""medsl:3404"", ""medsl:3405""]"
2018-WA-ordinary-general,WA,2018,ordinary,general,2018-11-06,Official general-election calendar; Texas 2024 date approved in Decision 011,https://www.fec.gov/documents/2706/federalelections2018.xlsx,initial_calibration,2018,2,3086168,3086168,0,"[""MARIACANTWELL"", ""SUSANHUTCHISON""]",eligible,,1803364,1282804,0,0,true,"[""medsl:3410"", ""medsl:3411""]"
2018-WI-ordinary-general,WI,2018,ordinary,general,2018-11-06,Official general-election calendar; Texas 2024 date approved in Decision 011,https://www.fec.gov/documents/2706/federalelections2018.xlsx,initial_calibration,2018,3,2657841,2657841,0,"[""LEAHVUKMIR"", ""TAMMYBALDWIN""]",eligible,,1472914,1184885,42,0,true,"[""medsl:3415"", ""medsl:3416"", ""medsl:3417""]"
2018-WV-ordinary-general,WV,2018,ordinary,general,2018-11-06,Official general-election calendar; Texas 2024 date approved in Decision 011,https://www.fec.gov/documents/2706/federalelections2018.xlsx,initial_calibration,2018,3,582911,582911,0,"[""JOEMANCHIN"", ""PATRICKMORRISEY"", ""RUSTYHOLLEN""]",pending,unofficial_source_returns;reference_vote_count_conflict,288808,269872,24231,0,true,"[""medsl:3412"", ""medsl:3413"", ""medsl:3414""]"
2018-WY-ordinary-general,WY,2018,ordinary,general,2018-11-06,Official general-election calendar; Texas 2024 date approved in Decision 011,https://www.fec.gov/documents/2706/federalelections2018.xlsx,initial_calibration,2018,4,203420,203420,0,"[""GARYTRAUNER"", ""JOHNBARRASSO"", ""JOSEPHPORAMBO""]",eligible,,61227,136210,5983,0,true,"[""medsl:3418"", ""medsl:3419"", ""medsl:3420"", ""medsl:3421""]"
2020-AK-ordinary-general,AK,2020,ordinary,general,2020-11-03,Official general-election calendar; Texas 2024 date approved in Decision 011,https://www.fec.gov/documents/4228/federalelections2020.xlsx,initial_calibration,2020,4,354587,354587,0,"[""ALGROSS"", ""DANSULLIVAN"", ""JOHNWAYNEHOWE""]",eligible,,146068,191112,17407,0,true,"[""medsl:3425"", ""medsl:3426"", ""medsl:3427"", ""medsl:3428""]"
2020-AL-ordinary-general,AL,2020,ordinary,general,2020-11-03,Official general-election calendar; Texas 2024 date approved in Decision 011,https://www.fec.gov/documents/4228/federalelections2020.xlsx,initial_calibration,2020,3,2316445,2316445,0,"[""DOUGJONES"", ""TOMMYTUBERVILLE""]",eligible,,920478,1392076,3891,0,true,"[""medsl:3422"", ""medsl:3423"", ""medsl:3424""]"
2020-AR-ordinary-general,AR,2020,ordinary,general,2020-11-03,Official general-election calendar; Texas 2024 date approved in Decision 011,https://www.fec.gov/documents/4228/federalelections2020.xlsx,initial_calibration,2020,2,1193261,1193261,0,"[""RICKYDALEHARRINGTONJR"", ""TOMCOTTON""]",excluded,missing_D_or_R_side,0,793871,399390,0,true,"[""medsl:3448"", ""medsl:3449""]"
2020-AZ-special-general,AZ,2020,special,general,2020-11-03,Official general-election calendar; Texas 2024 date approved in Decision 011,https://www.fec.gov/documents/4228/federalelections2020.xlsx,initial_calibration,2020,19,3355307,3355307,0,"[""MARKKELLY"", ""MARTHAMCSALLY""]",eligible,,1716634,1637908,765,0,true,"[""medsl:3429"", ""medsl:3430"", ""medsl:3431"", ""medsl:3432"", ""medsl:3433"", ""medsl:3434"", ""medsl:3435"", ""medsl:3436"", ""medsl:3437"", ""medsl:3438"", ""medsl:3439"", ""medsl:3440"", ""medsl:3441"", ""medsl:3442"", ""medsl:3443"", ""medsl:3444"", ""medsl:3445"", ""medsl:3446"", ""medsl:3447""]"
2020-CO-ordinary-general,CO,2020,ordinary,general,2020-11-03,Official general-election calendar; Texas 2024 date approved in Decision 011,https://www.fec.gov/documents/4228/federalelections2020.xlsx,initial_calibration,2020,8,3235790,3235790,0,"[""BRUCELOHMILLER"", ""CORYGARDNER"", ""DANIELDOYLE"", ""DANNYSKELLY"", ""JOHNWHICKENLOOPER"", ""MICHAELSANCHEZ"", ""RAYMONANTHONYDOANE"", ""STEPHANSEKUEVANS""]",eligible,,1731114,1429492,75184,0,true,"[""medsl:3450"", ""medsl:3451"", ""medsl:3452"", ""medsl:3453"", ""medsl:3454"", ""medsl:3455"", ""medsl:3456"", ""medsl:3457""]"
2020-DE-ordinary-general,DE,2020,ordinary,general,2020-11-03,Official general-election calendar; Texas 2024 date approved in Decision 011,https://www.fec.gov/documents/4228/federalelections2020.xlsx,initial_calibration,2020,4,490935,490935,0,"[""CHRISTOPHERACOONS"", ""LAURENWITZKE"", ""MARKWTURLEY"", ""NADINEMFROST""]",eligible,,291804,186054,13077,0,true,"[""medsl:3458"", ""medsl:3459"", ""medsl:3460"", ""medsl:3461""]"
2020-GA-ordinary-general,GA,2020,ordinary,general,2020-11-03,Official general-election calendar; Texas 2024 date approved in Decision 011,https://www.fec.gov/documents/4228/federalelections2020.xlsx,initial_calibration,2020,3,4952175,4952175,0,"[""DAVIDAPERDUE"", ""JONOSSOFF"", ""SHANEHAZEL""]",eligible,,2374519,2462617,115039,0,true,"[""medsl:3462"", ""medsl:3463"", ""medsl:3464""]"
2020-GA-ordinary-runoff,GA,2020,ordinary,runoff,2021-01-05,General runoff date in candidate notes,https://www.fec.gov/documents/4228/federalelections2020.xlsx,initial_calibration,2021,2,4483241,4483241,0,"[""DAVIDAPERDUE"", ""JONOSSOFF""]",pending,unofficial_source_returns;reference_vote_count_conflict,2269262,2213979,0,0,true,"[""medsl:3626"", ""medsl:3627""]"
2020-GA-special-first,GA,2020,special,first,2020-11-03,Official general-election calendar; Texas 2024 date approved in Decision 011,https://www.fec.gov/documents/4228/federalelections2020.xlsx,initial_calibration,2020,20,4914361,4914361,0,"[""ALBARTELL"", ""ALLENBUCKLEY"", ""ANNETTEDAVISJACKSON"", ""AWAYNEJOHNSON"", ""BRIANSLOWINSKI"", ""DEBORAHJACKSON"", ""DERRICKEGRAYSON"", ""DOUGCOLLINS"", ""EDTARVER"", ""JAMESIAJAMES"", ""JOHNFORTUIN"", ""JOYFELICIASLADE"", ""KANDISSTAYLOR"", ""KELLYLOEFFLER"", ""MATTLIEBERMAN"", ""MICHAELTODDGREENE"", ""RAPHAELWARNOCK"", ""RICHARDDIENWINFIELD"", ""TAMARAJOHNSONSHEALEY"", ""VALENCIASTOVALL""]",eligible,,2378312,2426120,109929,0,true,"[""medsl:3465"", ""medsl:3466"", ""medsl:3467"", ""medsl:3468"", ""medsl:3469"", ""medsl:3470"", ""medsl:3471"", ""medsl:3472"", ""medsl:3473"", ""medsl:3474"", ""medsl:3475"", ""medsl:3476"", ""medsl:3477"", ""medsl:3478"", ""medsl:3479"", ""medsl:3480"", ""medsl:3481"", ""medsl:3482"", ""medsl:3483"", ""medsl:3484""]"
2020-GA-special-runoff,GA,2020,special,runoff,2021-01-05,Special general runoff date in candidate notes,https://www.fec.gov/documents/4228/federalelections2020.xlsx,initial_calibration,2021,2,4483294,4483294,0,"[""KELLYLOEFFLER"", ""RAPHAELWARNOCK""]",pending,unofficial_source_returns;reference_vote_count_conflict,2288446,2194848,0,0,true,"[""medsl:3628"", ""medsl:3629""]"
2020-IA-ordinary-general,IA,2020,ordinary,general,2020-11-03,Official general-election calendar; Texas 2024 date approved in Decision 011,https://www.fec.gov/documents/4228/federalelections2020.xlsx,initial_calibration,2020,7,1700130,1671828,28302,"[""JONIERNST"", ""RICKSTEWART"", ""SUZANNEHERZOG"", ""THERESAGREENFIELD""]",eligible,,754859,864997,51972,0,true,"[""medsl:3497"", ""medsl:3498"", ""medsl:3499"", ""medsl:3500"", ""medsl:3501"", ""medsl:3502"", ""medsl:3503""]"
2020-ID-ordinary-general,ID,2020,ordinary,general,2020-11-03,Official general-election calendar; Texas 2024 date approved in Decision 011,https://www.fec.gov/documents/4228/federalelections2020.xlsx,initial_calibration,2020,4,859827,859827,0,"[""JIMRISCH"", ""NATALIEMFLEMING"", ""PAULETTEJORDAN"", ""RAYJWRITZ""]",eligible,,285864,538446,35517,0,true,"[""medsl:3485"", ""medsl:3486"", ""medsl:3487"", ""medsl:3488""]"
2020-IL-ordinary-general,IL,2020,ordinary,general,2020-11-03,Official general-election calendar; Texas 2024 date approved in Decision 011,https://www.fec.gov/documents/4228/federalelections2020.xlsx,initial_calibration,2020,8,5968901,5968901,0,"[""DANNYMALOUF"", ""DAVIDFBLACK"", ""MARKCCURRANJR"", ""RICHARDJDURBIN"", ""WILLIELWILSON""]",pending,unresolved_result_party,3278930,2319870,370083,18,false,"[""medsl:3489"", ""medsl:3490"", ""medsl:3491"", ""medsl:3492"", ""medsl:3493"", ""medsl:3494"", ""medsl:3495"", ""medsl:3496""]"
2020-KS-ordinary-general,KS,2020,ordinary,general,2020-11-03,Official general-election calendar; Texas 2024 date approved in Decision 011,https://www.fec.gov/documents/4228/federalelections2020.xlsx,initial_calibration,2020,3,1367755,1367755,0,"[""BARBARABOLLIER"", ""JASONBUCKLEY"", ""ROGERMARSHALL""]",eligible,,571530,727962,68263,0,true,"[""medsl:3504"", ""medsl:3505"", ""medsl:3506""]"
2020-KY-ordinary-general,KY,2020,ordinary,general,2020-11-03,Official general-election calendar; Texas 2024 date approved in Decision 011,https://www.fec.gov/documents/4228/federalelections2020.xlsx,initial_calibration,2020,8,2135057,2135057,0,"[""AMYMCGRATH"", ""BRADBARRON"", ""MITCHMCCONNELL""]",pending,unresolved_result_party,816257,1233315,85386,99,false,"[""medsl:3507"", ""medsl:3508"", ""medsl:3509"", ""medsl:3510"", ""medsl:3511"", ""medsl:3512"", ""medsl:3513"", ""medsl:3514""]"
2020-LA-ordinary-first,LA,2020,ordinary,first,2020-11-03,Official general-election calendar; Texas 2024 date approved in Decision 011,https://www.fec.gov/documents/4228/federalelections2020.xlsx,initial_calibration,2020,15,2071543,2071543,0,"[""AARONCSIGLER"", ""ADRIANPERKINS"", ""ANTOINEPIERCE"", ""BERYLBILLIOT"", ""BILLCASSIDY"", ""DAVIDDREWKNIGHT"", ""DERRICKCHAMPEDWARDS"", ""DUSTINMURPHY"", ""JAMARMONTGOMERY"", ""JOHNPAULBOURGEOIS"", ""MELINDAMARYPRICE"", ""MVVINNYMENDOZA"", ""PETERWENSTRUP"", ""RENOJEANDARETIII"", ""XANJOHN""]",eligible,,730989,1267291,73263,0,true,"[""medsl:3515"", ""medsl:3516"", ""medsl:3517"", ""medsl:3518"", ""medsl:3519"", ""medsl:3520"", ""medsl:3521"", ""medsl:3522"", ""medsl:3523"", ""medsl:3524"", ""medsl:3525"", ""medsl:3526"", ""medsl:3527"", ""medsl:3528"", ""medsl:3529""]"
2020-MA-ordinary-general,MA,2020,ordinary,general,2020-11-03,Official general-election calendar; Texas 2024 date approved in Decision 011,https://www.fec.gov/documents/4228/federalelections2020.xlsx,initial_calibration,2020,5,3658005,3564136,93869,"[""EDWARDJMARKEY"", ""KEVINJOCONNER"", ""SHIVAAYYADURAI""]",pending,unresolved_result_party,2357809,1177765,7428,21134,false,"[""medsl:3536"", ""medsl:3537"", ""medsl:3538"", ""medsl:3539"", ""medsl:3540""]"
2020-ME-ordinary-general,ME,2020,ordinary,general,2020-11-03,Official general-election calendar; Texas 2024 date approved in Decision 011,https://www.fec.gov/documents/4228/federalelections2020.xlsx,initial_calibration,2020,6,828305,819183,9122,"[""LISASAVAGE"", ""MAXPATRICKLINN"", ""SARAIGIDEON"", ""SUSANMARGARETCOLLINS""]",eligible,,347223,417645,54315,0,true,"[""medsl:3530"", ""medsl:3531"", ""medsl:3532"", ""medsl:3533"", ""medsl:3534"", ""medsl:3535""]"
2020-MI-ordinary-general,MI,2020,ordinary,general,2020-11-03,Official general-election calendar; Texas 2024 date approved in Decision 011,https://www.fec.gov/documents/4228/federalelections2020.xlsx,initial_calibration,2020,7,5479720,5479720,0,"[""DOUGDERN"", ""GARYPETERS"", ""JOHNJAMES"", ""MARCIASQUIER"", ""VALERIELWILLIS""]",pending,unresolved_result_party,2734568,2642233,102907,12,false,"[""medsl:3541"", ""medsl:3542"", ""medsl:3543"", ""medsl:3544"", ""medsl:3545"", ""medsl:3546"", ""medsl:3547""]"
2020-MN-ordinary-general,MN,2020,ordinary,general,2020-11-03,Official general-election calendar; Texas 2024 date approved in Decision 011,https://www.fec.gov/documents/4228/federalelections2020.xlsx,initial_calibration,2020,5,3214256,3214256,0,"[""JASONLEWIS"", ""KEVINOCONNOR"", ""OLIVERSTEINBERG"", ""TINASMITH""]",eligible,,1566522,1398145,249589,0,true,"[""medsl:3548"", ""medsl:3549"", ""medsl:3550"", ""medsl:3551"", ""medsl:3552""]"
2020-MS-ordinary-general,MS,2020,ordinary,general,2020-11-03,Official general-election calendar; Texas 2024 date approved in Decision 011,https://www.fec.gov/documents/4228/federalelections2020.xlsx,initial_calibration,2020,3,1311354,1311354,0,"[""CINDYHYDESMITH"", ""JIMMYLEDWARDS"", ""MIKEESPY""]",eligible,,578691,709511,23152,0,true,"[""medsl:3553"", ""medsl:3554"", ""medsl:3555""]"
2020-MT-ordinary-general,MT,2020,ordinary,general,2020-11-03,Official general-election calendar; Texas 2024 date approved in Decision 011,https://www.fec.gov/documents/4228/federalelections2020.xlsx,initial_calibration,2020,2,605637,605637,0,"[""STEVEBULLOCK"", ""STEVEDAINES""]",eligible,,272463,333174,0,0,true,"[""medsl:3556"", ""medsl:3557""]"
2020-NC-ordinary-general,NC,2020,ordinary,general,2020-11-03,Official general-election calendar; Texas 2024 date approved in Decision 011,https://www.fec.gov/documents/4228/federalelections2020.xlsx,initial_calibration,2020,4,5474952,5474952,0,"[""CALCUNNINGHAM"", ""KEVINEHAYES"", ""SHANNONWBRAY"", ""THOMTILLIS""]",eligible,,2569965,2665598,239389,0,true,"[""medsl:3575"", ""medsl:3576"", ""medsl:3577"", ""medsl:3578""]"
2020-NE-ordinary-general,NE,2020,ordinary,general,2020-11-03,Official general-election calendar; Texas 2024 date approved in Decision 011,https://www.fec.gov/documents/4228/federalelections2020.xlsx,initial_calibration,2020,5,930012,930012,0,"[""BENSASSE"", ""CHRISJANICEK"", ""GENESIADEK""]",pending,unresolved_result_party,227191,583507,60903,58411,false,"[""medsl:3558"", ""medsl:3559"", ""medsl:3560"", ""medsl:3561"", ""medsl:3562""]"
2020-NH-ordinary-general,NH,2020,ordinary,general,2020-11-03,Official general-election calendar; Texas 2024 date approved in Decision 011,https://www.fec.gov/documents/4228/federalelections2020.xlsx,initial_calibration,2020,4,795914,795914,0,"[""CORKYMESSNER"", ""JEANNESHAHEEN"", ""JUSTINODONNELL""]",eligible,,450778,326229,18907,0,true,"[""medsl:3563"", ""medsl:3564"", ""medsl:3565"", ""medsl:3566""]"
2020-NJ-ordinary-general,NJ,2020,ordinary,general,2020-11-03,Official general-election calendar; Texas 2024 date approved in Decision 011,https://www.fec.gov/documents/4228/federalelections2020.xlsx,initial_calibration,2020,5,4440440,4440440,0,"[""CORYBOOKER"", ""DANIELBURKE"", ""MADELYNRHOFFMAN"", ""RIKINRIKMEHTA"", ""VERONICAFERNANDEZ""]",pending,reference_vote_count_conflict,2541178,1817052,82210,0,true,"[""medsl:3567"", ""medsl:3568"", ""medsl:3569"", ""medsl:3570"", ""medsl:3571""]"
2020-NM-ordinary-general,NM,2020,ordinary,general,2020-11-03,Official general-election calendar; Texas 2024 date approved in Decision 011,https://www.fec.gov/documents/4228/federalelections2020.xlsx,initial_calibration,2020,3,917237,917237,0,"[""BENRLUJAN"", ""BOBWALSH"", ""MARKVRONCHETTI""]",eligible,,474483,418483,24271,0,true,"[""medsl:3572"", ""medsl:3573"", ""medsl:3574""]"
2020-OK-ordinary-general,OK,2020,ordinary,general,2020-11-03,Official general-election calendar; Texas 2024 date approved in Decision 011,https://www.fec.gov/documents/4228/federalelections2020.xlsx,initial_calibration,2020,5,1556361,1556361,0,"[""ABBYBROYLES"", ""ADNESBIT"", ""JIMINHOFE"", ""JOANFARR"", ""ROBERTMURPHY""]",eligible,,509763,979140,67458,0,true,"[""medsl:3579"", ""medsl:3580"", ""medsl:3581"", ""medsl:3582"", ""medsl:3583""]"
2020-OR-ordinary-general,OR,2020,ordinary,general,2020-11-03,Official general-election calendar; Texas 2024 date approved in Decision 011,https://www.fec.gov/documents/4228/federalelections2020.xlsx,initial_calibration,2020,5,2321249,2321249,0,"[""GARYDYE"", ""IBRAHIMATAHER"", ""JEFFMERKLEY"", ""JORAEPERKINS""]",eligible,,1321047,912814,87388,0,true,"[""medsl:3584"", ""medsl:3585"", ""medsl:3586"", ""medsl:3587"", ""medsl:3588""]"
2020-RI-ordinary-general,RI,2020,ordinary,general,2020-11-03,Official general-election calendar; Texas 2024 date approved in Decision 011,https://www.fec.gov/documents/4228/federalelections2020.xlsx,initial_calibration,2020,3,494262,494262,0,"[""ALLENRWATERS"", ""JOHNFREED""]",eligible,,328574,164855,833,0,true,"[""medsl:3589"", ""medsl:3590"", ""medsl:3591""]"
2020-SC-ordinary-general,SC,2020,ordinary,general,2020-11-03,Official general-election calendar; Texas 2024 date approved in Decision 011,https://www.fec.gov/documents/4228/federalelections2020.xlsx,initial_calibration,2020,4,2515104,2515104,0,"[""BILLBLEDSOE"", ""JAIMEHARRISON"", ""LINDSEYGRAHAM""]",eligible,,1110828,1369137,35139,0,true,"[""medsl:3592"", ""medsl:3593"", ""medsl:3594"", ""medsl:3595""]"
2020-SD-ordinary-general,SD,2020,ordinary,general,2020-11-03,Official general-election calendar; Texas 2024 date approved in Decision 011,https://www.fec.gov/documents/4228/federalelections2020.xlsx,initial_calibration,2020,2,420219,420219,0,"[""DANAHLERS"", ""MIKEROUNDS""]",pending,unofficial_source_returns,143987,276232,0,0,true,"[""medsl:3596"", ""medsl:3597""]"
2020-TN-ordinary-general,TN,2020,ordinary,general,2020-11-03,Official general-election calendar; Texas 2024 date approved in Decision 011,https://www.fec.gov/documents/4228/federalelections2020.xlsx,initial_calibration,2020,12,2959761,2959761,0,"[""AARONJAMES"", ""BILLHAGERTY"", ""ELIZABETHMCLEOD"", ""ERICWILLIAMSTANSBERRY"", ""GDEANHILL"", ""JEFFREYALANGRUNAU"", ""KACEYMORGAN"", ""MARQUITABRADSHAW"", ""RONNIEHENLEY"", ""STEVENJHOOPER"", ""YOMIFAPASFAPARUSISR""]",pending,unresolved_result_party,1040691,1840926,78080,64,false,"[""medsl:3598"", ""medsl:3599"", ""medsl:3600"", ""medsl:3601"", ""medsl:3602"", ""medsl:3603"", ""medsl:3604"", ""medsl:3605"", ""medsl:3606"", ""medsl:3607"", ""medsl:3608"", ""medsl:3609""]"
2020-TX-ordinary-general,TX,2020,ordinary,general,2020-11-03,Official general-election calendar; Texas 2024 date approved in Decision 011,https://www.fec.gov/documents/4228/federalelections2020.xlsx,initial_calibration,2020,5,11144040,11144040,0,"[""DAVIDBCOLLINS"", ""JOHNCORNYN"", ""KERRYDOUGLASMCKENNON"", ""MARYMJHEGAR""]",pending,unresolved_result_party,4888764,5962983,291615,678,false,"[""medsl:3610"", ""medsl:3611"", ""medsl:3612"", ""medsl:3613"", ""medsl:3614""]"
2020-VA-ordinary-general,VA,2020,ordinary,general,2020-11-03,Official general-election calendar; Texas 2024 date approved in Decision 011,https://www.fec.gov/documents/4228/federalelections2020.xlsx,initial_calibration,2020,3,4405087,4405087,0,"[""DANIELMGADE"", ""MARKRWARNER""]",eligible,,2466500,1934199,4388,0,true,"[""medsl:3615"", ""medsl:3616"", ""medsl:3617""]"
2020-WV-ordinary-general,WV,2020,ordinary,general,2020-11-03,Official general-election calendar; Texas 2024 date approved in Decision 011,https://www.fec.gov/documents/4228/federalelections2020.xlsx,initial_calibration,2020,3,778918,778918,0,"[""DAVIDMORAN"", ""PAULAJEANSWEARENGIN"", ""SHELLEYMOORECAPITO""]",eligible,,210309,547454,21155,0,true,"[""medsl:3618"", ""medsl:3619"", ""medsl:3620""]"
2020-WY-ordinary-general,WY,2020,ordinary,general,2020-11-03,Official general-election calendar; Texas 2024 date approved in Decision 011,https://www.fec.gov/documents/4228/federalelections2020.xlsx,initial_calibration,2020,5,278503,271937,6566,"[""CYNTHIAMLUMMIS"", ""MERAVBENDAVID""]",eligible,,72766,198100,1071,0,true,"[""medsl:3621"", ""medsl:3622"", ""medsl:3623"", ""medsl:3624"", ""medsl:3625""]"
2024-AZ-ordinary-general,AZ,2024,ordinary,general,2024-11-05,Official general-election calendar; Texas 2024 date approved in Decision 011,Decision 011 / Rahan-confirmed 2024-11-05,outside_scope,2024,3,3347964,3347964,0,"[""EDUARDOQUINTANA"", ""KARILAKE"", ""RUBENGALLEGO""]",excluded,outside_initial_calibration_scope;unofficial_source_returns,1676335,1595761,75868,0,true,"[""medsl:3798"", ""medsl:3799"", ""medsl:3800""]"
2024-CA-ordinary-general,CA,2024,ordinary,general,2024-11-05,Official general-election calendar; Texas 2024 date approved in Decision 011,Decision 011 / Rahan-confirmed 2024-11-05,outside_scope,2024,2,15348846,15348846,0,"[""ADAMBSCHIFF"", ""STEVEGARVEY""]",excluded,outside_initial_calibration_scope,9036252,6312594,0,0,true,"[""medsl:3801"", ""medsl:3802""]"
2024-CA-special-general,CA,2024,special,general,2024-11-05,Official general-election calendar; Texas 2024 date approved in Decision 011,Decision 011 / Rahan-confirmed 2024-11-05,outside_scope,2024,2,15041688,15041688,0,"[""ADAMBSCHIFF"", ""STEVEGARVEY""]",excluded,outside_initial_calibration_scope;unofficial_source_returns,8837051,6204637,0,0,true,"[""medsl:3803"", ""medsl:3804""]"
2024-CT-ordinary-general,CT,2024,ordinary,general,2024-11-05,Official general-election calendar; Texas 2024 date approved in Decision 011,Decision 011 / Rahan-confirmed 2024-11-05,outside_scope,2024,6,1708259,1708259,0,"[""CHRISTOPHERSMURPHY"", ""JUSTINCPAGLINO"", ""MATTHEWMCOREY"", ""OTHER"", ""ROBERTFINLEYHYDE""]",excluded,outside_initial_calibration_scope,1000695,678256,29308,0,true,"[""medsl:3805"", ""medsl:3806"", ""medsl:3807"", ""medsl:3808"", ""medsl:3809"", ""medsl:3810""]"
2024-DE-ordinary-general,DE,2024,ordinary,general,2024-11-05,Official general-election calendar; Texas 2024 date approved in Decision 011,Decision 011 / Rahan-confirmed 2024-11-05,outside_scope,2024,3,500606,500606,0,"[""ERICHANSEN"", ""LISABLUNTROCHESTER"", ""MICHAELDRMIKEKATZ""]",excluded,outside_initial_calibration_scope,283298,197753,19555,0,true,"[""medsl:3811"", ""medsl:3812"", ""medsl:3813""]"
2024-FL-ordinary-general,FL,2024,ordinary,general,2024-11-05,Official general-election calendar; Texas 2024 date approved in Decision 011,Decision 011 / Rahan-confirmed 2024-11-05,outside_scope,2024,6,10757428,10757428,0,"[""BENEVERIDGE"", ""DEBBIEMUCARSELPOWELL"", ""FEENABONOAN"", ""OTHER"", ""RICKSCOTT"", ""TUANNGUYEN""]",excluded,outside_initial_calibration_scope,4603077,5977706,176645,0,true,"[""medsl:3814"", ""medsl:3815"", ""medsl:3816"", ""medsl:3817"", ""medsl:3818"", ""medsl:3819""]"
2024-HI-ordinary-general,HI,2024,ordinary,general,2024-11-05,Official general-election calendar; Texas 2024 date approved in Decision 011,Decision 011 / Rahan-confirmed 2024-11-05,outside_scope,2024,4,501763,501763,0,"[""BOBMCDERMOTT"", ""EMMAJANEAVILAPOHLMAN"", ""MAZIEKHIRONO"", ""SHELBYPIKACHUBILLIONAIRE""]",excluded,outside_initial_calibration_scope,324194,160075,17494,0,true,"[""medsl:3820"", ""medsl:3821"", ""medsl:3822"", ""medsl:3823""]"
2024-IN-ordinary-general,IN,2024,ordinary,general,2024-11-05,Official general-election calendar; Texas 2024 date approved in Decision 011,Decision 011 / Rahan-confirmed 2024-11-05,outside_scope,2024,4,2829897,2829897,0,"[""ANDREWHORNING"", ""JIMBANKS"", ""OTHER"", ""VALERIEMCCRAY""]",excluded,outside_initial_calibration_scope,1097061,1659416,73420,0,true,"[""medsl:3824"", ""medsl:3825"", ""medsl:3826"", ""medsl:3827""]"
2024-MA-ordinary-general,MA,2024,ordinary,general,2024-11-05,Official general-election calendar; Texas 2024 date approved in Decision 011,Decision 011 / Rahan-confirmed 2024-11-05,outside_scope,2024,4,3512930,3413329,99601,"[""ELIZABETHANNWARREN"", ""JOHNDEATON"", ""OTHER""]",excluded,outside_initial_calibration_scope,2041668,1365440,6221,0,true,"[""medsl:3837"", ""medsl:3838"", ""medsl:3839"", ""medsl:3840""]"
2024-MD-ordinary-general,MD,2024,ordinary,general,2024-11-05,Official general-election calendar; Texas 2024 date approved in Decision 011,Decision 011 / Rahan-confirmed 2024-11-05,outside_scope,2024,4,3021378,3021378,0,"[""ANGELAALSOBROOKS"", ""LARRYHOGAN"", ""MIKESCOTT"", ""OTHER""]",excluded,outside_initial_calibration_scope,1650912,1294344,76122,0,true,"[""medsl:3833"", ""medsl:3834"", ""medsl:3835"", ""medsl:3836""]"
2024-ME-ordinary-general,ME,2024,ordinary,general,2024-11-05,Official general-election calendar; Texas 2024 date approved in Decision 011,Decision 011 / Rahan-confirmed 2024-11-05,outside_scope,2024,5,842447,821072,21375,"[""ANGUSSKINGJR"", ""DAVIDALLENCOSTELLO"", ""DEMIKOUZOUNAS"", ""JASONSCHERRY""]",excluded,outside_initial_calibration_scope,88875,284434,447763,0,true,"[""medsl:3828"", ""medsl:3829"", ""medsl:3830"", ""medsl:3831"", ""medsl:3832""]"
2024-MI-ordinary-general,MI,2024,ordinary,general,2024-11-05,Official general-election calendar; Texas 2024 date approved in Decision 011,Decision 011 / Rahan-confirmed 2024-11-05,outside_scope,2024,7,5577187,5577187,0,"[""DAVESTEIN"", ""DOUGDERN"", ""DOUGLASPMARSH"", ""ELISSASLOTKIN"", ""JOSEPHSOLISMULLEN"", ""MIKEROGERS"", ""OTHER""]",excluded,outside_initial_calibration_scope,2712686,2693680,170821,0,true,"[""medsl:3841"", ""medsl:3842"", ""medsl:3843"", ""medsl:3844"", ""medsl:3845"", ""medsl:3846"", ""medsl:3847""]"
2024-MN-ordinary-general,MN,2024,ordinary,general,2024-11-05,Official general-election calendar; Texas 2024 date approved in Decision 011,Decision 011 / Rahan-confirmed 2024-11-05,outside_scope,2024,5,3189323,3189323,0,"[""AMYKLOBUCHAR"", ""JOYCELYNNELACEY"", ""OTHER"", ""REBECCAWHITING"", ""ROYCEWHITE""]",excluded,outside_initial_calibration_scope,1792441,1291712,105170,0,true,"[""medsl:3848"", ""medsl:3849"", ""medsl:3850"", ""medsl:3851"", ""medsl:3852""]"
2024-MO-ordinary-general,MO,2024,ordinary,general,2024-11-05,Official general-election calendar; Texas 2024 date approved in Decision 011,Decision 011 / Rahan-confirmed 2024-11-05,outside_scope,2024,6,2972559,2972559,0,"[""JAREDYOUNG"", ""JOSHHAWLEY"", ""LUCASKUNCE"", ""NATHANKLINE"", ""OTHER"", ""WCYOUNG""]",excluded,outside_initial_calibration_scope,1243728,1651907,76924,0,true,"[""medsl:3855"", ""medsl:3856"", ""medsl:3857"", ""medsl:3858"", ""medsl:3859"", ""medsl:3860""]"
2024-MS-ordinary-general,MS,2024,ordinary,general,2024-11-05,Official general-election calendar; Texas 2024 date approved in Decision 011,Decision 011 / Rahan-confirmed 2024-11-05,outside_scope,2024,2,1215401,1215401,0,"[""ROGERFWICKER"", ""TYPINKINS""]",excluded,outside_initial_calibration_scope;unresolved_result_party;unresolved_result_sides,0,0,0,1215401,false,"[""medsl:3853"", ""medsl:3854""]"
2024-MT-ordinary-general,MT,2024,ordinary,general,2024-11-05,Official general-election calendar; Texas 2024 date approved in Decision 011,Decision 011 / Rahan-confirmed 2024-11-05,outside_scope,2024,4,607262,607262,0,"[""JONTESTER"", ""ROBERTBARB"", ""SIDDAOUD"", ""TIMSHEEHY""]",excluded,outside_initial_calibration_scope,276305,319682,11275,0,true,"[""medsl:3861"", ""medsl:3862"", ""medsl:3863"", ""medsl:3864""]"
2024-ND-ordinary-general,ND,2024,ordinary,general,2024-11-05,Official general-election calendar; Texas 2024 date approved in Decision 011,Decision 011 / Rahan-confirmed 2024-11-05,outside_scope,2024,3,364327,364327,0,"[""KATRINACHRISTIANSEN"", ""KEVINCRAMER"", ""OTHER""]",excluded,outside_initial_calibration_scope,121602,241569,1156,0,true,"[""medsl:3889"", ""medsl:3890"", ""medsl:3891""]"
2024-NE-ordinary-general,NE,2024,ordinary,general,2024-11-05,Official general-election calendar; Texas 2024 date approved in Decision 011,Decision 011 / Rahan-confirmed 2024-11-05,outside_scope,2024,3,938336,938336,0,"[""DANOSBORN"", ""DEBFISCHER"", ""OTHER""]",excluded,outside_initial_calibration_scope;missing_D_or_R_side,0,499124,439212,0,true,"[""medsl:3865"", ""medsl:3866"", ""medsl:3867""]"
2024-NE-special-general,NE,2024,special,general,2024-11-05,Official general-election calendar; Texas 2024 date approved in Decision 011,Decision 011 / Rahan-confirmed 2024-11-05,outside_scope,2024,2,935005,935005,0,"[""PETERICKETTS"", ""PRESTONLOVEJR""]",excluded,outside_initial_calibration_scope;unofficial_source_returns,349902,585103,0,0,true,"[""medsl:3868"", ""medsl:3869""]"
2024-NJ-ordinary-general,NJ,2024,ordinary,general,2024-11-05,Official general-election calendar; Texas 2024 date approved in Decision 011,Decision 011 / Rahan-confirmed 2024-11-05,outside_scope,2024,6,4031795,4031795,0,"[""ANDYKIM"", ""CHRISTINAKHALIL"", ""CURTISBASHAW"", ""JOANNEKUNIANSKY"", ""KENNETHRKAPLAN"", ""PATRICIAGMOONEYHAM""]",excluded,outside_initial_calibration_scope,2161491,1773589,96715,0,true,"[""medsl:3875"", ""medsl:3876"", ""medsl:3877"", ""medsl:3878"", ""medsl:3879"", ""medsl:3880""]"
2024-NM-ordinary-general,NM,2024,ordinary,general,2024-11-05,Official general-election calendar; Texas 2024 date approved in Decision 011,Decision 011 / Rahan-confirmed 2024-11-05,outside_scope,2024,2,903311,903311,0,"[""MARTINHEINRICH"", ""NELLALOUISEDOMENICI""]",excluded,outside_initial_calibration_scope,497333,405978,0,0,true,"[""medsl:3881"", ""medsl:3882""]"
2024-NV-ordinary-general,NV,2024,ordinary,general,2024-11-05,Official general-election calendar; Texas 2024 date approved in Decision 011,Decision 011 / Rahan-confirmed 2024-11-05,outside_scope,2024,5,1464728,,0,"[""CHRISCUNNINGHAM"", ""JACKYSROSEN"", ""JANINEHANSEN"", ""SAMBROWN""]",excluded,outside_initial_calibration_scope;unresolved_result_party;ballot_option_denominator_pending;unresolved_result_sides,0,0,0,1420348,false,"[""medsl:3870"", ""medsl:3871"", ""medsl:3872"", ""medsl:3873"", ""medsl:3874""]"
2024-NY-ordinary-general,NY,2024,ordinary,general,2024-11-05,Official general-election calendar; Texas 2024 date approved in Decision 011,Decision 011 / Rahan-confirmed 2024-11-05,outside_scope,2024,6,8381397,8011270,370127,"[""DIANESARE"", ""KIRSTENEGILLIBRAND"", ""MICHAELDSAPRAICONE"", ""OTHER""]",excluded,outside_initial_calibration_scope,4711669,3246690,52911,0,true,"[""medsl:3883"", ""medsl:3884"", ""medsl:3885"", ""medsl:3886"", ""medsl:3887"", ""medsl:3888""]"
2024-OH-ordinary-general,OH,2024,ordinary,general,2024-11-05,Official general-election calendar; Texas 2024 date approved in Decision 011,Decision 011 / Rahan-confirmed 2024-11-05,outside_scope,2024,4,5704620,5704620,0,"[""BERNIEMORENO"", ""DONKISSICK"", ""OTHER"", ""SHERRODBROWN""]",excluded,outside_initial_calibration_scope,2650949,2857383,196288,0,true,"[""medsl:3892"", ""medsl:3893"", ""medsl:3894"", ""medsl:3895""]"
2024-PA-ordinary-general,PA,2024,ordinary,general,2024-11-05,Official general-election calendar; Texas 2024 date approved in Decision 011,Decision 011 / Rahan-confirmed 2024-11-05,outside_scope,2024,5,6963137,6963137,0,"[""DAVEMCCORMICK"", ""JOHNCTHOMAS"", ""LEILAHAZOU"", ""MARTYSELKER"", ""ROBERTPCASEYJR""]",excluded,outside_initial_calibration_scope,3384180,3399295,179662,0,true,"[""medsl:3896"", ""medsl:3897"", ""medsl:3898"", ""medsl:3899"", ""medsl:3900""]"
2024-RI-ordinary-general,RI,2024,ordinary,general,2024-11-05,Official general-election calendar; Texas 2024 date approved in Decision 011,Decision 011 / Rahan-confirmed 2024-11-05,outside_scope,2024,3,491948,491948,0,"[""OTHER"", ""PATRICIAMORGAN"", ""SHELDONWHITEHOUSE""]",excluded,outside_initial_calibration_scope,294665,196039,1244,0,true,"[""medsl:3901"", ""medsl:3902"", ""medsl:3903""]"
2024-TN-ordinary-general,TN,2024,ordinary,general,2024-11-05,Official general-election calendar; Texas 2024 date approved in Decision 011,Decision 011 / Rahan-confirmed 2024-11-05,outside_scope,2024,5,3007608,3007608,0,"[""GLORIAJOHNSON"", ""HASTINAROBINSON"", ""MARSHABLACKBURN"", ""PAMELAJEANINEPMOSES"", ""THARONCHANDLER""]",excluded,outside_initial_calibration_scope,1027461,1918743,61404,0,true,"[""medsl:3904"", ""medsl:3905"", ""medsl:3906"", ""medsl:3907"", ""medsl:3908""]"
2024-TX-ordinary-general,TX,2024,ordinary,general,2024-11-05,Official general-election calendar; Texas 2024 date approved in Decision 011,Decision 011 / Rahan-confirmed 2024-11-05,initial_calibration,2024,4,11291854,11291854,0,"[""COLINALLRED"", ""OTHER"", ""TEDBROWN"", ""TEDCRUZ""]",eligible,,5031249,5990741,269864,0,true,"[""medsl:3909"", ""medsl:3910"", ""medsl:3911"", ""medsl:3912""]"
2024-UT-ordinary-general,UT,2024,ordinary,general,2024-11-05,Official general-election calendar; Texas 2024 date approved in Decision 011,Decision 011 / Rahan-confirmed 2024-11-05,outside_scope,2024,4,1463509,1463509,0,"[""CARLTONEBOWEN"", ""CAROLINEGLEICH"", ""JOHNCURTIS"", ""OTHER""]",excluded,outside_initial_calibration_scope,464515,914700,84294,0,true,"[""medsl:3913"", ""medsl:3914"", ""medsl:3915"", ""medsl:3916""]"
2024-VA-ordinary-general,VA,2024,ordinary,general,2024-11-05,Official general-election calendar; Texas 2024 date approved in Decision 011,Decision 011 / Rahan-confirmed 2024-11-05,outside_scope,2024,3,4445535,4445535,0,"[""HUNGCAO"", ""OTHER"", ""TIMOTHYMKAINE""]",excluded,outside_initial_calibration_scope,2417115,2019911,8509,0,true,"[""medsl:3926"", ""medsl:3927"", ""medsl:3928""]"
2024-VT-ordinary-general,VT,2024,ordinary,general,2024-11-05,Official general-election calendar; Texas 2024 date approved in Decision 011,Decision 011 / Rahan-confirmed 2024-11-05,outside_scope,2024,9,372885,363253,9632,"[""BERNIESANDERS"", ""GERALDMALLOY"", ""JUSTINSCHOVILLE"", ""MARKSTEWARTGREENSTEIN"", ""MATTHILL"", ""OTHER"", ""STEVEBERRY""]",excluded,outside_initial_calibration_scope;missing_D_or_R_side,0,116512,246741,0,true,"[""medsl:3917"", ""medsl:3918"", ""medsl:3919"", ""medsl:3920"", ""medsl:3921"", ""medsl:3922"", ""medsl:3923"", ""medsl:3924"", ""medsl:3925""]"
2024-WA-ordinary-general,WA,2024,ordinary,general,2024-11-05,Official general-election calendar; Texas 2024 date approved in Decision 011,Decision 011 / Rahan-confirmed 2024-11-05,outside_scope,2024,3,3812391,3812391,0,"[""DRRAULGARCIA"", ""MARIACANTWELL"", ""OTHER""]",excluded,outside_initial_calibration_scope;unofficial_source_returns,2252577,1549187,10627,0,true,"[""medsl:3929"", ""medsl:3930"", ""medsl:3931""]"
2024-WI-ordinary-general,WI,2024,ordinary,general,2024-11-05,Official general-election calendar; Texas 2024 date approved in Decision 011,Decision 011 / Rahan-confirmed 2024-11-05,outside_scope,2024,5,3390787,3390787,0,"[""ERICHOVDE"", ""OTHER"", ""PHILANDERSON"", ""TAMMYBALDWIN"", ""THOMASLEAGER""]",excluded,outside_initial_calibration_scope,1672777,1643996,74014,0,true,"[""medsl:3936"", ""medsl:3937"", ""medsl:3938"", ""medsl:3939"", ""medsl:3940""]"
2024-WV-ordinary-general,WV,2024,ordinary,general,2024-11-05,Official general-election calendar; Texas 2024 date approved in Decision 011,Decision 011 / Rahan-confirmed 2024-11-05,outside_scope,2024,4,747717,747717,0,"[""DAVIDMORAN"", ""GLENNELLIOTT"", ""JIMJUSTICE"", ""OTHER""]",excluded,outside_initial_calibration_scope,207548,514079,26090,0,true,"[""medsl:3932"", ""medsl:3933"", ""medsl:3934"", ""medsl:3935""]"
2024-WY-ordinary-general,WY,2024,ordinary,general,2024-11-05,Official general-election calendar; Texas 2024 date approved in Decision 011,Decision 011 / Rahan-confirmed 2024-11-05,outside_scope,2024,5,271123,264162,6961,"[""JOHNBARRASSO"", ""OTHER"", ""SCOTTDMORROW""]",excluded,outside_initial_calibration_scope,63727,198418,2017,0,true,"[""medsl:3941"", ""medsl:3942"", ""medsl:3943"", ""medsl:3944"", ""medsl:3945""]"
