tracker_row,race_id,poll_label,start_date,end_date,sample_size,population,dem_pct,rep_pct,other_raw,moe_raw,spread_raw,release_url,primary_verification,flags
1,2026-TX-US-SENATE-GENERAL,YouGov (in house),2026-09-28,2026-10-05,3625,LV,50.0,44.0,"Other 3, not sure 2, will not vote in this race 1",+/- 3%,Talarico +6,https://t.co/R9FoN2wOMM,pending,
2,2026-TX-US-SENATE-GENERAL,Fox News,2026-09-24,2026-09-28,881,LV,51.0,49.0,n/a,+/-3%,Talarico +2,https://www.foxnews.com/politics/fox-news-poll-its-lone-star-senate-showdown-between-talarico-paxton,pending,
3,2026-TX-US-SENATE-GENERAL,New York Times/Sienna,2026-09-21,2026-09-30,615,LV,49.0,43.0,"Other <.5, Unsure %",+/-4%,Talarico +6,https://www.nytimes.com/interactive/2026/10/03/polls/times-siena-texas-poll-toplines.html,pending,
4,2026-TX-US-SENATE-GENERAL,NPR/Marist,2026-09-17,2026-09-20,1139,RV,50.0,44.0,Other 2; Undecided 4,+/-4.4%,Talarico +6,https://data.ddhq.io/polls/2026/09/23/Marist-College-Texas,pending,
5,2026-TX-US-SENATE-GENERAL,TSU/YouGov,2026-09-15,2026-09-19,1800,LV,47.0,46.0,Brown 3; Unsure 4,+/-2.31%,Talarico +1,https://static1.squarespace.com/static/67aa7aa3e284b002cd6a420e/t/6ab15cb39e4cc420b9ef07f5/1790008500236/TSUSept2026_TXStatewideRaces.pdf?utm_source=newsletter&utm_medium=email&utm_campaign=newsletter_axioslocal_houston&stream=top,pending,
6,2026-TX-US-SENATE-GENERAL,Emerson College/Nexstar,2026-09-12,2026-09-14,1000,LV,47.0,46.0,Brown 2; Undecided 4.,+/-3.0%,Talarico +1,https://emersoncollegepolling.com/texas-2026-poll-talarico-and-paxton-in-dead-heat-abbott-maintains-edge/,pending,
7,2026-TX-US-SENATE-GENERAL,Recon MR,2026-09-08,2026-09-11,614,LV,49.0,43.0,Someone else 3; Wouldn't vote 1; DK 4,+/-4.3%,Talarico +6,https://reconmr.com/wp-content/uploads/2026/09/ReconMR-Texas-Poll-September-Crosstabs.pdf,pending,
8,2026-TX-US-SENATE-GENERAL,NBC News/Mason-Dixon,2026-09-08,2026-09-10,625,LV,46.0,43.0,other/undecided 11,+/- 4.0,Talarico + 3,https://www.nbcnews.com/politics/2026-election/texas-poll-james-talarico-holds-narrow-advantage-senate-greg-abbott-le-rcna598432,pending,
9,2026-TX-US-SENATE-GENERAL,AARP Texas Voter Survey,2026-08-30,2026-09-01,895,LV,49.0,44.0,Other 0; Undecided 8,+/-3.0%,Talarico +4,https://data.ddhq.io/polls/2026/09/10/Fabrizio-Ward/Impact-Research/AARP-Texas-2026-08-30-2026-09-01,pending,spread_mismatch
10,2026-TX-US-SENATE-GENERAL,Televisa/Univision,2026-08-27,2026-09-04,1000,RV,48.0,43.0,Other 1; DK 7,+/- 3.6%,Talarico +5,https://st1.uvnimg.com/3f/4b/1bfa5e5a4df9b60581e66d97973b/univision-texas-poll-crosstabs-base.pdf,pending,
11,2026-TX-US-SENATE-GENERAL,UT/Texas Politics Project,2026-08-05,2026-08-13,1200,RV,42.0,39.0,Brown 3; someone else/dk 15,+/-2.8%,Talarico +3,https://texaspolitics.utexas.edu/blog/new-ut-texas-politics-project-poll-finds-talarico-leading-paxton-abbott-leading-hinojosa-continued-resistance-to-data-centers-2,pending,
12,2026-TX-US-SENATE-GENERAL,Emerson College,2026-08-09,2026-08-10,1000,LV,46.0,47.0,Someone else 2; Unsure 5.,+/-3.0%,Paxton +1,https://emersoncollegepolling.com/texas-2026-poll-paxton-and-talarico/,pending,
13,2026-TX-US-SENATE-GENERAL,Bush School/Recon MR,2026-07-27,2026-07-30,619,LV,47.0,43.0,Unsure/someone else 10,+/-4.7%,Talarico +4,https://reconmr.com/wp-content/uploads/2026/08/TXP002-Texas-Pulse-Texas-AM-Bush-School-Crosstabs.pdf,pending,
14,2026-TX-US-SENATE-GENERAL,TSU/YouGov,2026-07-27,2026-07-30,1200,LV,47.0,45.0,"Brown 2, unsure/someone else 6",+/-2.8%,Talarico +2,https://static1.squarespace.com/static/67aa7aa3e284b002cd6a420e/t/6a713767d4ed824b91ea090d/1785804647961/Texas+Statewide+August2026.pdf,pending,
15,2026-TX-US-SENATE-GENERAL,FOX News,2026-07-23,2026-07-27,1006,RV,51.0,48.0,Unsure/someone else 1,+/-3.0%,Talarico +3,https://www.foxnews.com/politics/fox-news-poll-gop-divisions-shape-texas-senate-race,pending,
16,2026-TX-US-SENATE-GENERAL,NY Times/Siena,2026-06-19,2026-06-27,656,LV,47.0,47.0,Unsure/someone else 7,+/-4.5%,Even,https://www.nytimes.com/interactive/2026/07/01/polls/times-siena-texas-poll-crosstabs.html,pending,
17,2026-TX-US-SENATE-GENERAL,UT/Texas Politics Project,2026-06-05,2026-06-12,1200,RV,42.0,43.0,"Brown 3, Unsure/someone else 7",+/-2.8%,Paxton +1,https://texaspolitics.utexas.edu/blog/june-poll-finds-a-competitive-u-s-senate-race-in-texas-amid-continuing-economic-concerns-data-center-backlash,pending,
18,2026-TX-US-SENATE-GENERAL,Quantus Insights,2026-06-03,2026-06-04,800,LV,43.0,45.0,"Someone else 4, unsure 7",+/-3.5%,Paxton +2,https://quantusinsights.org/f/texas-republicans-lead-statewide-senate-race-starts-close,pending,
19,2026-TX-US-SENATE-GENERAL,Bush School/Recon MR,2026-06-01,2026-06-04,807,LV,46.0,46.0,Someone else/unsure 9,+/-4.0%,Even,https://reconmr.com/wp-content/uploads/2026/06/TXPLV-Crosstabs-1.pdf,pending,
